file,area,brightness,centroid_x,centroid_y
nasa_image_0.png,12.0,2048,173.5,3.5
nasa_image_0.png,9916.0,1716672,155.11163775716014,55.72670431625656
nasa_image_0.png,12.0,2154,294.75,22.333333333333332
nasa_image_0.png,1.0,130,96.0,39.0
nasa_image_0.png,1.0,136,260.0,46.0
nasa_image_0.png,4.0,580,307.5,47.5
nasa_image_0.png,1.0,129,66.0,58.0
nasa_image_0.png,4.0,594,246.5,67.5
nasa_image_0.png,3.0,408,103.0,79.0
nasa_image_0.png,1.0,129,151.0,84.0
nasa_image_0.png,6.0,782,135.5,93.5
nasa_image_0.png,336.0,49371,161.0922619047619,112.55654761904762
nasa_image_0.png,1.0,130,101.0,103.0
nasa_image_0.png,2.0,259,215.5,103.5
nasa_image_0.png,5.0,681,156.4,124.2
nasa_image_0.png,2.0,259,21.0,126.5
nasa_image_0.png,2.0,258,177.5,130.0
nasa_image_0.png,311.0,43114,163.7524115755627,151.524115755627
nasa_image_0.png,3.0,389,191.0,137.0
nasa_image_0.png,3.0,414,234.33333333333334,147.66666666666666
nasa_image_0.png,2569.0,412009,378.23627870766836,193.00467107824056
nasa_image_0.png,42.0,5923,186.42857142857142,165.16666666666666
nasa_image_0.png,1.0,129,376.0,172.0
nasa_image_0.png,1.0,129,353.0,174.0
nasa_image_0.png,2.0,262,159.0,177.5
nasa_image_0.png,3.0,414,0.0,186.0
nasa_image_0.png,396.0,56478,153.76767676767676,212.4747474747475
nasa_image_0.png,15.0,2526,204.46666666666667,194.13333333333333
nasa_image_0.png,22.0,3662,215.8181818181818,206.45454545454547
nasa_image_0.png,19.0,2599,165.26315789473685,215.47368421052633
nasa_image_0.png,8.0,1275,444.875,216.875
nasa_image_0.png,9.0,1176,123.22222222222223,220.22222222222223
nasa_image_0.png,3.0,423,70.33333333333333,218.33333333333334
nasa_image_0.png,3.0,393,25.666666666666668,219.66666666666666
nasa_image_0.png,1.0,130,23.0,223.0
nasa_image_0.png,1.0,129,327.0,224.0
nasa_image_0.png,127.0,16785,125.79527559055119,247.23622047244095
nasa_image_0.png,8.0,1091,427.375,242.0
nasa_image_0.png,145.0,23026,178.5448275862069,248.73793103448276
nasa_image_0.png,9.0,1361,70.44444444444444,245.88888888888889
nasa_image_0.png,103.0,13803,151.10679611650485,262.20388349514565
nasa_image_0.png,3.0,399,428.0,247.0
nasa_image_0.png,26358.0,3891454,199.90204112603385,373.3480537218302
nasa_image_0.png,2.0,260,155.0,254.5
nasa_image_0.png,3.0,406,91.33333333333333,262.3333333333333
nasa_image_0.png,2.0,288,236.5,264.0
nasa_image_0.png,2.0,259,415.0,274.5
nasa_image_0.png,4.0,519,144.25,279.0
nasa_image_0.png,3.0,467,355.3333333333333,278.3333333333333
nasa_image_0.png,7532.0,1090986,454.28518321826874,351.6682156133829
nasa_image_0.png,25.0,3879,200.56,284.4
nasa_image_0.png,2.0,258,95.0,286.5
nasa_image_0.png,1.0,130,188.0,288.0
nasa_image_0.png,2.0,258,95.5,289.0
nasa_image_0.png,4.0,596,598.5,289.5
nasa_image_0.png,2.0,258,95.0,292.5
nasa_image_0.png,1.0,129,201.0,292.0
nasa_image_0.png,6.0,868,449.3333333333333,294.1666666666667
nasa_image_0.png,6.0,786,95.16666666666667,296.3333333333333
nasa_image_0.png,26.0,4384,558.4615384615385,302.96153846153845
nasa_image_0.png,4.0,517,220.5,308.5
nasa_image_0.png,3.0,402,385.3333333333333,308.3333333333333
nasa_image_0.png,4.0,533,260.5,323.5
nasa_image_0.png,18.0,2332,232.0,330.94444444444446
nasa_image_0.png,8.0,1035,223.875,334.875
nasa_image_0.png,2.0,266,85.0,334.5
nasa_image_0.png,3.0,392,219.0,336.0
nasa_image_0.png,1.0,131,570.0,336.0
nasa_image_0.png,1.0,129,292.0,340.0
nasa_image_0.png,3.0,387,486.0,343.0
nasa_image_0.png,1.0,129,484.0,345.0
nasa_image_0.png,5.0,773,619.8,345.4
nasa_image_0.png,9.0,1165,271.0,347.0
nasa_image_0.png,3.0,387,278.6666666666667,346.6666666666667
nasa_image_0.png,2.0,258,249.5,352.0
nasa_image_0.png,6.0,787,260.5,352.3333333333333
nasa_image_0.png,1.0,130,66.0,357.0
nasa_image_0.png,2.0,263,276.5,375.0
nasa_image_0.png,3.0,389,465.0,378.0
nasa_image_0.png,1.0,129,421.0,382.0
nasa_image_0.png,4.0,663,519.25,393.0
nasa_image_0.png,94.0,13076,88.44680851063829,404.3829787234043
nasa_image_0.png,5.0,885,339.4,399.8
nasa_image_0.png,36.0,4917,69.58333333333333,404.02777777777777
nasa_image_0.png,3.0,425,609.3333333333334,402.6666666666667
nasa_image_0.png,29.0,3782,108.20689655172414,406.6896551724138
nasa_image_0.png,40.0,5371,416.825,413.325
nasa_image_0.png,1.0,133,536.0,407.0
nasa_image_0.png,1.0,132,468.0,408.0
nasa_image_0.png,1.0,129,181.0,412.0
nasa_image_0.png,2.0,258,185.5,419.0
nasa_image_0.png,6.0,775,443.5,421.0
nasa_image_0.png,5.0,646,188.6,424.0
nasa_image_0.png,12.0,1566,183.91666666666666,429.3333333333333
nasa_image_0.png,26.0,3392,531.3846153846154,434.15384615384613
nasa_image_0.png,18.0,2327,538.3333333333334,438.72222222222223
nasa_image_0.png,9.0,1164,532.6666666666666,441.44444444444446
nasa_image_0.png,1.0,131,529.0,440.0
nasa_image_0.png,1.0,129,140.0,443.0
nasa_image_0.png,4.0,628,332.0,444.25
nasa_image_0.png,17.0,2242,531.4117647058823,448.4117647058824
nasa_image_0.png,268.0,36528,96.51865671641791,458.6231343283582
nasa_image_0.png,1.0,129,179.0,452.0
nasa_image_0.png,95.0,12895,542.5368421052632,460.6
nasa_image_0.png,1.0,130,487.0,460.0
nasa_image_0.png,2.0,258,171.5,463.5
nasa_image_1.png,24.0,5102,12.5,8.583333333333334
nasa_image_1.png,26.0,5075,20.884615384615383,8.923076923076923
nasa_image_1.png,22.0,4200,29.454545454545453,8.5
nasa_image_1.png,19.0,3596,40.63157894736842,8.578947368421053
nasa_image_1.png,24.0,4431,47.041666666666664,8.583333333333334
nasa_image_1.png,22.0,4015,53.63636363636363,9.0
nasa_image_1.png,19.0,3429,60.21052631578947,8.421052631578947
nasa_image_1.png,34.0,6227,189.2941176470588,8.382352941176471
nasa_image_1.png,25.0,4898,197.56,9.0
nasa_image_1.png,21.0,3988,205.66666666666666,8.380952380952381
nasa_image_1.png,20.0,3590,217.45,8.95
nasa_image_1.png,18.0,3415,223.5,8.555555555555555
nasa_image_1.png,22.0,4145,229.9090909090909,8.5
nasa_image_1.png,21.0,3655,236.8095238095238,8.666666666666666
nasa_image_1.png,30.0,5761,364.8666666666667,8.566666666666666
nasa_image_1.png,27.0,5094,373.7037037037037,8.555555555555555
nasa_image_1.png,22.0,3981,381.6363636363636,8.818181818181818
nasa_image_1.png,25.0,4637,392.96,8.92
nasa_image_1.png,22.0,4044,400.0,8.772727272727273
nasa_image_1.png,11.0,2204,406.54545454545456,7.909090909090909
nasa_image_1.png,170.0,25174,93.5,16.0
nasa_image_1.png,344.0,53072,137.25,144.75
nasa_image_1.png,344.0,52199,227.75,144.75
nasa_image_1.png,168.0,23943,270.5,16.0
nasa_image_1.png,2.0,288,356.0,16.5
nasa_image_1.png,765.0,114034,449.03137254901964,94.13464052287581
nasa_image_1.png,1.0,132,356.0,22.0
nasa_image_1.png,2.0,259,456.5,31.0
nasa_image_1.png,2.0,260,472.5,31.0
nasa_image_1.png,1.0,131,479.0,31.0
nasa_image_1.png,1.0,129,484.0,32.0
nasa_image_1.png,3.0,391,474.3333333333333,34.333333333333336
nasa_image_1.png,1354.0,194376,434.05539143279174,51.694977843426884
nasa_image_1.png,4.0,609,496.25,42.0
nasa_image_1.png,2176.0,346539,282.31617647058823,95.71599264705883
nasa_image_1.png,3.0,394,436.0,66.0
nasa_image_1.png,1.0,129,397.0,68.0
nasa_image_1.png,3.0,394,356.0,70.0
nasa_image_1.png,2.0,260,399.0,70.5
nasa_image_1.png,3.0,387,393.0,72.0
nasa_image_1.png,291.0,45035,126.00687285223368,92.84192439862542
nasa_image_1.png,3.0,391,430.6666666666667,84.66666666666667
nasa_image_1.png,10.0,1318,425.4,86.3
nasa_image_1.png,1.0,129,447.0,88.0
nasa_image_1.png,1.0,134,521.0,92.0
nasa_image_1.png,5.0,693,374.2,99.2
nasa_image_1.png,2.0,266,120.0,119.5
nasa_image_1.png,40.0,5885,124.325,126.85
nasa_image_1.png,4.0,546,106.5,128.0
nasa_image_1.png,6.0,788,252.33333333333334,135.33333333333334
nasa_image_1.png,344.0,55073,137.25,236.25
nasa_image_1.png,8568.0,1368097,263.8702147525677,313.76482259570497
nasa_image_1.png,686.0,104407,446.75072886297374,278.99854227405245
nasa_image_1.png,5.0,722,469.8,205.6
nasa_image_1.png,2.0,269,409.0,251.5
nasa_image_1.png,1.0,129,295.0,253.0
nasa_image_1.png,2.0,259,415.0,254.5
nasa_image_1.png,13.0,1685,289.53846153846155,257.0769230769231
nasa_image_1.png,2.0,275,411.5,256.0
nasa_image_1.png,2.0,277,89.5,258.0
nasa_image_1.png,9.0,1167,281.3333333333333,259.55555555555554
nasa_image_1.png,2236.0,366041,427.3783542039356,283.5460644007156
nasa_image_1.png,3.0,389,306.3333333333333,262.6666666666667
nasa_image_1.png,4.0,540,310.5,262.5
nasa_image_1.png,3.0,397,232.0,263.0
nasa_image_1.png,3.0,399,215.66666666666666,270.0
nasa_image_1.png,2.0,258,306.5,269.0
nasa_image_1.png,2.0,262,220.5,271.0
nasa_image_1.png,2.0,262,239.0,272.5
nasa_image_1.png,4.0,519,244.0,272.25
nasa_image_1.png,2.0,261,312.0,272.5
nasa_image_1.png,1.0,130,215.0,279.0
nasa_image_1.png,1.0,131,239.0,279.0
nasa_image_1.png,1.0,129,217.0,283.0
nasa_image_1.png,7.0,950,220.0,288.0
nasa_image_1.png,6.0,777,315.0,292.5
nasa_image_1.png,7.0,940,222.28571428571428,295.7142857142857
nasa_image_1.png,1.0,129,394.0,299.0
nasa_image_1.png,1.0,129,215.0,303.0
nasa_image_1.png,1.0,129,436.0,303.0
nasa_image_1.png,1.0,129,215.0,306.0
nasa_image_1.png,1016.0,172631,109.85728346456693,329.380905511811
nasa_image_1.png,1.0,129,210.0,319.0
nasa_image_1.png,2.0,260,367.0,321.5
nasa_image_1.png,2.0,274,365.0,323.5
nasa_image_1.png,3.0,392,209.0,327.0
nasa_image_1.png,1.0,132,188.0,333.0
nasa_image_1.png,3.0,389,201.66666666666666,335.6666666666667
nasa_image_1.png,1.0,130,319.0,335.0
nasa_image_1.png,5.0,747,146.8,336.4
nasa_image_1.png,3.0,395,192.66666666666666,342.6666666666667
nasa_image_1.png,1.0,129,210.0,343.0
nasa_image_1.png,2.0,260,210.0,350.5
nasa_image_1.png,1.0,130,208.0,352.0
nasa_image_1.png,15.0,2068,205.0,355.0
nasa_image_1.png,2.0,260,296.0,353.5
nasa_image_1.png,1.0,132,9.0,361.0
nasa_image_1.png,171.0,24131,93.00584795321637,364.99415204678365
nasa_image_1.png,25.0,5165,12.6,371.84
nasa_image_1.png,26.0,5065,21.153846153846153,371.88461538461536
nasa_image_1.png,20.0,3917,29.4,372.1
nasa_image_1.png,24.0,4413,40.166666666666664,371.9166666666667
nasa_image_1.png,23.0,4269,47.08695652173913,372.04347826086956
nasa_image_1.png,23.0,3905,53.608695652173914,372.04347826086956
nasa_image_1.png,25.0,4607,59.84,371.68
nasa_image_1.png,29.0,5505,189.10344827586206,371.55172413793105
nasa_image_1.png,28.0,5195,197.28571428571428,372.0357142857143
nasa_image_1.png,22.0,4227,205.77272727272728,371.77272727272725
nasa_image_1.png,18.0,3520,217.22222222222223,372.0
nasa_image_1.png,25.0,4464,223.56,371.88
nasa_image_1.png,24.0,4281,230.04166666666666,372.5
nasa_image_1.png,22.0,4172,235.95454545454547,372.0
nasa_image_1.png,30.0,5686,364.8666666666667,371.6666666666667
nasa_image_1.png,28.0,5251,373.67857142857144,371.89285714285717
nasa_image_1.png,23.0,4171,381.82608695652175,372.04347826086956
nasa_image_1.png,21.0,3857,393.04761904761904,372.42857142857144
nasa_image_1.png,21.0,3937,400.04761904761904,371.8095238095238
nasa_image_1.png,21.0,3948,406.0952380952381,371.8095238095238
nasa_image_1.png,15.0,2938,413.2,371.93333333333334
nasa_image_2.png,1.0,131,252.0,24.0
nasa_image_2.png,1.0,133,242.0,27.0
nasa_image_2.png,1.0,129,232.0,31.0
nasa_image_2.png,12.0,1798,326.5,37.333333333333336
nasa_image_2.png,1.0,142,319.0,38.0
nasa_image_2.png,2.0,287,176.5,46.0
nasa_image_2.png,25.0,3488,215.2,54.64
nasa_image_2.png,1.0,132,273.0,55.0
nasa_image_2.png,5.0,661,289.4,55.2
nasa_image_2.png,1.0,130,295.0,56.0
nasa_image_2.png,4.0,534,291.5,57.5
nasa_image_2.png,4.0,540,371.0,57.5
nasa_image_2.png,44.0,6722,200.0,60.29545454545455
nasa_image_2.png,2.0,260,278.5,58.0
nasa_image_2.png,1.0,129,275.0,59.0
nasa_image_2.png,1.0,130,223.0,62.0
nasa_image_2.png,4.0,605,238.5,62.0
nasa_image_2.png,3.0,397,226.0,63.0
nasa_image_2.png,3.0,407,376.0,63.0
nasa_image_2.png,15.0,2076,188.33333333333334,65.13333333333334
nasa_image_2.png,1.0,132,231.0,64.0
nasa_image_2.png,1.0,137,393.0,65.0
nasa_image_2.png,80.0,12408,123.3875,72.725
nasa_image_2.png,5.0,695,312.8,67.6
nasa_image_2.png,19.0,2957,137.10526315789474,69.3157894736842
nasa_image_2.png,7.0,1013,321.85714285714283,68.85714285714286
nasa_image_2.png,3.0,397,178.66666666666666,69.66666666666667
nasa_image_2.png,6.0,857,309.5,69.66666666666667
nasa_image_2.png,2.0,264,181.5,70.5
nasa_image_2.png,10.0,1470,176.1,73.2
nasa_image_2.png,2.0,279,254.5,72.0
nasa_image_2.png,17.0,2423,291.8235294117647,73.41176470588235
nasa_image_2.png,3.0,415,340.0,73.0
nasa_image_2.png,2.0,269,379.5,73.0
nasa_image_2.png,13.0,1810,156.07692307692307,75.23076923076923
nasa_image_2.png,14.0,1986,232.5,75.5
nasa_image_2.png,1.0,136,245.0,74.0
nasa_image_2.png,5.0,700,330.2,74.4
nasa_image_2.png,4.0,553,188.0,75.5
nasa_image_2.png,1.0,136,191.0,75.0
nasa_image_2.png,4.0,537,309.0,75.25
nasa_image_2.png,3.0,416,402.3333333333333,75.66666666666667
nasa_image_2.png,5.0,697,213.0,76.0
nasa_image_2.png,5.0,742,272.8,76.4
nasa_image_2.png,7.0,955,284.14285714285717,76.85714285714286
nasa_image_2.png,12.0,1604,299.9166666666667,78.33333333333333
nasa_image_2.png,1.0,132,345.0,76.0
nasa_image_2.png,2.0,259,391.5,76.5
nasa_image_2.png,11.0,1689,278.1818181818182,78.63636363636364
nasa_image_2.png,10.0,1417,251.0,80.1
nasa_image_2.png,15.0,2124,350.06666666666666,79.4
nasa_image_2.png,2.0,267,194.5,79.0
nasa_image_2.png,1.0,133,244.0,79.0
nasa_image_2.png,1.0,138,312.0,79.0
nasa_image_2.png,4.0,544,382.0,79.5
nasa_image_2.png,10.0,1431,387.6,79.8
nasa_image_2.png,1.0,131,310.0,80.0
nasa_image_2.png,1.0,138,335.0,80.0
nasa_image_2.png,9.0,1226,395.55555555555554,81.77777777777777
nasa_image_2.png,2.0,262,167.0,81.5
nasa_image_2.png,5.0,647,295.6,82.2
nasa_image_2.png,4.0,529,268.5,82.5
nasa_image_2.png,3.0,402,291.0,82.0
nasa_image_2.png,1.0,136,383.0,82.0
nasa_image_2.png,1.0,129,227.0,83.0
nasa_image_2.png,13.0,2002,261.84615384615387,83.76923076923077
nasa_image_2.png,4.0,525,324.5,83.5
nasa_image_2.png,1.0,130,392.0,83.0
nasa_image_2.png,1.0,129,239.0,84.0
nasa_image_2.png,20.0,2758,280.25,85.0
nasa_image_2.png,7.0,989,376.57142857142856,84.42857142857143
nasa_image_2.png,16.0,2390,401.1875,85.125
nasa_image_2.png,1.0,132,429.0,84.0
nasa_image_2.png,2.0,264,112.5,85.0
nasa_image_2.png,2.0,272,159.5,85.0
nasa_image_2.png,1.0,129,218.0,85.0
nasa_image_2.png,3.0,410,246.66666666666666,85.33333333333333
nasa_image_2.png,6.0,808,289.0,85.83333333333333
nasa_image_2.png,1.0,137,333.0,85.0
nasa_image_2.png,4.0,549,358.25,85.25
nasa_image_2.png,7.0,962,412.7142857142857,85.71428571428571
nasa_image_2.png,1.0,129,416.0,85.0
nasa_image_2.png,1.0,140,424.0,85.0
nasa_image_2.png,38.0,5580,448.8421052631579,87.02631578947368
nasa_image_2.png,2.0,273,235.5,86.0
nasa_image_2.png,7.0,964,254.57142857142858,87.42857142857143
nasa_image_2.png,3.0,400,138.33333333333334,87.33333333333333
nasa_image_2.png,1.0,132,159.0,87.0
nasa_image_2.png,1.0,129,209.0,87.0
nasa_image_2.png,26.0,3916,267.9230769230769,88.61538461538461
nasa_image_2.png,5.0,689,370.6,88.2
nasa_image_2.png,1.0,135,101.0,88.0
nasa_image_2.png,9.0,1379,124.33333333333333,89.55555555555556
nasa_image_2.png,15.0,2243,223.0,88.8
nasa_image_2.png,16.0,2244,354.25,89.75
nasa_image_2.png,75.0,10738,371.9066666666667,92.84
nasa_image_2.png,3.0,407,387.6666666666667,88.33333333333333
nasa_image_2.png,2.0,269,439.0,88.5
nasa_image_2.png,15.0,2130,237.2,90.33333333333333
nasa_image_2.png,2.0,261,247.5,89.0
nasa_image_2.png,5.0,683,295.8,89.6
nasa_image_2.png,15.0,2126,323.0,90.26666666666667
nasa_image_2.png,2.0,287,334.5,89.0
nasa_image_2.png,13.0,1874,458.15384615384613,90.15384615384616
nasa_image_2.png,2.0,262,194.5,90.0
nasa_image_2.png,3.0,425,230.0,90.0
nasa_image_2.png,1.0,129,174.0,91.0
nasa_image_2.png,1.0,129,360.0,92.0
nasa_image_2.png,2.0,270,412.5,92.0
nasa_image_2.png,3.0,400,462.6666666666667,92.66666666666667
nasa_image_2.png,9.0,1263,168.66666666666666,94.0
nasa_image_2.png,80.0,11283,181.8,99.85
nasa_image_2.png,1.0,134,231.0,93.0
nasa_image_2.png,2.0,260,347.5,93.0
nasa_image_2.png,1.0,133,210.0,94.0
nasa_image_2.png,3.0,393,216.0,94.0
nasa_image_2.png,7.0,955,220.14285714285714,95.0
nasa_image_2.png,4.0,532,275.0,94.5
nasa_image_2.png,26.0,3591,290.7692307692308,95.5
nasa_image_2.png,65.0,9033,305.73846153846154,99.66153846153846
nasa_image_2.png,5.0,698,315.8,94.6
nasa_image_2.png,12.0,1687,472.1666666666667,95.66666666666667
nasa_image_2.png,4.0,546,338.75,95.75
nasa_image_2.png,6.0,829,358.0,95.5
nasa_image_2.png,16.0,2191,152.75,97.5
nasa_image_2.png,72.0,10362,224.02777777777777,100.90277777777777
nasa_image_2.png,9.0,1241,238.33333333333334,97.11111111111111
nasa_image_2.png,40.0,5375,275.2,98.85
nasa_image_2.png,1.0,129,279.0,96.0
nasa_image_2.png,7.0,943,312.2857142857143,97.14285714285714
nasa_image_2.png,1.0,133,320.0,96.0
nasa_image_2.png,2.0,293,460.5,96.0
nasa_image_2.png,3.0,408,502.0,96.66666666666667
nasa_image_2.png,8.0,1147,145.25,98.125
nasa_image_2.png,6.0,842,160.16666666666666,97.33333333333333
nasa_image_2.png,111.0,16275,199.95495495495496,101.90990990990991
nasa_image_2.png,3.0,399,250.0,97.0
nasa_image_2.png,1.0,135,264.0,97.0
nasa_image_2.png,1.0,130,327.0,97.0
nasa_image_2.png,7.0,968,350.57142857142856,97.85714285714286
nasa_image_2.png,4.0,614,465.5,97.5
nasa_image_2.png,1.0,134,333.0,98.0
nasa_image_2.png,4.0,527,360.75,98.75
nasa_image_2.png,8.0,1180,366.0,98.625
nasa_image_2.png,1.0,132,377.0,98.0
nasa_image_2.png,30.0,4288,386.2,99.4
nasa_image_2.png,3.0,409,434.6666666666667,98.33333333333333
nasa_image_2.png,3.0,404,173.0,99.0
nasa_image_2.png,2.0,276,299.5,99.0
nasa_image_2.png,5.0,699,423.0,99.0
nasa_image_2.png,1.0,133,92.0,100.0
nasa_image_2.png,13.0,1888,129.53846153846155,102.07692307692308
nasa_image_2.png,6.0,815,243.0,100.5
nasa_image_2.png,15.0,2119,252.86666666666667,102.6
nasa_image_2.png,2.0,264,296.5,100.0
nasa_image_2.png,3.0,396,356.6666666666667,100.66666666666667
nasa_image_2.png,5.0,700,442.0,100.0
nasa_image_2.png,8.0,1163,450.0,101.0
nasa_image_2.png,12.0,1775,155.16666666666666,102.41666666666667
nasa_image_2.png,48.0,6963,288.9583333333333,103.33333333333333
nasa_image_2.png,5.0,689,337.2,101.6
nasa_image_2.png,2.0,275,208.0,102.5
nasa_image_2.png,4.0,542,259.0,102.75
nasa_image_2.png,27.0,3956,318.55555555555554,103.55555555555556
nasa_image_2.png,1.0,135,328.0,102.0
nasa_image_2.png,1.0,130,386.0,102.0
nasa_image_2.png,14.0,1927,362.85714285714283,104.57142857142857
nasa_image_2.png,5.0,677,378.0,104.0
nasa_image_2.png,2.0,275,402.5,103.0
nasa_image_2.png,1.0,131,468.0,103.0
nasa_image_2.png,39.0,5688,142.12820512820514,106.82051282051282
nasa_image_2.png,9.0,1321,217.66666666666666,105.22222222222223
nasa_image_2.png,2.0,272,236.5,104.0
nasa_image_2.png,1.0,129,247.0,104.0
nasa_image_2.png,3.0,411,346.0,104.0
nasa_image_2.png,10.0,1372,371.2,105.2
nasa_image_2.png,4.0,547,406.5,104.75
nasa_image_2.png,4.0,524,233.0,105.75
nasa_image_2.png,5.0,683,255.8,105.6
nasa_image_2.png,7.0,934,264.2857142857143,106.57142857142857
nasa_image_2.png,2.0,265,330.5,105.0
nasa_image_2.png,4.0,540,353.5,105.5
nasa_image_2.png,23.0,3454,418.17391304347825,106.52173913043478
nasa_image_2.png,2.0,269,480.5,105.0
nasa_image_2.png,1.0,134,96.0,106.0
nasa_image_2.png,4.0,571,125.5,106.5
nasa_image_2.png,10.0,1400,159.8,107.7
nasa_image_2.png,10.0,1393,225.3,107.0
nasa_image_2.png,46.0,7004,276.45652173913044,108.5
nasa_image_2.png,1.0,132,326.0,106.0
nasa_image_2.png,12.0,1773,336.5,107.0
nasa_image_2.png,20.0,2839,435.5,107.35
nasa_image_2.png,2.0,260,170.5,107.0
nasa_image_2.png,133.0,18563,310.98496240601503,111.0375939849624
nasa_image_2.png,3.0,398,342.0,107.0
nasa_image_2.png,52.0,7414,399.3076923076923,112.17307692307692
nasa_image_2.png,2.0,274,186.5,108.0
nasa_image_2.png,4.0,569,191.0,108.25
nasa_image_2.png,1.0,129,242.0,108.0
nasa_image_2.png,2.0,268,245.5,108.0
nasa_image_2.png,1.0,130,291.0,108.0
nasa_image_2.png,3.0,416,345.3333333333333,108.66666666666667
nasa_image_2.png,9.0,1337,472.55555555555554,108.88888888888889
nasa_image_2.png,5.0,670,144.8,109.4
nasa_image_2.png,8.0,1080,201.625,109.375
nasa_image_2.png,52.0,7472,212.53846153846155,112.92307692307692
nasa_image_2.png,1.0,132,220.0,109.0
nasa_image_2.png,6.0,783,236.5,110.0
nasa_image_2.png,38.0,5290,259.7105263157895,110.52631578947368
nasa_image_2.png,11.0,1608,330.27272727272725,110.36363636363636
nasa_image_2.png,2.0,297,371.5,109.0
nasa_image_2.png,4.0,537,409.5,109.0
nasa_image_2.png,7.0,1002,467.14285714285717,109.71428571428571
nasa_image_2.png,12.0,1957,494.8333333333333,110.41666666666667
nasa_image_2.png,13.0,1862,183.92307692307693,111.92307692307692
nasa_image_2.png,9.0,1202,228.22222222222223,111.66666666666667
nasa_image_2.png,2.0,282,232.5,110.0
nasa_image_2.png,97.0,13902,343.4329896907216,114.26804123711341
nasa_image_2.png,2.0,264,377.5,110.0
nasa_image_2.png,13.0,1858,426.84615384615387,110.92307692307692
nasa_image_2.png,2.0,266,503.5,110.5
nasa_image_2.png,1.0,130,115.0,111.0
nasa_image_2.png,1.0,130,155.0,111.0
nasa_image_2.png,1.0,132,158.0,111.0
nasa_image_2.png,1.0,129,180.0,111.0
nasa_image_2.png,6.0,807,363.8333333333333,112.0
nasa_image_2.png,5.0,706,373.8,111.6
nasa_image_2.png,3.0,396,404.0,111.0
nasa_image_2.png,2.0,267,438.5,111.0
nasa_image_2.png,3.0,405,443.0,111.0
nasa_image_2.png,1.0,131,87.0,112.0
nasa_image_2.png,1.0,131,117.0,112.0
nasa_image_2.png,7.0,982,134.71428571428572,112.57142857142857
nasa_image_2.png,10.0,1437,166.7,113.1
nasa_image_2.png,7.0,1007,173.0,113.0
nasa_image_2.png,137401.0,25602397,308.43426175937583,292.3324502732877
nasa_image_2.png,5.0,657,408.6,112.6
nasa_image_2.png,2.0,266,83.5,113.5
nasa_image_2.png,2.0,267,275.5,113.0
nasa_image_2.png,1.0,133,336.0,113.0
nasa_image_2.png,7.0,947,414.2857142857143,113.57142857142857
nasa_image_2.png,2.0,260,501.0,113.5
nasa_image_2.png,9.0,1228,111.55555555555556,115.55555555555556
nasa_image_2.png,4.0,544,138.0,114.5
nasa_image_2.png,10.0,1332,142.9,116.7
nasa_image_2.png,1.0,132,292.0,114.0
nasa_image_2.png,7.0,953,369.2857142857143,114.28571428571429
nasa_image_2.png,1.0,129,419.0,114.0
nasa_image_2.png,3.0,427,480.0,114.33333333333333
nasa_image_2.png,3.0,402,489.3333333333333,114.66666666666667
nasa_image_2.png,9.0,1238,217.0,116.77777777777777
nasa_image_2.png,67.0,9698,291.6119402985075,117.44776119402985
nasa_image_2.png,14.0,2030,307.2857142857143,116.78571428571429
nasa_image_2.png,44.0,6151,390.9318181818182,118.97727272727273
nasa_image_2.png,1.0,131,464.0,115.0
nasa_image_2.png,5.0,699,169.8,116.6
nasa_image_2.png,1.0,131,293.0,116.0
nasa_image_2.png,26.0,3615,342.7307692307692,120.23076923076923
nasa_image_2.png,4.0,554,455.5,116.0
nasa_image_2.png,41.0,6171,210.609756097561,119.29268292682927
nasa_image_2.png,2.0,272,270.5,117.0
nasa_image_2.png,3.0,413,417.6666666666667,117.33333333333333
nasa_image_2.png,7.0,989,486.14285714285717,118.57142857142857
nasa_image_2.png,4.0,548,526.5,117.25
nasa_image_2.png,12.0,1648,132.0,119.83333333333333
nasa_image_2.png,13.0,1795,226.3846153846154,120.0
nasa_image_2.png,2.0,261,277.5,118.5
nasa_image_2.png,19.0,2640,357.57894736842104,119.6842105263158
nasa_image_2.png,4.0,546,451.0,118.25
nasa_image_2.png,16.0,2296,107.125,121.6875
nasa_image_2.png,31.0,4202,120.70967741935483,124.80645161290323
nasa_image_2.png,29.0,4003,317.0344827586207,120.27586206896552
nasa_image_2.png,5.0,669,378.2,119.6
nasa_image_2.png,7.0,957,413.14285714285717,119.85714285714286
nasa_image_2.png,3.0,414,94.66666666666667,120.66666666666667
nasa_image_2.png,4.0,533,332.25,120.75
nasa_image_2.png,2.0,272,447.5,120.0
nasa_image_2.png,3.0,402,464.3333333333333,120.66666666666667
nasa_image_2.png,2.0,267,482.5,120.0
nasa_image_2.png,34.0,5018,367.4117647058824,123.44117647058823
nasa_image_2.png,1.0,130,443.0,121.0
nasa_image_2.png,19.0,2657,461.0,122.73684210526316
nasa_image_2.png,17.0,2372,473.2352941176471,123.23529411764706
nasa_image_2.png,5.0,697,510.8,122.2
nasa_image_2.png,4.0,552,337.5,122.5
nasa_image_2.png,8.0,1186,350.5,122.5
nasa_image_2.png,15.0,2052,383.3333333333333,124.8
nasa_image_2.png,14.0,1958,405.7857142857143,123.14285714285714
nasa_image_2.png,6.0,819,411.6666666666667,123.5
nasa_image_2.png,15.0,2069,422.46666666666664,123.53333333333333
nasa_image_2.png,6.0,842,453.6666666666667,122.83333333333333
nasa_image_2.png,7.0,938,114.57142857142857,123.71428571428571
nasa_image_2.png,7.0,979,137.28571428571428,123.71428571428571
nasa_image_2.png,1.0,133,209.0,123.0
nasa_image_2.png,2.0,282,233.5,123.0
nasa_image_2.png,1.0,131,291.0,123.0
nasa_image_2.png,1.0,132,295.0,123.0
nasa_image_2.png,125.0,17750,321.0,127.128
nasa_image_2.png,3.0,392,416.0,123.0
nasa_image_2.png,9.0,1308,448.55555555555554,123.88888888888889
nasa_image_2.png,5.0,713,99.8,124.4
nasa_image_2.png,33.0,4672,87.36363636363636,132.03030303030303
nasa_image_2.png,6.0,821,229.83333333333334,125.33333333333333
nasa_image_2.png,7.0,952,240.71428571428572,126.28571428571429
nasa_image_2.png,3.0,400,430.0,125.0
nasa_image_2.png,96.0,14189,432.21875,128.96875
nasa_image_2.png,1.0,133,485.0,125.0
nasa_image_2.png,11.0,1489,102.0909090909091,128.27272727272728
nasa_image_2.png,4.0,537,279.5,126.5
nasa_image_2.png,1.0,136,295.0,126.0
nasa_image_2.png,2.0,265,400.5,126.0
nasa_image_2.png,4.0,537,512.5,127.25
nasa_image_2.png,1.0,129,517.0,126.0
nasa_image_2.png,1.0,129,121.0,127.0
nasa_image_2.png,2.0,288,299.5,127.0
nasa_image_2.png,4.0,546,483.0,127.5
nasa_image_2.png,2.0,279,97.0,128.5
nasa_image_2.png,1.0,133,113.0,128.0
nasa_image_2.png,22.0,3095,453.04545454545456,130.86363636363637
nasa_image_2.png,1.0,131,507.0,128.0
nasa_image_2.png,12.0,1658,104.83333333333333,131.33333333333334
nasa_image_2.png,6.0,807,294.5,129.0
nasa_image_2.png,9.0,1279,465.6666666666667,130.66666666666666
nasa_image_2.png,2.0,267,469.5,129.0
nasa_image_2.png,19.0,2778,503.05263157894734,130.78947368421052
nasa_image_2.png,1.0,146,536.0,129.0
nasa_image_2.png,1.0,145,81.0,130.0
nasa_image_2.png,1.0,133,153.0,130.0
nasa_image_2.png,2.0,301,71.0,131.5
nasa_image_2.png,6.0,845,94.0,132.5
nasa_image_2.png,5.0,669,488.2,131.6
nasa_image_2.png,1.0,131,491.0,131.0
nasa_image_2.png,1.0,131,83.0,132.0
nasa_image_2.png,2.0,267,116.5,133.0
nasa_image_2.png,2.0,269,477.5,133.5
nasa_image_2.png,2.0,263,494.5,133.0
nasa_image_2.png,22.0,3242,98.18181818181819,136.04545454545453
nasa_image_2.png,3.0,409,412.0,134.0
nasa_image_2.png,12.0,1614,417.25,135.58333333333334
nasa_image_2.png,6.0,833,447.8333333333333,135.33333333333334
nasa_image_2.png,1.0,134,462.0,134.0
nasa_image_2.png,1.0,129,492.0,134.0
nasa_image_2.png,10.0,1441,358.8,135.9
nasa_image_2.png,6.0,817,468.5,136.16666666666666
nasa_image_2.png,38.0,5417,488.89473684210526,137.60526315789474
nasa_image_2.png,12.0,1764,524.4166666666666,137.25
nasa_image_2.png,2.0,270,455.5,136.0
nasa_image_2.png,2.0,270,435.5,137.0
nasa_image_2.png,6.0,833,443.5,138.16666666666666
nasa_image_2.png,2.0,278,481.5,137.0
nasa_image_2.png,2.0,280,81.0,139.5
nasa_image_2.png,10.0,1435,450.3,140.4
nasa_image_2.png,48.0,6859,461.8541666666667,141.95833333333334
nasa_image_2.png,6.0,863,477.0,139.83333333333334
nasa_image_2.png,7.0,1042,501.0,140.0
nasa_image_2.png,6.0,786,507.5,140.16666666666666
nasa_image_2.png,14.0,1971,520.5,141.64285714285714
nasa_image_2.png,2.0,279,72.5,140.5
nasa_image_2.png,1.0,134,471.0,140.0
nasa_image_2.png,2.0,274,473.5,141.5
nasa_image_2.png,2.0,268,481.0,141.5
nasa_image_2.png,9.0,1221,79.55555555555556,143.55555555555554
nasa_image_2.png,1.0,130,324.0,142.0
nasa_image_2.png,1.0,129,533.0,142.0
nasa_image_2.png,18.0,2519,133.33333333333334,145.33333333333334
nasa_image_2.png,25.0,3752,527.28,145.88
nasa_image_2.png,109.0,16219,548.1559633027523,149.37614678899084
nasa_image_2.png,1.0,129,68.0,144.0
nasa_image_2.png,4.0,547,121.5,144.5
nasa_image_2.png,12.0,1643,125.66666666666667,145.5
nasa_image_2.png,7.0,980,245.28571428571428,144.57142857142858
nasa_image_2.png,4.0,566,475.0,144.25
nasa_image_2.png,26.0,3643,484.0,147.26923076923077
nasa_image_2.png,14.0,1912,494.0,145.5
nasa_image_2.png,1.0,132,532.0,144.0
nasa_image_2.png,5.0,719,109.2,145.4
nasa_image_2.png,5.0,715,117.8,145.6
nasa_image_2.png,2.0,266,456.5,145.0
nasa_image_2.png,3.0,396,462.3333333333333,145.33333333333334
nasa_image_2.png,1.0,137,519.0,145.0
nasa_image_2.png,14.0,1964,60.214285714285715,149.21428571428572
nasa_image_2.png,11.0,1628,75.0,148.0909090909091
nasa_image_2.png,34.0,4616,450.61764705882354,149.7058823529412
nasa_image_2.png,1.0,130,536.0,146.0
nasa_image_2.png,4.0,551,509.25,147.25
nasa_image_2.png,2.0,271,559.0,147.5
nasa_image_2.png,2.0,274,130.5,148.0
nasa_image_2.png,2.0,276,499.5,148.0
nasa_image_2.png,2.0,280,503.5,148.0
nasa_image_2.png,5.0,672,70.0,150.0
nasa_image_2.png,3.0,388,515.3333333333334,150.66666666666666
nasa_image_2.png,5.0,676,528.6,151.2
nasa_image_2.png,2.0,267,476.5,151.0
nasa_image_2.png,1.0,137,479.0,151.0
nasa_image_2.png,2.0,269,511.0,151.5
nasa_image_2.png,7.0,943,470.85714285714283,152.14285714285714
nasa_image_2.png,15.0,2154,506.2,153.66666666666666
nasa_image_2.png,17.0,2472,535.0,154.0
nasa_image_2.png,1.0,132,480.0,153.0
nasa_image_2.png,1.0,129,482.0,153.0
nasa_image_2.png,5.0,693,517.8,153.8
nasa_image_2.png,2.0,277,72.0,154.5
nasa_image_2.png,24.0,3295,467.7916666666667,157.5
nasa_image_2.png,1.0,130,58.0,155.0
nasa_image_2.png,8.0,1171,549.25,156.75
nasa_image_2.png,34.0,4841,66.94117647058823,161.2058823529412
nasa_image_2.png,1.0,133,471.0,156.0
nasa_image_2.png,42.0,5875,478.4761904761905,160.6904761904762
nasa_image_2.png,8.0,1174,498.75,158.0
nasa_image_2.png,40.0,5777,518.5,160.2
nasa_image_2.png,1.0,138,543.0,158.0
nasa_image_2.png,23.0,3340,561.6521739130435,162.17391304347825
nasa_image_2.png,3.0,399,60.0,159.33333333333334
nasa_image_2.png,1.0,138,568.0,159.0
nasa_image_2.png,2.0,286,505.5,160.0
nasa_image_2.png,7.0,938,508.42857142857144,162.57142857142858
nasa_image_2.png,1.0,129,535.0,162.0
nasa_image_2.png,2.0,266,541.0,162.5
nasa_image_2.png,1.0,131,512.0,163.0
nasa_image_2.png,1.0,129,514.0,164.0
nasa_image_2.png,107.0,15430,543.9906542056075,173.9158878504673
nasa_image_2.png,3.0,428,558.0,165.0
nasa_image_2.png,30.0,4393,533.3666666666667,169.5
nasa_image_2.png,1.0,132,480.0,166.0
nasa_image_2.png,4.0,540,516.0,167.5
nasa_image_2.png,3.0,394,555.6666666666666,167.66666666666666
nasa_image_2.png,10.0,1390,572.5,168.7
nasa_image_2.png,1.0,129,446.0,168.0
nasa_image_2.png,10.0,1409,486.5,169.0
nasa_image_2.png,4.0,542,523.5,168.5
nasa_image_2.png,2.0,266,565.0,168.5
nasa_image_2.png,1.0,136,90.0,169.0
nasa_image_2.png,1.0,136,511.0,169.0
nasa_image_2.png,5.0,667,525.2,171.4
nasa_image_2.png,6.0,827,559.5,172.5
nasa_image_2.png,5.0,692,566.6,173.4
nasa_image_2.png,12.0,1697,52.333333333333336,176.66666666666666
nasa_image_2.png,2.0,274,531.5,174.5
nasa_image_2.png,5.0,721,555.0,175.8
nasa_image_2.png,17.0,2500,561.1176470588235,178.1764705882353
nasa_image_2.png,11.0,1549,531.9090909090909,178.0
nasa_image_2.png,2.0,262,551.0,177.5
nasa_image_2.png,1.0,132,513.0,181.0
nasa_image_2.png,2.0,277,552.0,181.5
nasa_image_2.png,7.0,949,473.7142857142857,184.57142857142858
nasa_image_2.png,3.0,402,540.0,183.66666666666666
nasa_image_2.png,3.0,410,582.6666666666666,183.33333333333334
nasa_image_2.png,67.0,10163,561.9253731343283,192.32835820895522
nasa_image_2.png,1.0,135,571.0,184.0
nasa_image_2.png,5.0,708,552.6,187.2
nasa_image_2.png,1.0,142,556.0,186.0
nasa_image_2.png,23.0,3515,579.0,190.82608695652175
nasa_image_2.png,1.0,133,531.0,189.0
nasa_image_2.png,2.0,261,572.5,189.0
nasa_image_2.png,8.0,1132,575.625,196.75
nasa_image_2.png,3.0,399,499.3333333333333,197.66666666666666
nasa_image_2.png,4.0,532,581.75,198.5
nasa_image_2.png,5.0,680,566.2,201.2
nasa_image_2.png,1.0,131,557.0,203.0
nasa_image_2.png,5.0,694,581.6,203.8
nasa_image_2.png,2.0,267,572.5,204.0
nasa_image_2.png,12.0,1638,541.4166666666666,209.75
nasa_image_2.png,97.0,14606,582.8865979381443,225.71134020618555
nasa_image_2.png,1.0,133,587.0,216.0
nasa_image_2.png,6.0,802,566.5,223.33333333333334
nasa_image_3.png,191737.0,32099315,424.1561201020147,170.63830663878124
nasa_image_3.png,4.0,550,731.5,14.5
nasa_image_3.png,2.0,260,179.5,64.0
nasa_image_3.png,1.0,129,176.0,65.0
nasa_image_3.png,1.0,129,169.0,70.0
nasa_image_3.png,5.0,650,130.8,71.4
nasa_image_3.png,1.0,129,127.0,72.0
nasa_image_3.png,2.0,259,146.5,82.0
nasa_image_3.png,3.0,388,150.0,82.0
nasa_image_3.png,2.0,260,143.0,84.5
nasa_image_3.png,8.0,1044,151.25,85.625
nasa_image_3.png,3.0,389,147.33333333333334,87.0
nasa_image_3.png,3.0,389,135.0,87.0
nasa_image_3.png,3.0,389,136.0,93.0
nasa_image_3.png,1.0,130,198.0,93.0
nasa_image_3.png,2.0,260,139.0,94.5
nasa_image_3.png,24.0,3134,143.875,96.66666666666667
nasa_image_3.png,2.0,260,189.5,94.0
nasa_image_3.png,3.0,392,185.0,96.0
nasa_image_3.png,2.0,258,786.0,96.5
nasa_image_3.png,8.0,1063,198.5,98.25
nasa_image_3.png,1.0,129,123.0,99.0
nasa_image_3.png,1.0,129,137.0,101.0
nasa_image_3.png,1.0,129,278.0,101.0
nasa_image_3.png,1.0,129,201.0,103.0
nasa_image_3.png,1.0,129,791.0,104.0
nasa_image_3.png,8.0,1058,196.625,111.25
nasa_image_3.png,5.0,658,191.4,112.2
nasa_image_3.png,3.0,395,144.0,112.0
nasa_image_3.png,8.0,1054,177.0,113.25
nasa_image_3.png,1.0,129,181.0,112.0
nasa_image_3.png,1.0,130,264.0,112.0
nasa_image_3.png,4.0,519,798.0,113.5
nasa_image_3.png,22.0,3114,138.72727272727272,116.54545454545455
nasa_image_3.png,39.0,5242,166.6153846153846,118.35897435897436
nasa_image_3.png,2.0,258,592.0,114.5
nasa_image_3.png,1.0,129,188.0,115.0
nasa_image_3.png,4.0,523,191.75,115.75
nasa_image_3.png,1.0,132,184.0,116.0
nasa_image_3.png,4.0,524,678.5,117.25
nasa_image_3.png,10.0,1308,193.4,120.1
nasa_image_3.png,2.0,260,156.5,120.0
nasa_image_3.png,6.0,781,152.5,121.33333333333333
nasa_image_3.png,2.0,261,687.0,121.5
nasa_image_3.png,1.0,129,692.0,122.0
nasa_image_3.png,1.0,131,159.0,123.0
nasa_image_3.png,2.0,261,123.5,126.0
nasa_image_3.png,14.0,1830,193.71428571428572,129.78571428571428
nasa_image_3.png,2.0,263,254.0,128.5
nasa_image_3.png,2.0,261,259.5,128.0
nasa_image_3.png,1.0,129,190.0,129.0
nasa_image_3.png,1.0,129,688.0,129.0
nasa_image_3.png,6.0,784,243.83333333333334,131.0
nasa_image_3.png,2.0,272,130.5,131.0
nasa_image_3.png,15.0,2072,136.4,133.2
nasa_image_3.png,31.0,4212,199.8709677419355,133.90322580645162
nasa_image_3.png,1.0,129,700.0,132.0
nasa_image_3.png,3.0,389,187.33333333333334,133.33333333333334
nasa_image_3.png,3.0,387,703.6666666666666,133.66666666666666
nasa_image_3.png,7.0,923,177.57142857142858,134.71428571428572
nasa_image_3.png,3.0,388,696.3333333333334,135.33333333333334
nasa_image_3.png,1.0,129,168.0,136.0
nasa_image_3.png,34.0,4528,187.76470588235293,139.76470588235293
nasa_image_3.png,9.0,1185,689.2222222222222,138.11111111111111
nasa_image_3.png,2.0,260,692.0,136.5
nasa_image_3.png,6.0,783,163.16666666666666,138.83333333333334
nasa_image_3.png,1.0,130,167.0,138.0
nasa_image_3.png,1.0,131,184.0,138.0
nasa_image_3.png,8.0,1071,172.25,139.875
nasa_image_3.png,2.0,258,181.5,139.0
nasa_image_3.png,11.0,1456,173.72727272727272,143.0909090909091
nasa_image_3.png,1.0,129,249.0,140.0
nasa_image_3.png,2.0,260,157.5,141.0
nasa_image_3.png,1.0,129,181.0,141.0
nasa_image_3.png,1.0,131,193.0,141.0
nasa_image_3.png,5.0,685,130.6,143.6
nasa_image_3.png,1.0,131,208.0,142.0
nasa_image_3.png,4.0,522,687.75,143.25
nasa_image_3.png,1.0,129,691.0,142.0
nasa_image_3.png,1.0,134,180.0,143.0
nasa_image_3.png,3.0,389,236.33333333333334,143.33333333333334
nasa_image_3.png,2.0,265,100.5,144.0
nasa_image_3.png,10.0,1363,147.2,145.5
nasa_image_3.png,20.0,2720,198.5,145.85
nasa_image_3.png,1.0,130,208.0,144.0
nasa_image_3.png,6.0,818,233.33333333333334,145.5
nasa_image_3.png,42.0,5765,172.16666666666666,148.28571428571428
nasa_image_3.png,2.0,261,180.5,145.0
nasa_image_3.png,1.0,131,239.0,145.0
nasa_image_3.png,4.0,521,692.0,145.25
nasa_image_3.png,103.0,13785,212.03883495145632,151.79611650485438
nasa_image_3.png,2.0,260,679.0,147.5
nasa_image_3.png,55.0,8148,155.12727272727273,154.74545454545455
nasa_image_3.png,11.0,1437,194.0,151.72727272727272
nasa_image_3.png,2.0,262,469.5,150.0
nasa_image_3.png,1.0,130,120.0,151.0
nasa_image_3.png,5.0,684,173.8,152.2
nasa_image_3.png,48.0,6356,197.64583333333334,155.77083333333334
nasa_image_3.png,1.0,129,698.0,151.0
nasa_image_3.png,1.0,129,151.0,152.0
nasa_image_3.png,6.0,812,96.16666666666667,153.83333333333334
nasa_image_3.png,1.0,130,136.0,154.0
nasa_image_3.png,1.0,130,171.0,154.0
nasa_image_3.png,11.0,1491,180.9090909090909,157.9090909090909
nasa_image_3.png,3.0,395,703.6666666666666,156.33333333333334
nasa_image_3.png,5.0,683,165.8,157.4
nasa_image_3.png,3.0,387,176.0,157.33333333333334
nasa_image_3.png,1.0,129,173.0,159.0
nasa_image_3.png,2.0,263,235.5,160.0
nasa_image_3.png,448.0,68913,210.18080357142858,169.69642857142858
nasa_image_3.png,1.0,130,232.0,162.0
nasa_image_3.png,1.0,129,684.0,162.0
nasa_image_3.png,1.0,132,688.0,162.0
nasa_image_3.png,3.0,389,692.3333333333334,163.66666666666666
nasa_image_3.png,16.0,2124,166.8125,165.375
nasa_image_3.png,5.0,669,244.2,164.6
nasa_image_3.png,4.0,521,678.0,164.5
nasa_image_3.png,1.0,132,718.0,164.0
nasa_image_3.png,11.0,1439,687.3636363636364,166.72727272727272
nasa_image_3.png,17.0,2280,135.88235294117646,169.0
nasa_image_3.png,1.0,131,694.0,167.0
nasa_image_3.png,6.0,789,183.83333333333334,169.5
nasa_image_3.png,15.0,1972,157.4,171.86666666666667
nasa_image_3.png,2.0,258,731.0,170.5
nasa_image_3.png,1.0,129,182.0,171.0
nasa_image_3.png,2.0,259,695.0,171.5
nasa_image_3.png,1.0,129,699.0,171.0
nasa_image_3.png,6.0,802,165.83333333333334,174.16666666666666
nasa_image_3.png,34.0,4529,243.61764705882354,178.02941176470588
nasa_image_3.png,3.0,389,183.33333333333334,176.66666666666666
nasa_image_3.png,1.0,130,186.0,176.0
nasa_image_3.png,2.0,261,697.5,176.0
nasa_image_3.png,1.0,129,701.0,176.0
nasa_image_3.png,4.0,533,150.5,177.5
nasa_image_3.png,7.0,925,709.2857142857143,177.57142857142858
nasa_image_3.png,9.0,1205,695.1111111111111,178.77777777777777
nasa_image_3.png,38.0,5182,705.5263157894736,180.94736842105263
nasa_image_3.png,6.0,778,234.0,180.5
nasa_image_3.png,1.0,133,168.0,181.0
nasa_image_3.png,1.0,131,248.0,181.0
nasa_image_3.png,2.0,260,147.0,182.5
nasa_image_3.png,4.0,517,229.75,182.25
nasa_image_3.png,2.0,258,698.5,182.0
nasa_image_3.png,1.0,132,243.0,183.0
nasa_image_3.png,4.0,517,689.25,183.75
nasa_image_3.png,2.0,266,231.5,184.0
nasa_image_3.png,1.0,130,698.0,184.0
nasa_image_3.png,2.0,261,713.5,184.0
nasa_image_3.png,1.0,129,146.0,185.0
nasa_image_3.png,2.0,258,226.5,185.0
nasa_image_3.png,3.0,387,245.0,187.0
nasa_image_3.png,1.0,129,142.0,187.0
nasa_image_3.png,1.0,129,216.0,187.0
nasa_image_3.png,6.0,786,209.5,190.0
nasa_image_3.png,1.0,132,295.0,189.0
nasa_image_3.png,1.0,129,698.0,189.0
nasa_image_3.png,2.0,269,146.0,191.5
nasa_image_3.png,17.0,2243,695.8235294117648,193.35294117647058
nasa_image_3.png,3.0,388,244.0,193.0
nasa_image_3.png,1.0,130,283.0,192.0
nasa_image_3.png,5.0,657,689.8,192.4
nasa_image_3.png,4.0,530,705.0,192.75
nasa_image_3.png,27.0,3720,731.0370370370371,194.14814814814815
nasa_image_3.png,7.0,909,206.14285714285714,195.14285714285714
nasa_image_3.png,6.0,779,238.0,193.5
nasa_image_3.png,1.0,129,682.0,193.0
nasa_image_3.png,21.0,2829,109.85714285714286,198.28571428571428
nasa_image_3.png,3.0,402,131.33333333333334,196.33333333333334
nasa_image_3.png,1.0,130,160.0,196.0
nasa_image_3.png,35.0,4744,696.4571428571429,198.71428571428572
nasa_image_3.png,78.0,10788,145.52564102564102,203.74358974358975
nasa_image_3.png,1.0,130,711.0,202.0
nasa_image_3.png,9.0,1199,698.5555555555555,203.88888888888889
nasa_image_3.png,2.0,258,287.0,206.5
nasa_image_3.png,2.0,261,678.5,208.0
nasa_image_3.png,1.0,130,702.0,210.0
nasa_image_3.png,1.0,131,128.0,211.0
nasa_image_3.png,3.0,397,111.66666666666667,213.66666666666666
nasa_image_3.png,1.0,131,228.0,214.0
nasa_image_3.png,4.0,518,221.5,215.5
nasa_image_3.png,1.0,131,142.0,218.0
nasa_image_3.png,65.0,8946,710.2615384615384,222.44615384615383
nasa_image_3.png,2.0,258,144.5,220.0
nasa_image_3.png,3.0,387,261.3333333333333,221.66666666666666
nasa_image_3.png,25.0,3292,683.36,223.6
nasa_image_3.png,22.0,3072,548.2272727272727,231.0909090909091
nasa_image_3.png,4.0,551,171.25,231.75
nasa_image_3.png,1.0,132,743.0,231.0
nasa_image_3.png,3.0,394,743.6666666666666,233.33333333333334
nasa_image_3.png,3.0,391,678.6666666666666,234.33333333333334
nasa_image_3.png,8.0,1159,497.875,236.125
nasa_image_3.png,7.0,937,691.4285714285714,236.71428571428572
nasa_image_3.png,47.0,6517,708.531914893617,240.59574468085106
nasa_image_3.png,5.0,677,529.2,238.8
nasa_image_3.png,1.0,129,689.0,238.0
nasa_image_3.png,8.0,1048,689.125,242.375
nasa_image_3.png,5.0,659,720.8,243.6
nasa_image_3.png,10.0,1299,694.5,245.5
nasa_image_3.png,1.0,129,213.0,247.0
nasa_image_3.png,4.0,518,219.0,247.25
nasa_image_3.png,1.0,129,723.0,247.0
nasa_image_3.png,4.0,522,223.5,248.5
nasa_image_3.png,1.0,129,695.0,248.0
nasa_image_3.png,2.0,266,610.0,250.5
nasa_image_3.png,8.0,1045,725.625,251.875
nasa_image_3.png,1.0,129,104.0,252.0
nasa_image_3.png,1.0,129,695.0,253.0
nasa_image_3.png,2.0,259,222.5,256.0
nasa_image_3.png,1.0,131,691.0,256.0
nasa_image_3.png,1.0,129,697.0,259.0
nasa_image_3.png,9.0,1175,684.6666666666666,260.6666666666667
nasa_image_3.png,3.0,395,707.3333333333334,260.6666666666667
nasa_image_3.png,2.0,258,587.5,262.0
nasa_image_3.png,2.0,266,710.5,262.0
nasa_image_3.png,6.0,792,605.5,264.3333333333333
nasa_image_3.png,4.0,528,694.0,264.0
nasa_image_3.png,3.0,395,600.3333333333334,264.6666666666667
nasa_image_3.png,1.0,129,682.0,264.0
nasa_image_3.png,1.0,129,712.0,270.0
nasa_image_3.png,4.0,520,695.0,273.25
nasa_image_3.png,3.0,393,764.6666666666666,272.3333333333333
nasa_image_3.png,1.0,134,719.0,273.0
nasa_image_3.png,2.0,260,698.5,274.0
nasa_image_3.png,6.0,800,717.0,275.8333333333333
nasa_image_3.png,1.0,131,722.0,275.0
nasa_image_3.png,3.0,391,700.6666666666666,276.6666666666667
nasa_image_3.png,5.0,653,731.8,276.2
nasa_image_3.png,6.0,792,697.3333333333334,278.5
nasa_image_3.png,3.0,404,111.0,279.0
nasa_image_3.png,2.0,264,725.5,279.0
nasa_image_3.png,1.0,130,704.0,280.0
nasa_image_3.png,4.0,530,276.5,282.5
nasa_image_3.png,2.0,262,699.0,284.5
nasa_image_3.png,1.0,129,277.0,286.0
nasa_image_3.png,3.0,396,121.66666666666667,287.6666666666667
nasa_image_3.png,1.0,129,710.0,289.0
nasa_image_3.png,7.0,944,699.0,291.0
nasa_image_3.png,6.0,823,106.33333333333333,291.6666666666667
nasa_image_3.png,3.0,395,703.3333333333334,293.3333333333333
nasa_image_3.png,1.0,129,695.0,294.0
nasa_image_3.png,6.0,793,204.0,295.5
nasa_image_3.png,3.0,390,686.0,295.6666666666667
nasa_image_3.png,6.0,782,690.5,295.5
nasa_image_3.png,25.0,3307,699.52,298.16
nasa_image_3.png,247.0,36482,148.51821862348177,315.1336032388664
nasa_image_3.png,4.0,520,211.0,296.25
nasa_image_3.png,1.0,129,633.0,298.0
nasa_image_3.png,26.0,3519,693.2692307692307,301.7692307692308
nasa_image_3.png,1.0,129,705.0,299.0
nasa_image_3.png,4.0,521,710.5,299.5
nasa_image_3.png,1.0,129,687.0,302.0
nasa_image_3.png,2.0,260,698.0,302.5
nasa_image_3.png,2.0,260,707.5,304.0
nasa_image_3.png,8.0,1094,185.5,307.0
nasa_image_3.png,3.0,389,194.33333333333334,307.3333333333333
nasa_image_3.png,1.0,132,699.0,307.0
nasa_image_3.png,3.0,393,179.0,308.0
nasa_image_3.png,1.0,129,204.0,309.0
nasa_image_3.png,6.0,788,687.5,309.5
nasa_image_3.png,4.0,529,702.5,309.5
nasa_image_3.png,12.0,1603,681.5,313.5
nasa_image_3.png,3.0,389,688.0,313.0
nasa_image_3.png,15.0,2024,243.53333333333333,317.73333333333335
nasa_image_3.png,2.0,263,247.0,315.5
nasa_image_3.png,7.0,931,691.2857142857143,317.0
nasa_image_3.png,16.0,2106,229.6875,319.4375
nasa_image_3.png,1.0,129,622.0,320.0
nasa_image_3.png,11.0,1454,251.27272727272728,322.09090909090907
nasa_image_3.png,10.0,1308,258.1,321.4
nasa_image_3.png,1.0,129,687.0,322.0
nasa_image_3.png,2.0,260,709.0,322.5
nasa_image_3.png,3.0,388,265.3333333333333,324.0
nasa_image_3.png,2.0,258,253.5,325.0
nasa_image_3.png,17.0,2294,236.7058823529412,328.3529411764706
nasa_image_3.png,1.0,129,245.0,328.0
nasa_image_3.png,6.0,796,239.5,331.5
nasa_image_3.png,2.0,258,259.0,329.5
nasa_image_3.png,4.0,541,703.25,329.75
nasa_image_3.png,2.0,261,261.5,331.0
nasa_image_3.png,1.0,129,266.0,331.0
nasa_image_3.png,1.0,130,256.0,332.0
nasa_image_3.png,1.0,129,120.0,333.0
nasa_image_3.png,29.0,3798,620.6551724137931,341.3448275862069
nasa_image_3.png,2.0,267,117.5,334.0
nasa_image_3.png,1.0,129,445.0,334.0
nasa_image_3.png,41.0,5461,695.8048780487804,339.6585365853659
nasa_image_3.png,17.0,2376,101.88235294117646,337.70588235294116
nasa_image_3.png,75.0,10186,77.93333333333334,346.38666666666666
nasa_image_3.png,1.0,130,688.0,336.0
nasa_image_3.png,4.0,518,702.5,337.5
nasa_image_3.png,2.0,258,706.0,340.5
nasa_image_3.png,4.0,526,258.5,341.5
nasa_image_3.png,1.0,129,101.0,342.0
nasa_image_3.png,3.0,387,692.0,343.0
nasa_image_3.png,6.0,780,268.5,344.0
nasa_image_3.png,1.0,129,713.0,343.0
nasa_image_3.png,58.0,7716,705.6551724137931,350.2413793103448
nasa_image_3.png,14.0,1838,674.1428571428571,348.14285714285717
nasa_image_3.png,1.0,129,92.0,347.0
nasa_image_3.png,1.0,132,631.0,347.0
nasa_image_3.png,4.0,520,688.25,347.75
nasa_image_3.png,3.0,391,697.6666666666666,347.6666666666667
nasa_image_3.png,5.0,652,681.2,350.6
nasa_image_3.png,56.0,7387,690.9107142857143,354.0
nasa_image_3.png,1.0,130,111.0,352.0
nasa_image_3.png,2.0,262,701.5,352.0
nasa_image_3.png,1.0,129,576.0,353.0
nasa_image_3.png,18.0,2407,618.4444444444445,356.8333333333333
nasa_image_3.png,1.0,131,665.0,353.0
nasa_image_3.png,1.0,129,68.0,355.0
nasa_image_3.png,3.0,391,698.3333333333334,355.6666666666667
nasa_image_3.png,1.0,130,664.0,356.0
nasa_image_3.png,1.0,132,625.0,357.0
nasa_image_3.png,2.0,258,633.0,357.5
nasa_image_3.png,11.0,1491,661.4545454545455,360.6363636363636
nasa_image_3.png,2.0,258,724.5,358.0
nasa_image_3.png,1.0,130,60.0,359.0
nasa_image_3.png,1.0,129,576.0,359.0
nasa_image_3.png,38.0,5155,640.3684210526316,362.3157894736842
nasa_image_3.png,9.0,1273,508.8888888888889,361.3333333333333
nasa_image_3.png,2.0,268,59.5,361.0
nasa_image_3.png,1.0,129,257.0,361.0
nasa_image_3.png,3.0,408,560.6666666666666,361.3333333333333
nasa_image_3.png,2.0,259,655.0,361.5
nasa_image_3.png,5.0,668,505.6,363.2
nasa_image_3.png,260.0,37595,494.7346153846154,379.2576923076923
nasa_image_3.png,1.0,130,571.0,363.0
nasa_image_3.png,2.0,265,734.0,363.5
nasa_image_3.png,8.0,1071,542.125,365.75
nasa_image_3.png,5.0,657,657.4,365.2
nasa_image_3.png,5.0,661,566.8,366.2
nasa_image_3.png,5.0,669,503.0,367.2
nasa_image_3.png,1.0,131,507.0,367.0
nasa_image_3.png,1.0,130,646.0,367.0
nasa_image_3.png,1.0,129,571.0,368.0
nasa_image_3.png,2.0,258,650.0,368.5
nasa_image_3.png,2.0,259,678.5,368.0
nasa_image_3.png,3.0,394,536.3333333333334,369.3333333333333
nasa_image_3.png,1.0,133,630.0,369.0
nasa_image_3.png,3.0,408,540.0,371.0
nasa_image_3.png,4.0,527,547.25,371.0
nasa_image_3.png,1.0,129,638.0,370.0
nasa_image_3.png,2.0,282,502.5,371.0
nasa_image_3.png,9.0,1175,647.2222222222222,371.8888888888889
nasa_image_3.png,1.0,131,500.0,372.0
nasa_image_3.png,1.0,130,552.0,372.0
nasa_image_3.png,2.0,266,634.0,372.5
nasa_image_3.png,1.0,130,639.0,372.0
nasa_image_3.png,3.0,394,683.3333333333334,372.6666666666667
nasa_image_3.png,2.0,263,729.5,372.0
nasa_image_3.png,1.0,129,493.0,373.0
nasa_image_3.png,1.0,130,525.0,373.0
nasa_image_3.png,1.0,129,568.0,373.0
nasa_image_3.png,93.0,14373,717.3548387096774,378.64516129032256
nasa_image_3.png,2.0,261,516.0,374.5
nasa_image_3.png,2.0,258,550.5,374.0
nasa_image_3.png,3.0,391,509.0,375.3333333333333
nasa_image_3.png,5.0,661,532.2,375.4
nasa_image_3.png,8.0,1043,563.5,377.375
nasa_image_3.png,6.0,789,628.6666666666666,375.8333333333333
nasa_image_3.png,4.0,538,634.75,375.25
nasa_image_3.png,5.0,656,649.4,376.6
nasa_image_3.png,13.0,2037,743.3076923076923,376.0
nasa_image_3.png,2.0,261,549.5,376.5
nasa_image_3.png,6.0,831,568.5,377.0
nasa_image_3.png,2.0,264,646.5,376.0
nasa_image_3.png,1.0,129,713.0,376.0
nasa_image_3.png,1.0,130,588.0,377.0
nasa_image_3.png,1.0,129,711.0,377.0
nasa_image_3.png,3.0,392,585.6666666666666,378.6666666666667
nasa_image_3.png,1.0,129,534.0,379.0
nasa_image_3.png,1.0,129,647.0,379.0
nasa_image_3.png,1.0,129,68.0,380.0
nasa_image_3.png,370.0,55081,520.1405405405405,399.3027027027027
nasa_image_3.png,8.0,1109,567.5,381.0
nasa_image_3.png,5.0,653,629.2,380.4
nasa_image_3.png,1.0,129,632.0,380.0
nasa_image_3.png,2.0,277,646.0,381.5
nasa_image_3.png,5.0,682,547.8,383.0
nasa_image_3.png,1.0,130,556.0,382.0
nasa_image_3.png,1.0,131,632.0,382.0
nasa_image_3.png,2.0,262,246.5,383.0
nasa_image_3.png,10.0,1357,541.5,383.8
nasa_image_3.png,1.0,132,642.0,383.0
nasa_image_3.png,2.0,269,533.5,384.0
nasa_image_3.png,2.0,261,248.0,385.5
nasa_image_3.png,4.0,542,554.5,385.5
nasa_image_3.png,3.0,417,543.6666666666666,388.6666666666667
nasa_image_3.png,1.0,134,640.0,389.0
nasa_image_3.png,2.0,261,486.5,391.0
nasa_image_3.png,1.0,129,562.0,391.0
nasa_image_3.png,22.0,3180,695.1363636363636,394.95454545454544
nasa_image_3.png,16.0,2122,637.625,397.625
nasa_image_3.png,6.0,872,552.6666666666666,397.5
nasa_image_3.png,2.0,263,592.5,396.0
nasa_image_3.png,6.0,821,542.0,398.5
nasa_image_3.png,1.0,130,615.0,398.0
nasa_image_3.png,180.0,23885,489.18888888888887,414.68333333333334
nasa_image_3.png,2.0,265,440.5,400.0
nasa_image_3.png,4.0,570,566.5,400.0
nasa_image_3.png,1.0,129,634.0,400.0
nasa_image_3.png,7.0,926,690.2857142857143,403.0
nasa_image_3.png,9.0,1241,553.5555555555555,401.77777777777777
nasa_image_3.png,19.0,2699,587.1578947368421,402.7894736842105
nasa_image_3.png,671.0,104875,205.53204172876303,420.7436661698957
nasa_image_3.png,3.0,388,435.3333333333333,402.3333333333333
nasa_image_3.png,1.0,129,549.0,402.0
nasa_image_3.png,1.0,130,593.0,402.0
nasa_image_3.png,2.0,261,683.5,402.0
nasa_image_3.png,3.0,400,560.0,403.0
nasa_image_3.png,1.0,131,239.0,405.0
nasa_image_3.png,2.0,267,547.0,405.5
nasa_image_3.png,3.0,391,439.3333333333333,406.6666666666667
nasa_image_3.png,3.0,399,555.3333333333334,406.6666666666667
nasa_image_3.png,18.0,2640,642.4444444444445,408.1111111111111
nasa_image_3.png,2.0,261,236.5,407.5
nasa_image_3.png,1.0,129,366.0,407.0
nasa_image_3.png,1.0,130,444.0,407.0
nasa_image_3.png,3.0,400,542.0,408.0
nasa_image_3.png,19.0,2628,556.7894736842105,412.57894736842104
nasa_image_3.png,5.0,665,637.2,407.6
nasa_image_3.png,25.0,3508,382.72,411.36
nasa_image_3.png,3.0,389,435.6666666666667,408.3333333333333
nasa_image_3.png,6.0,857,572.8333333333334,408.8333333333333
nasa_image_3.png,7.0,908,440.2857142857143,410.14285714285717
nasa_image_3.png,2.0,263,455.0,409.5
nasa_image_3.png,15.0,2264,251.06666666666666,410.8666666666667
nasa_image_3.png,3.0,387,561.6666666666666,410.6666666666667
nasa_image_3.png,1.0,129,602.0,410.0
nasa_image_3.png,1.0,129,236.0,411.0
nasa_image_3.png,13.0,1799,241.3846153846154,413.2307692307692
nasa_image_3.png,2.0,261,369.5,411.0
nasa_image_3.png,1.0,130,373.0,411.0
nasa_image_3.png,35.0,4603,433.25714285714287,414.4
nasa_image_3.png,1.0,130,547.0,411.0
nasa_image_3.png,14.0,1899,590.5,412.7857142857143
nasa_image_3.png,4.0,535,616.5,411.5
nasa_image_3.png,4.0,522,453.25,412.25
nasa_image_3.png,1.0,129,512.0,412.0
nasa_image_3.png,1.0,132,626.0,412.0
nasa_image_3.png,2.0,261,368.0,413.5
nasa_image_3.png,6.0,810,377.8333333333333,414.1666666666667
nasa_image_3.png,9.0,1284,572.8888888888889,414.1111111111111
nasa_image_3.png,3.0,393,444.3333333333333,414.6666666666667
nasa_image_3.png,1.0,129,449.0,414.0
nasa_image_3.png,2.0,261,397.5,415.0
nasa_image_3.png,3.0,391,482.3333333333333,415.6666666666667
nasa_image_3.png,1.0,130,514.0,415.0
nasa_image_3.png,2.0,273,542.5,415.0
nasa_image_3.png,5.0,702,566.6,415.8
nasa_image_3.png,2.0,266,228.5,416.0
nasa_image_3.png,1.0,131,303.0,416.0
nasa_image_3.png,45.0,6252,390.1777777777778,421.9111111111111
nasa_image_3.png,16.0,2249,475.375,419.125
nasa_image_3.png,1.0,132,478.0,416.0
nasa_image_3.png,2.0,261,224.5,417.5
nasa_image_3.png,1.0,129,554.0,417.0
nasa_image_3.png,3.0,391,369.3333333333333,418.6666666666667
nasa_image_3.png,1.0,136,396.0,418.0
nasa_image_3.png,3.0,388,455.0,419.0
nasa_image_3.png,81.0,11729,525.0370370370371,428.5308641975309
nasa_image_3.png,4.0,542,383.5,419.5
nasa_image_3.png,2.0,258,450.0,419.5
nasa_image_3.png,12.0,1661,549.5833333333334,420.3333333333333
nasa_image_3.png,1.0,131,564.0,419.0
nasa_image_3.png,2.0,270,73.0,420.5
nasa_image_3.png,10.0,1493,374.0,422.8
nasa_image_3.png,6.0,844,583.5,422.5
nasa_image_3.png,1.0,130,447.0,422.0
nasa_image_3.png,4.0,520,452.5,423.0
nasa_image_3.png,2.0,277,368.0,423.5
nasa_image_3.png,2.0,258,281.5,424.0
nasa_image_3.png,12.0,1689,395.6666666666667,426.0
nasa_image_3.png,3.0,390,408.0,425.0
nasa_image_3.png,5.0,660,450.2,425.4
nasa_image_3.png,1.0,130,469.0,424.0
nasa_image_3.png,1.0,130,511.0,424.0
nasa_image_3.png,1.0,130,436.0,425.0
nasa_image_3.png,9.0,1178,445.1111111111111,426.8888888888889
nasa_image_3.png,9.0,1229,382.8888888888889,427.44444444444446
nasa_image_3.png,8.0,1130,550.25,426.875
nasa_image_3.png,6.0,788,287.1666666666667,429.3333333333333
nasa_image_3.png,1.0,132,372.0,427.0
nasa_image_3.png,17.0,2435,468.47058823529414,429.47058823529414
nasa_image_3.png,14.0,1839,390.85714285714283,429.57142857142856
nasa_image_3.png,2.0,259,583.5,428.5
nasa_image_3.png,6.0,818,171.16666666666666,430.0
nasa_image_3.png,1.0,129,277.0,430.0
nasa_image_3.png,1.0,129,382.0,431.0
nasa_image_3.png,26.0,3532,460.15384615384613,433.88461538461536
nasa_image_3.png,9.0,1193,548.4444444444445,431.8888888888889
nasa_image_3.png,12.0,1617,379.25,434.0833333333333
nasa_image_3.png,1.0,129,422.0,432.0
nasa_image_3.png,1.0,129,444.0,432.0
nasa_image_3.png,1.0,129,447.0,432.0
nasa_image_3.png,2.0,271,387.0,433.5
nasa_image_3.png,3.0,424,373.6666666666667,434.3333333333333
nasa_image_3.png,1.0,130,352.0,436.0
nasa_image_3.png,45.0,6242,261.24444444444447,443.8
nasa_image_3.png,1.0,130,250.0,439.0
nasa_image_3.png,1.0,130,287.0,439.0
nasa_image_3.png,3.0,399,377.6666666666667,440.0
nasa_image_3.png,21.0,3106,393.3809523809524,441.0
nasa_image_3.png,1.0,132,248.0,440.0
nasa_image_3.png,1.0,130,285.0,440.0
nasa_image_3.png,4.0,544,370.5,440.5
nasa_image_3.png,70.0,9390,249.84285714285716,451.27142857142854
nasa_image_3.png,5.0,686,360.4,441.8
nasa_image_3.png,12.0,1673,366.5,442.6666666666667
nasa_image_3.png,3.0,407,375.0,442.0
nasa_image_3.png,19.0,2564,458.8421052631579,445.2105263157895
nasa_image_3.png,3.0,397,482.3333333333333,441.3333333333333
nasa_image_3.png,2.0,261,284.5,443.5
nasa_image_3.png,21.0,2971,308.95238095238096,448.42857142857144
nasa_image_3.png,34.0,5234,13.823529411764707,450.4117647058824
nasa_image_3.png,1.0,130,220.0,448.0
nasa_image_3.png,1.0,130,464.0,448.0
nasa_image_3.png,32.0,4874,466.5625,451.34375
nasa_image_3.png,3.0,393,214.0,450.0
nasa_image_3.png,1.0,130,255.0,452.0
nasa_image_3.png,5.0,670,260.4,452.8
nasa_image_3.png,12.0,1750,479.9166666666667,453.8333333333333
nasa_image_3.png,13.0,2160,343.61538461538464,454.61538461538464
nasa_image_3.png,17.0,2381,444.29411764705884,455.94117647058823
nasa_image_3.png,2.0,258,242.5,455.0
nasa_image_3.png,1.0,130,262.0,455.0
nasa_image_3.png,1.0,132,76.0,456.0
nasa_image_3.png,56.0,7736,262.4642857142857,464.23214285714283
nasa_image_3.png,124.0,20422,10.28225806451613,463.28225806451616
nasa_image_3.png,1.0,129,242.0,457.0
nasa_image_3.png,7.0,946,71.0,461.7142857142857
nasa_image_3.png,15.0,2020,242.8,462.53333333333336
nasa_image_3.png,17.0,2438,250.7058823529412,462.3529411764706
nasa_image_3.png,1.0,129,272.0,461.0
nasa_image_3.png,1.0,129,288.0,462.0
nasa_image_3.png,22.0,3153,525.0,465.27272727272725
nasa_image_3.png,7.0,920,255.42857142857142,463.57142857142856
nasa_image_3.png,1.0,132,239.0,464.0
nasa_image_3.png,46.0,6291,455.45652173913044,473.0
nasa_image_3.png,4.0,539,242.25,467.75
nasa_image_3.png,2.0,260,63.0,470.5
nasa_image_3.png,1.0,132,275.0,470.0
nasa_image_3.png,3.0,392,220.66666666666666,472.6666666666667
nasa_image_3.png,5.0,700,437.4,472.8
nasa_image_3.png,1.0,130,61.0,473.0
nasa_image_3.png,5.0,728,44.4,476.4
nasa_image_3.png,3.0,419,423.3333333333333,477.6666666666667
nasa_image_3.png,1.0,130,220.0,478.0
nasa_image_3.png,20.0,2680,257.65,481.45
nasa_image_3.png,1.0,130,270.0,479.0
nasa_image_3.png,26.0,3519,277.65384615384613,484.5769230769231
nasa_image_3.png,7.0,946,267.0,481.42857142857144
nasa_image_3.png,3.0,387,318.3333333333333,481.0
nasa_image_3.png,5.0,685,443.4,483.4
nasa_image_3.png,3.0,391,235.33333333333334,483.3333333333333
nasa_image_3.png,16.0,2126,230.875,487.1875
nasa_image_3.png,2.0,268,474.5,486.0
nasa_image_3.png,5.0,662,273.8,492.4
nasa_image_3.png,4.0,520,228.0,493.5
nasa_image_3.png,4.0,540,221.75,494.25
nasa_image_3.png,1.0,132,226.0,501.0
nasa_image_3.png,34.0,5040,440.5882352941176,509.94117647058823
nasa_image_3.png,2.0,262,316.5,512.0
nasa_image_3.png,3.0,390,507.3333333333333,518.3333333333334
nasa_image_3.png,2.0,260,418.0,521.5
nasa_image_3.png,45.0,6558,410.68888888888887,526.3333333333334
nasa_image_3.png,2.0,266,501.5,522.0
nasa_image_3.png,1.0,129,298.0,530.0
nasa_image_3.png,1.0,129,281.0,536.0
nasa_image_3.png,4.0,558,325.0,554.5
nasa_image_3.png,1.0,132,317.0,555.0
nasa_image_3.png,7.0,948,326.57142857142856,557.2857142857143
nasa_image_3.png,2.0,263,322.5,564.0
nasa_image_3.png,1.0,130,320.0,565.0
nasa_image_3.png,1.0,131,323.0,571.0
nasa_image_4.png,40835.0,5897383,514.6273050079589,100.75697318476797
nasa_image_4.png,1.0,130,447.0,0.0
nasa_image_4.png,1.0,129,449.0,0.0
nasa_image_4.png,1.0,129,502.0,0.0
nasa_image_4.png,553.0,82505,485.19529837251355,14.858951175406872
nasa_image_4.png,4.0,518,599.5,2.5
nasa_image_4.png,22.0,2932,570.1363636363636,5.909090909090909
nasa_image_4.png,1.0,129,329.0,7.0
nasa_image_4.png,2.0,258,489.5,7.0
nasa_image_4.png,1.0,129,493.0,7.0
nasa_image_4.png,2.0,261,326.5,8.0
nasa_image_4.png,2.0,259,432.5,10.5
nasa_image_4.png,3.0,387,428.6666666666667,11.333333333333334
nasa_image_4.png,2.0,258,332.5,12.0
nasa_image_4.png,18.0,2537,305.72222222222223,16.38888888888889
nasa_image_4.png,1.0,129,336.0,14.0
nasa_image_4.png,25.0,3248,331.92,16.6
nasa_image_4.png,1.0,129,416.0,15.0
nasa_image_4.png,1.0,129,436.0,17.0
nasa_image_4.png,1.0,129,342.0,18.0
nasa_image_4.png,19.0,2456,426.8421052631579,22.105263157894736
nasa_image_4.png,3.0,387,432.3333333333333,19.333333333333332
nasa_image_4.png,12.0,1552,404.6666666666667,23.083333333333332
nasa_image_4.png,8.0,1034,421.75,22.875
nasa_image_4.png,1.0,129,408.0,22.0
nasa_image_4.png,1.0,129,414.0,22.0
nasa_image_4.png,1.0,129,335.0,23.0
nasa_image_4.png,1.0,129,344.0,23.0
nasa_image_4.png,1.0,129,434.0,23.0
nasa_image_4.png,1.0,129,460.0,23.0
nasa_image_4.png,3.0,390,342.0,24.666666666666668
nasa_image_4.png,3.0,391,414.6666666666667,24.333333333333332
nasa_image_4.png,2.0,261,454.5,24.0
nasa_image_4.png,1.0,129,471.0,24.0
nasa_image_4.png,10.0,1346,511.3,24.6
nasa_image_4.png,1.0,129,527.0,25.0
nasa_image_4.png,3.0,387,409.0,26.0
nasa_image_4.png,1.0,129,418.0,26.0
nasa_image_4.png,20.0,2585,401.55,30.3
nasa_image_4.png,6.0,777,396.8333333333333,30.166666666666668
nasa_image_4.png,2.0,258,477.5,29.0
nasa_image_4.png,4.0,518,408.0,31.0
nasa_image_4.png,5.0,647,439.6,30.6
nasa_image_4.png,1.0,129,445.0,30.0
nasa_image_4.png,2.0,258,448.0,30.5
nasa_image_4.png,1.0,129,428.0,31.0
nasa_image_4.png,2.0,260,456.5,31.0
nasa_image_4.png,1.0,130,418.0,32.0
nasa_image_4.png,1.0,131,423.0,32.0
nasa_image_4.png,23.0,3075,321.95652173913044,34.47826086956522
nasa_image_4.png,7.0,903,394.7142857142857,33.857142857142854
nasa_image_4.png,2.0,258,399.0,33.5
nasa_image_4.png,3.0,387,410.0,33.666666666666664
nasa_image_4.png,35.0,4533,420.51428571428573,35.82857142857143
nasa_image_4.png,4.0,517,435.5,33.0
nasa_image_4.png,2.0,259,446.5,33.0
nasa_image_4.png,1.0,129,468.0,33.0
nasa_image_4.png,1.0,129,407.0,34.0
nasa_image_4.png,3.0,387,450.6666666666667,35.333333333333336
nasa_image_4.png,1.0,129,469.0,35.0
nasa_image_4.png,1.0,129,477.0,36.0
nasa_image_4.png,1.0,129,432.0,37.0
nasa_image_4.png,1.0,129,455.0,37.0
nasa_image_4.png,30.0,3900,432.23333333333335,40.833333333333336
nasa_image_4.png,2.0,258,418.5,40.0
nasa_image_4.png,2.0,259,496.5,44.0
nasa_image_4.png,1.0,129,600.0,55.0
nasa_image_4.png,1.0,130,295.0,56.0
nasa_image_4.png,2.0,258,314.5,57.0
nasa_image_4.png,2.0,259,318.5,57.0
nasa_image_4.png,4.0,516,330.5,57.5
nasa_image_4.png,18.0,2329,321.0,61.611111111111114
nasa_image_4.png,2.0,261,326.5,59.0
nasa_image_4.png,6.0,775,314.1666666666667,63.666666666666664
nasa_image_4.png,11.0,1429,325.09090909090907,64.72727272727273
nasa_image_4.png,1.0,129,316.0,71.0
nasa_image_4.png,1.0,129,302.0,72.0
nasa_image_4.png,2.0,258,306.5,72.0
nasa_image_4.png,1.0,129,311.0,72.0
nasa_image_4.png,15.0,2043,302.0,75.0
nasa_image_4.png,5.0,648,314.8,73.4
nasa_image_4.png,2.0,258,319.0,73.5
nasa_image_4.png,6.0,779,308.1666666666667,75.5
nasa_image_4.png,126.0,17101,327.6984126984127,82.11111111111111
nasa_image_4.png,1.0,129,387.0,76.0
nasa_image_4.png,1.0,131,311.0,77.0
nasa_image_4.png,1.0,130,400.0,79.0
nasa_image_4.png,2.0,259,366.5,80.0
nasa_image_4.png,1.0,129,375.0,80.0
nasa_image_4.png,1.0,129,359.0,81.0
nasa_image_4.png,3.0,387,396.6666666666667,81.33333333333333
nasa_image_4.png,3.0,387,344.6666666666667,83.33333333333333
nasa_image_4.png,1.0,131,384.0,87.0
nasa_image_4.png,2.0,261,393.5,87.0
nasa_image_4.png,4.0,516,404.0,87.75
nasa_image_4.png,6.0,778,348.1666666666667,89.0
nasa_image_4.png,5.0,645,391.2,109.8
nasa_image_4.png,1.0,129,391.0,113.0
nasa_image_4.png,1.0,129,402.0,119.0
nasa_image_4.png,13.0,1678,401.15384615384613,123.76923076923077
nasa_image_4.png,6.0,776,407.1666666666667,122.16666666666667
nasa_image_4.png,2.0,258,412.5,122.0
nasa_image_4.png,10.0,1431,183.5,131.2
nasa_image_4.png,9.0,1267,169.66666666666666,134.88888888888889
nasa_image_4.png,19.0,2705,407.1578947368421,146.31578947368422
nasa_image_4.png,5.0,663,419.4,148.8
nasa_image_4.png,1.0,130,404.0,160.0
nasa_image_4.png,1.0,134,159.0,163.0
nasa_image_4.png,18.0,2472,353.3888888888889,164.55555555555554
nasa_image_4.png,73.0,10838,400.64383561643837,176.27397260273972
nasa_image_4.png,1.0,129,405.0,171.0
nasa_image_4.png,2.0,261,410.5,178.5
nasa_image_4.png,3.0,387,413.3333333333333,179.33333333333334
nasa_image_4.png,2.0,259,615.5,183.5
nasa_image_4.png,1.0,129,623.0,184.0
nasa_image_4.png,2.0,258,593.5,185.0
nasa_image_4.png,14.0,1980,414.85714285714283,188.21428571428572
nasa_image_4.png,7.0,917,445.14285714285717,188.28571428571428
nasa_image_4.png,1.0,132,248.0,187.0
nasa_image_4.png,2.0,258,442.0,187.5
nasa_image_4.png,2.0,267,449.0,190.5
nasa_image_4.png,3.0,389,567.6666666666666,191.0
nasa_image_4.png,2.0,258,578.0,190.5
nasa_image_4.png,7.0,921,144.85714285714286,191.42857142857142
nasa_image_4.png,2304.0,356555,258.3307291666667,217.86848958333334
nasa_image_4.png,448.0,65011,453.640625,209.94196428571428
nasa_image_4.png,8.0,1222,243.75,196.875
nasa_image_4.png,5.0,720,482.6,196.8
nasa_image_4.png,17.0,2503,343.11764705882354,199.0
nasa_image_4.png,1.0,129,450.0,197.0
nasa_image_4.png,35.0,4545,499.77142857142854,199.17142857142858
nasa_image_4.png,2.0,259,508.5,197.0
nasa_image_4.png,1.0,130,239.0,198.0
nasa_image_4.png,150.0,22751,294.9866666666667,203.45333333333335
nasa_image_4.png,2.0,259,456.0,198.5
nasa_image_4.png,6.0,846,490.3333333333333,199.83333333333334
nasa_image_4.png,3.0,404,146.66666666666666,200.33333333333334
nasa_image_4.png,47.0,7080,176.91489361702128,203.74468085106383
nasa_image_4.png,2.0,267,331.5,200.0
nasa_image_4.png,1.0,129,467.0,200.0
nasa_image_4.png,6.0,819,478.8333333333333,201.33333333333334
nasa_image_4.png,2.0,261,507.0,200.5
nasa_image_4.png,6.0,776,512.0,202.0
nasa_image_4.png,3.0,398,184.33333333333334,201.66666666666666
nasa_image_4.png,2.0,262,308.5,201.0
nasa_image_4.png,2.0,268,190.0,202.5
nasa_image_4.png,5.0,686,472.6,203.4
nasa_image_4.png,3.0,394,483.0,203.0
nasa_image_4.png,843.0,132046,402.0260972716489,212.3973902728351
nasa_image_4.png,2.0,259,495.5,203.5
nasa_image_4.png,6.0,813,167.66666666666666,205.16666666666666
nasa_image_4.png,4.0,524,536.0,205.5
nasa_image_4.png,4.0,517,501.0,205.75
nasa_image_4.png,5.0,758,183.8,207.6
nasa_image_4.png,7.0,985,484.14285714285717,208.0
nasa_image_4.png,2.0,267,492.0,206.5
nasa_image_4.png,12.0,1559,626.5833333333334,207.66666666666666
nasa_image_4.png,12.0,1611,475.25,210.33333333333334
nasa_image_4.png,6.0,780,511.5,208.0
nasa_image_4.png,1.0,129,520.0,207.0
nasa_image_4.png,2.0,259,632.5,207.0
nasa_image_4.png,1.0,135,172.0,208.0
nasa_image_4.png,3.0,403,359.3333333333333,208.66666666666666
nasa_image_4.png,1.0,144,479.0,208.0
nasa_image_4.png,2.0,258,639.0,208.5
nasa_image_4.png,1.0,129,201.0,209.0
nasa_image_4.png,10.0,1356,491.5,211.0
nasa_image_4.png,3.0,397,347.0,210.0
nasa_image_4.png,12.0,1755,482.0,212.83333333333334
nasa_image_4.png,52.0,7538,317.7307692307692,215.53846153846155
nasa_image_4.png,79.0,10879,306.8354430379747,218.18987341772151
nasa_image_4.png,4.0,519,538.0,214.25
nasa_image_4.png,7.0,906,567.2857142857143,216.14285714285714
nasa_image_4.png,1.0,129,572.0,214.0
nasa_image_4.png,1.0,129,500.0,215.0
nasa_image_4.png,1.0,130,544.0,215.0
nasa_image_4.png,1.0,129,584.0,215.0
nasa_image_4.png,4.0,552,494.0,217.5
nasa_image_4.png,1.0,129,503.0,216.0
nasa_image_4.png,1.0,129,519.0,216.0
nasa_image_4.png,2.0,258,546.5,216.0
nasa_image_4.png,1.0,129,602.0,216.0
nasa_image_4.png,7.0,920,595.7142857142857,219.14285714285714
nasa_image_4.png,10.0,1325,187.0,218.5
nasa_image_4.png,1.0,129,502.0,218.0
nasa_image_4.png,4.0,518,532.0,218.5
nasa_image_4.png,1.0,129,618.0,218.0
nasa_image_4.png,3.0,394,439.0,220.0
nasa_image_4.png,1.0,130,499.0,219.0
nasa_image_4.png,4.0,546,484.5,220.5
nasa_image_4.png,86.0,12065,515.3720930232558,223.59302325581396
nasa_image_4.png,1.0,132,617.0,220.0
nasa_image_4.png,9.0,1314,623.3333333333334,222.66666666666666
nasa_image_4.png,1.0,129,196.0,221.0
nasa_image_4.png,1.0,129,386.0,221.0
nasa_image_4.png,5.0,649,436.4,222.0
nasa_image_4.png,2.0,262,455.0,221.5
nasa_image_4.png,223.0,32406,337.62331838565024,231.33632286995515
nasa_image_4.png,1.0,130,448.0,222.0
nasa_image_4.png,40.0,5485,577.775,223.85
nasa_image_4.png,5.0,672,590.8,223.4
nasa_image_4.png,5.0,773,125.4,223.8
nasa_image_4.png,5.0,706,173.6,224.2
nasa_image_4.png,3.0,392,451.6666666666667,223.66666666666666
nasa_image_4.png,2.0,258,544.5,223.0
nasa_image_4.png,1.0,129,570.0,223.0
nasa_image_4.png,39.0,6063,195.76923076923077,226.84615384615384
nasa_image_4.png,3.0,389,422.0,224.0
nasa_image_4.png,1.0,131,435.0,224.0
nasa_image_4.png,1.0,129,475.0,224.0
nasa_image_4.png,5.0,689,488.4,225.6
nasa_image_4.png,1.0,131,607.0,224.0
nasa_image_4.png,1.0,136,617.0,224.0
nasa_image_4.png,2.0,265,130.5,225.5
nasa_image_4.png,39.0,6139,204.76923076923077,227.12820512820514
nasa_image_4.png,15.0,2065,225.2,229.66666666666666
nasa_image_4.png,2.0,260,447.5,225.0
nasa_image_4.png,1.0,129,559.0,225.0
nasa_image_4.png,6.0,784,564.5,225.0
nasa_image_4.png,7.0,941,423.2857142857143,226.85714285714286
nasa_image_4.png,1.0,129,431.0,226.0
nasa_image_4.png,1.0,132,464.0,226.0
nasa_image_4.png,1.0,131,467.0,226.0
nasa_image_4.png,8.0,1140,478.0,228.75
nasa_image_4.png,1.0,129,544.0,226.0
nasa_image_4.png,6.0,799,596.6666666666666,227.16666666666666
nasa_image_4.png,5.0,653,618.6,227.4
nasa_image_4.png,1.0,129,300.0,227.0
nasa_image_4.png,3.0,396,330.3333333333333,227.33333333333334
nasa_image_4.png,1.0,130,435.0,227.0
nasa_image_4.png,16.0,2239,467.9375,228.0625
nasa_image_4.png,5.0,702,495.0,229.0
nasa_image_4.png,4.0,549,592.0,228.5
nasa_image_4.png,2.0,264,319.0,228.5
nasa_image_4.png,31.0,4330,446.93548387096774,229.48387096774192
nasa_image_4.png,2.0,261,459.5,228.0
nasa_image_4.png,5.0,729,483.2,228.4
nasa_image_4.png,6.0,777,558.5,228.0
nasa_image_4.png,2.0,273,178.0,229.5
nasa_image_4.png,1.0,131,611.0,229.0
nasa_image_4.png,2.0,260,405.0,230.5
nasa_image_4.png,68.0,9604,562.2058823529412,231.5735294117647
nasa_image_4.png,1.0,129,346.0,232.0
nasa_image_4.png,56.0,8459,359.9642857142857,234.94642857142858
nasa_image_4.png,3.0,398,401.3333333333333,232.33333333333334
nasa_image_4.png,1.0,129,349.0,233.0
nasa_image_4.png,9.0,1210,394.22222222222223,237.55555555555554
nasa_image_4.png,1.0,129,629.0,240.0
nasa_image_4.png,1.0,133,324.0,244.0
nasa_image_4.png,1.0,130,628.0,247.0
nasa_image_4.png,8.0,1085,635.0,248.75
nasa_image_4.png,2.0,260,630.0,248.5
nasa_image_4.png,1.0,143,494.0,249.0
nasa_image_4.png,2.0,273,416.0,250.5
nasa_image_4.png,1.0,131,485.0,250.0
nasa_image_4.png,2.0,261,575.5,251.0
nasa_image_4.png,1.0,131,621.0,251.0
nasa_image_4.png,5.0,702,627.6,251.8
nasa_image_4.png,6.0,783,530.6666666666666,253.66666666666666
nasa_image_4.png,74.0,10383,634.8783783783783,257.8783783783784
nasa_image_4.png,3.0,433,219.0,255.0
nasa_image_4.png,5.0,669,324.8,255.6
nasa_image_4.png,518.0,72678,573.5096525096525,263.22200772200773
nasa_image_4.png,184.0,25341,607.2010869565217,264.29347826086956
nasa_image_4.png,1.0,137,417.0,255.0
nasa_image_4.png,77.0,10534,621.8701298701299,259.4155844155844
nasa_image_4.png,3.0,393,386.6666666666667,257.0
nasa_image_4.png,1.0,130,423.0,256.0
nasa_image_4.png,2.0,260,518.5,257.0
nasa_image_4.png,6.0,797,286.5,260.0
nasa_image_4.png,5.0,682,334.8,260.4
nasa_image_4.png,2.0,269,280.0,261.5
nasa_image_4.png,2.0,278,348.0,261.5
nasa_image_4.png,2.0,258,385.0,261.5
nasa_image_4.png,4.0,529,423.0,262.5
nasa_image_4.png,1.0,130,324.0,262.0
nasa_image_4.png,2.0,280,376.0,263.5
nasa_image_4.png,7.0,938,79.42857142857143,266.42857142857144
nasa_image_4.png,2.0,259,291.5,264.0
nasa_image_4.png,11173.0,1856661,297.66633849458515,316.0383066320594
nasa_image_4.png,1.0,129,597.0,264.0
nasa_image_4.png,54.0,7229,629.3333333333334,268.24074074074076
nasa_image_4.png,1.0,129,318.0,265.0
nasa_image_4.png,5.0,706,419.0,267.0
nasa_image_4.png,53.0,7474,596.5094339622641,271.8679245283019
nasa_image_4.png,1.0,137,90.0,266.0
nasa_image_4.png,2.0,260,280.5,266.5
nasa_image_4.png,33.0,4542,621.0909090909091,272.1818181818182
nasa_image_4.png,5.0,669,350.2,268.2
nasa_image_4.png,7.0,923,324.0,270.57142857142856
nasa_image_4.png,1.0,136,346.0,268.0
nasa_image_4.png,1.0,141,528.0,268.0
nasa_image_4.png,1.0,129,391.0,269.0
nasa_image_4.png,2.0,290,415.0,269.5
nasa_image_4.png,56.0,7635,568.3571428571429,275.92857142857144
nasa_image_4.png,1.0,132,210.0,271.0
nasa_image_4.png,1.0,129,360.0,271.0
nasa_image_4.png,11.0,1884,376.8181818181818,273.72727272727275
nasa_image_4.png,6.0,859,489.5,272.0
nasa_image_4.png,3.0,399,500.6666666666667,271.3333333333333
nasa_image_4.png,4.0,526,519.5,271.0
nasa_image_4.png,4.0,527,527.5,271.25
nasa_image_4.png,350.0,48112,548.9742857142858,280.04857142857145
nasa_image_4.png,1.0,130,171.0,272.0
nasa_image_4.png,1.0,130,357.0,272.0
nasa_image_4.png,1.0,129,392.0,272.0
nasa_image_4.png,58.0,8723,400.2931034482759,275.8448275862069
nasa_image_4.png,3.0,401,577.0,273.0
nasa_image_4.png,2.0,267,219.5,273.5
nasa_image_4.png,19.0,2804,381.94736842105266,277.2631578947368
nasa_image_4.png,73.0,11539,387.041095890411,281.8904109589041
nasa_image_4.png,214.0,30896,439.1121495327103,276.8551401869159
nasa_image_4.png,5.0,718,410.0,275.0
nasa_image_4.png,2.0,265,416.5,274.0
nasa_image_4.png,1.0,147,495.0,274.0
nasa_image_4.png,6.0,818,637.6666666666666,275.5
nasa_image_4.png,5.0,651,633.4,276.0
nasa_image_4.png,5.0,670,496.2,278.0
nasa_image_4.png,414.0,56811,519.524154589372,286.1352657004831
nasa_image_4.png,10.0,1378,588.6,278.5
nasa_image_4.png,1.0,136,591.0,276.0
nasa_image_4.png,1.0,129,626.0,276.0
nasa_image_4.png,85.0,12678,191.65882352941176,286.18823529411765
nasa_image_4.png,3.0,405,325.0,278.0
nasa_image_4.png,49.0,7591,501.6734693877551,291.9183673469388
nasa_image_4.png,12.0,1643,620.9166666666666,281.0
nasa_image_4.png,5.0,713,119.6,279.6
nasa_image_4.png,50.0,7632,173.76,284.14
nasa_image_4.png,12.0,1780,180.5,279.0
nasa_image_4.png,1.0,141,185.0,278.0
nasa_image_4.png,302.0,44279,433.67218543046357,292.3973509933775
nasa_image_4.png,12.0,1599,607.1666666666666,280.75
nasa_image_4.png,9.0,1271,636.1111111111111,280.6666666666667
nasa_image_4.png,1.0,129,125.0,279.0
nasa_image_4.png,1.0,134,127.0,279.0
nasa_image_4.png,1.0,135,131.0,279.0
nasa_image_4.png,2.0,273,135.0,279.5
nasa_image_4.png,1.0,132,140.0,279.0
nasa_image_4.png,5.0,665,145.0,279.0
nasa_image_4.png,125.0,19126,411.176,293.624
nasa_image_4.png,2.0,270,92.0,280.5
nasa_image_4.png,2.0,265,477.0,280.5
nasa_image_4.png,1.0,142,59.0,281.0
nasa_image_4.png,1.0,140,64.0,281.0
nasa_image_4.png,1.0,147,100.0,281.0
nasa_image_4.png,1.0,133,125.0,281.0
nasa_image_4.png,27.0,4276,199.1851851851852,285.0
nasa_image_4.png,33.0,5085,208.0909090909091,285.45454545454544
nasa_image_4.png,9.0,1459,212.77777777777777,283.1111111111111
nasa_image_4.png,3.0,414,285.6666666666667,282.0
nasa_image_4.png,12.0,1790,574.8333333333334,283.5
nasa_image_4.png,1.0,132,585.0,281.0
nasa_image_4.png,2.0,262,94.0,282.5
nasa_image_4.png,3.0,421,487.0,283.0
nasa_image_4.png,1.0,130,602.0,282.0
nasa_image_4.png,8.0,1149,84.25,285.75
nasa_image_4.png,1.0,130,124.0,283.0
nasa_image_4.png,2.0,260,134.0,283.5
nasa_image_4.png,43.0,6155,158.88372093023256,286.3488372093023
nasa_image_4.png,1.0,132,391.0,283.0
nasa_image_4.png,16.0,2286,481.5,286.6875
nasa_image_4.png,1.0,130,585.0,283.0
nasa_image_4.png,4.0,530,587.75,284.5
nasa_image_4.png,2.0,266,597.5,283.0
nasa_image_4.png,2.0,275,75.0,284.5
nasa_image_4.png,44.0,6064,146.0909090909091,286.72727272727275
nasa_image_4.png,1.0,154,182.0,284.0
nasa_image_4.png,48.0,7113,459.8958333333333,288.875
nasa_image_4.png,48.0,7087,467.7708333333333,286.8541666666667
nasa_image_4.png,1.0,130,511.0,284.0
nasa_image_4.png,1.0,130,583.0,284.0
nasa_image_4.png,1.0,129,595.0,284.0
nasa_image_4.png,8.0,1123,66.25,287.125
nasa_image_4.png,10.0,1473,92.8,286.7
nasa_image_4.png,2.0,281,99.0,285.5
nasa_image_4.png,233.0,35557,390.2360515021459,298.42918454935625
nasa_image_4.png,17.0,2798,490.05882352941177,288.29411764705884
nasa_image_4.png,2.0,281,495.0,285.5
nasa_image_4.png,4.0,548,599.25,285.75
nasa_image_4.png,6.0,846,111.16666666666667,287.1666666666667
nasa_image_4.png,1.0,139,126.0,286.0
nasa_image_4.png,10.0,1408,132.0,287.8
nasa_image_4.png,4.0,615,486.0,287.5
nasa_image_4.png,1.0,134,605.0,286.0
nasa_image_4.png,2.0,264,635.0,286.5
nasa_image_4.png,2.0,267,56.5,287.5
nasa_image_4.png,7.0,970,122.0,288.2857142857143
nasa_image_4.png,48.0,6666,204.04166666666666,293.2291666666667
nasa_image_4.png,6.0,891,177.5,290.0
nasa_image_4.png,1.0,134,207.0,288.0
nasa_image_4.png,28.0,4615,497.42857142857144,295.92857142857144
nasa_image_4.png,1.0,133,557.0,288.0
nasa_image_4.png,1.0,130,559.0,288.0
nasa_image_4.png,2.0,281,566.0,288.5
nasa_image_4.png,2.0,279,577.5,289.0
nasa_image_4.png,3.0,431,635.0,290.0
nasa_image_4.png,2.0,284,97.0,290.5
nasa_image_4.png,10.0,1521,164.0,293.2
nasa_image_4.png,3.0,403,553.3333333333334,290.6666666666667
nasa_image_4.png,2.0,258,563.5,290.0
nasa_image_4.png,2.0,279,583.0,290.5
nasa_image_4.png,2.0,284,589.0,290.5
nasa_image_4.png,4.0,534,605.75,290.75
nasa_image_4.png,1.0,130,154.0,291.0
nasa_image_4.png,2.0,281,402.0,291.5
nasa_image_4.png,45.0,6097,470.1111111111111,298.3777777777778
nasa_image_4.png,2.0,271,101.0,292.5
nasa_image_4.png,6.0,820,173.0,294.5
nasa_image_4.png,23.0,3156,544.2608695652174,298.5217391304348
nasa_image_4.png,3.0,398,550.6666666666666,292.3333333333333
nasa_image_4.png,2.0,326,563.0,292.5
nasa_image_4.png,3.0,440,617.0,293.0
nasa_image_4.png,1.0,130,111.0,293.0
nasa_image_4.png,8.0,1068,186.0,294.75
nasa_image_4.png,1.0,145,479.0,293.0
nasa_image_4.png,2.0,271,493.0,293.5
nasa_image_4.png,7.0,997,555.8571428571429,294.57142857142856
nasa_image_4.png,7.0,997,599.7142857142857,294.85714285714283
nasa_image_4.png,1.0,140,631.0,293.0
nasa_image_4.png,3.0,429,119.0,295.0
nasa_image_4.png,3.0,393,123.66666666666667,294.6666666666667
nasa_image_4.png,1.0,132,155.0,294.0
nasa_image_4.png,8.0,1169,157.5,296.5
nasa_image_4.png,2.0,278,180.5,294.0
nasa_image_4.png,35.0,5342,397.6857142857143,302.8857142857143
nasa_image_4.png,1.0,134,453.0,294.0
nasa_image_4.png,1.0,137,634.0,294.0
nasa_image_4.png,2.0,295,479.0,295.5
nasa_image_4.png,4.0,518,515.5,295.5
nasa_image_4.png,3.0,425,572.6666666666666,295.6666666666667
nasa_image_4.png,1.0,133,139.0,296.0
nasa_image_4.png,1.0,136,405.0,296.0
nasa_image_4.png,12.0,1662,422.5833333333333,299.1666666666667
nasa_image_4.png,31.0,4644,490.35483870967744,303.96774193548384
nasa_image_4.png,4.0,580,584.5,297.0
nasa_image_4.png,7.0,969,605.8571428571429,296.7142857142857
nasa_image_4.png,1.0,150,630.0,296.0
nasa_image_4.png,30.0,4319,418.1,303.5
nasa_image_4.png,2.0,285,455.0,297.5
nasa_image_4.png,2.0,260,564.5,297.0
nasa_image_4.png,1.0,131,596.0,297.0
nasa_image_4.png,3.0,408,138.0,299.0
nasa_image_4.png,2.0,272,198.0,298.5
nasa_image_4.png,13.0,1771,459.9230769230769,300.6923076923077
nasa_image_4.png,4.0,519,533.25,299.0
nasa_image_4.png,3.0,424,635.3333333333334,298.6666666666667
nasa_image_4.png,2.0,265,183.5,299.5
nasa_image_4.png,12.0,1707,403.5,301.0833333333333
nasa_image_4.png,14.0,1991,438.7142857142857,302.64285714285717
nasa_image_4.png,5.0,689,448.2,300.8
nasa_image_4.png,10.0,1320,553.9,300.0
nasa_image_4.png,4.0,555,558.25,300.0
nasa_image_4.png,9.0,1201,570.4444444444445,301.0
nasa_image_4.png,2.0,266,114.0,300.5
nasa_image_4.png,4.0,554,162.75,301.25
nasa_image_4.png,8.0,1302,338.625,302.25
nasa_image_4.png,1.0,132,197.0,301.0
nasa_image_4.png,2.0,268,443.0,301.5
nasa_image_4.png,1.0,132,576.0,301.0
nasa_image_4.png,2.0,270,592.0,301.5
nasa_image_4.png,9.0,1247,451.6666666666667,303.55555555555554
nasa_image_4.png,3.0,426,563.3333333333334,302.6666666666667
nasa_image_4.png,4.0,542,196.0,304.5
nasa_image_4.png,5.0,689,559.0,305.0
nasa_image_4.png,1.0,144,617.0,303.0
nasa_image_4.png,2.0,266,191.0,304.5
nasa_image_4.png,36.0,5139,409.3611111111111,311.5
nasa_image_4.png,3.0,486,625.0,305.0
nasa_image_4.png,3.0,407,234.0,305.0
nasa_image_4.png,1.0,131,430.0,305.0
nasa_image_4.png,4.0,530,445.75,306.25
nasa_image_4.png,3.0,393,592.3333333333334,305.6666666666667
nasa_image_4.png,1.0,136,161.0,306.0
nasa_image_4.png,32.0,4350,402.53125,310.625
nasa_image_4.png,10.0,1415,597.7,308.9
nasa_image_4.png,4.0,541,509.0,308.5
nasa_image_4.png,3.0,434,551.0,308.0
nasa_image_4.png,2.0,289,612.0,307.5
nasa_image_4.png,1.0,144,96.0,308.0
nasa_image_4.png,6.0,873,377.5,309.5
nasa_image_4.png,5.0,719,453.4,308.8
nasa_image_4.png,4.0,567,565.0,309.5
nasa_image_4.png,1.0,133,617.0,308.0
nasa_image_4.png,3.0,400,199.33333333333334,310.0
nasa_image_4.png,1.0,130,468.0,309.0
nasa_image_4.png,3.0,447,498.0,310.0
nasa_image_4.png,1.0,132,463.0,310.0
nasa_image_4.png,2.0,258,471.5,310.0
nasa_image_4.png,1.0,131,539.0,310.0
nasa_image_4.png,1.0,131,583.0,310.0
nasa_image_4.png,2.0,259,591.5,310.5
nasa_image_4.png,3.0,400,608.3333333333334,310.6666666666667
nasa_image_4.png,283.0,44767,381.53003533568904,336.24028268551234
nasa_image_4.png,4.0,547,559.0,312.5
nasa_image_4.png,1.0,129,604.0,311.0
nasa_image_4.png,9.0,1216,418.0,314.6666666666667
nasa_image_4.png,3.0,402,429.0,313.0
nasa_image_4.png,1.0,133,434.0,312.0
nasa_image_4.png,7.0,986,443.57142857142856,313.7142857142857
nasa_image_4.png,1.0,129,473.0,312.0
nasa_image_4.png,1.0,130,545.0,312.0
nasa_image_4.png,1.0,137,573.0,312.0
nasa_image_4.png,1.0,130,585.0,312.0
nasa_image_4.png,9.0,1266,178.44444444444446,315.3333333333333
nasa_image_4.png,17.0,2514,196.11764705882354,314.11764705882354
nasa_image_4.png,96.0,14023,221.46875,316.28125
nasa_image_4.png,2.0,263,451.0,313.5
nasa_image_4.png,7.0,982,502.7142857142857,314.85714285714283
nasa_image_4.png,3.0,420,146.0,315.0
nasa_image_4.png,2.0,277,152.0,314.5
nasa_image_4.png,7.0,1042,159.0,315.57142857142856
nasa_image_4.png,8.0,1216,165.125,315.125
nasa_image_4.png,11.0,1668,171.45454545454547,315.90909090909093
nasa_image_4.png,9.0,1270,184.88888888888889,314.8888888888889
nasa_image_4.png,1.0,132,436.0,314.0
nasa_image_4.png,5.0,661,464.4,315.2
nasa_image_4.png,10.0,1329,545.0,318.5
nasa_image_4.png,2.0,284,113.0,315.5
nasa_image_4.png,2.0,270,127.5,315.0
nasa_image_4.png,5.0,715,371.8,316.6
nasa_image_4.png,20.0,2815,382.6,319.05
nasa_image_4.png,1.0,135,473.0,315.0
nasa_image_4.png,3.0,399,495.3333333333333,315.3333333333333
nasa_image_4.png,1.0,131,563.0,315.0
nasa_image_4.png,1.0,148,607.0,315.0
nasa_image_4.png,1.0,137,394.0,316.0
nasa_image_4.png,2.0,280,453.0,316.5
nasa_image_4.png,4.0,604,481.0,317.5
nasa_image_4.png,2.0,268,632.0,316.5
nasa_image_4.png,1.0,129,639.0,316.0
nasa_image_4.png,1.0,134,173.0,318.0
nasa_image_4.png,5.0,654,550.2,319.8
nasa_image_4.png,1.0,133,123.0,319.0
nasa_image_4.png,1.0,129,153.0,319.0
nasa_image_4.png,1.0,144,196.0,319.0
nasa_image_4.png,4.0,591,394.0,319.25
nasa_image_4.png,4.0,564,417.25,320.0
nasa_image_4.png,2.0,270,185.5,320.0
nasa_image_4.png,4.0,572,404.5,320.5
nasa_image_4.png,2.0,286,422.5,320.5
nasa_image_4.png,1.0,131,438.0,320.0
nasa_image_4.png,2.0,282,498.0,320.5
nasa_image_4.png,1.0,135,525.0,320.0
nasa_image_4.png,2.0,269,92.0,321.5
nasa_image_4.png,8.0,1110,453.5,323.875
nasa_image_4.png,1.0,131,465.0,322.0
nasa_image_4.png,18.0,2523,469.72222222222223,327.1666666666667
nasa_image_4.png,4.0,537,582.5,323.0
nasa_image_4.png,1.0,130,3.0,323.0
nasa_image_4.png,1.0,135,400.0,323.0
nasa_image_4.png,4.0,579,474.5,324.0
nasa_image_4.png,4.0,592,490.0,324.5
nasa_image_4.png,1.0,133,611.0,323.0
nasa_image_4.png,2.0,267,128.0,324.5
nasa_image_4.png,4.0,578,481.25,325.0
nasa_image_4.png,3.0,399,510.6666666666667,325.0
nasa_image_4.png,3.0,408,521.3333333333334,324.6666666666667
nasa_image_4.png,2.0,288,607.0,324.5
nasa_image_4.png,1.0,130,246.0,325.0
nasa_image_4.png,28.0,4342,392.92857142857144,327.7142857142857
nasa_image_4.png,9.0,1353,464.0,327.6666666666667
nasa_image_4.png,1.0,139,503.0,325.0
nasa_image_4.png,1.0,129,531.0,325.0
nasa_image_4.png,1.0,132,553.0,325.0
nasa_image_4.png,1.0,136,637.0,325.0
nasa_image_4.png,153.0,22381,405.1111111111111,334.0980392156863
nasa_image_4.png,12.0,1772,429.5,327.6666666666667
nasa_image_4.png,11.0,1540,437.09090909090907,327.0
nasa_image_4.png,2.0,272,446.5,326.5
nasa_image_4.png,2.0,296,476.0,326.5
nasa_image_4.png,1.0,132,494.0,326.0
nasa_image_4.png,2.0,275,86.0,327.5
nasa_image_4.png,13.0,1928,153.15384615384616,329.84615384615387
nasa_image_4.png,3.0,398,158.0,328.0
nasa_image_4.png,41.0,5796,420.9268292682927,329.1707317073171
nasa_image_4.png,33.0,4829,443.2121212121212,336.5151515151515
nasa_image_4.png,1.0,134,506.0,327.0
nasa_image_4.png,1.0,131,621.0,327.0
nasa_image_4.png,5.0,683,119.2,329.4
nasa_image_4.png,5.0,721,143.4,328.8
nasa_image_4.png,16.0,2202,166.8125,329.9375
nasa_image_4.png,4.0,544,434.75,328.75
nasa_image_4.png,4.0,556,451.75,329.0
nasa_image_4.png,1.0,137,59.0,329.0
nasa_image_4.png,2.0,303,94.0,329.5
nasa_image_4.png,1.0,136,127.0,329.0
nasa_image_4.png,1.0,130,139.0,329.0
nasa_image_4.png,19.0,2832,190.6315789473684,333.5263157894737
nasa_image_4.png,1.0,131,448.0,329.0
nasa_image_4.png,3.0,403,523.0,330.0
nasa_image_4.png,1.0,132,104.0,330.0
nasa_image_4.png,2.0,273,173.0,330.5
nasa_image_4.png,127.0,17553,180.77165354330708,335.43307086614175
nasa_image_4.png,21.0,3170,374.42857142857144,337.0
nasa_image_4.png,7.0,1056,456.7142857142857,331.57142857142856
nasa_image_4.png,4.0,567,489.0,331.25
nasa_image_4.png,4.0,538,513.25,331.5
nasa_image_4.png,2.0,269,581.5,330.0
nasa_image_4.png,4.0,548,158.5,332.0
nasa_image_4.png,14.0,2008,430.2142857142857,334.0
nasa_image_4.png,44.0,6881,196.47727272727272,342.3863636363636
nasa_image_4.png,6.0,852,436.5,333.5
nasa_image_4.png,2.0,292,452.0,332.5
nasa_image_4.png,2.0,283,551.0,332.5
nasa_image_4.png,1.0,132,583.0,332.0
nasa_image_4.png,10.0,1542,395.2,335.2
nasa_image_4.png,6.0,822,473.3333333333333,334.8333333333333
nasa_image_4.png,1.0,129,505.0,333.0
nasa_image_4.png,1.0,129,544.0,333.0
nasa_image_4.png,4.0,557,167.25,335.25
nasa_image_4.png,194.0,27868,388.33505154639175,348.5
nasa_image_4.png,38.0,5555,420.86842105263156,337.05263157894734
nasa_image_4.png,2.0,273,66.5,335.0
nasa_image_4.png,3.0,405,80.66666666666667,336.0
nasa_image_4.png,1.0,131,146.0,335.0
nasa_image_4.png,7.0,984,155.57142857142858,337.42857142857144
nasa_image_4.png,28.0,3954,414.35714285714283,341.5357142857143
nasa_image_4.png,5.0,684,505.8,335.8
nasa_image_4.png,1.0,130,523.0,335.0
nasa_image_4.png,1.0,140,596.0,335.0
nasa_image_4.png,2.0,265,110.5,336.0
nasa_image_4.png,2.0,302,137.5,336.0
nasa_image_4.png,2.0,277,151.0,336.5
nasa_image_4.png,6.0,790,163.5,337.5
nasa_image_4.png,3.0,401,451.0,337.0
nasa_image_4.png,4.0,589,455.25,337.5
nasa_image_4.png,10.0,1458,464.4,339.3
nasa_image_4.png,2.0,283,193.0,337.5
nasa_image_4.png,3.0,390,515.0,338.0
nasa_image_4.png,4.0,543,545.5,338.0
nasa_image_4.png,2.0,261,606.0,337.5
nasa_image_4.png,5.0,657,446.6,339.4
nasa_image_4.png,3.0,423,492.6666666666667,339.0
nasa_image_4.png,2.0,285,553.0,338.5
nasa_image_4.png,3.0,396,167.33333333333334,340.0
nasa_image_4.png,2.0,277,432.0,339.5
nasa_image_4.png,3.0,446,475.0,340.0
nasa_image_4.png,2.0,270,162.0,340.5
nasa_image_4.png,5.0,679,171.6,341.2
nasa_image_4.png,7.0,1067,459.14285714285717,342.85714285714283
nasa_image_4.png,1.0,132,557.0,340.0
nasa_image_4.png,5.0,698,187.4,342.4
nasa_image_4.png,6.0,846,200.66666666666666,343.5
nasa_image_4.png,4.0,523,495.75,342.25
nasa_image_4.png,2.0,273,519.0,341.5
nasa_image_4.png,5.0,665,523.2,343.2
nasa_image_4.png,1.0,136,528.0,342.0
nasa_image_4.png,6.0,788,435.0,344.1666666666667
nasa_image_4.png,1.0,132,541.0,343.0
nasa_image_4.png,1.0,137,595.0,343.0
nasa_image_4.png,2.0,267,431.0,344.5
nasa_image_4.png,3.0,414,449.0,345.0
nasa_image_4.png,1.0,130,607.0,344.0
nasa_image_4.png,13.0,1899,425.38461538461536,348.6923076923077
nasa_image_4.png,3.0,402,537.0,346.0
nasa_image_4.png,7.0,1019,408.7142857142857,349.14285714285717
nasa_image_4.png,8.0,1144,459.5,348.5
nasa_image_4.png,28.0,4106,402.7142857142857,353.14285714285717
nasa_image_4.png,7.0,945,416.57142857142856,349.7142857142857
nasa_image_4.png,5.0,732,439.0,350.0
nasa_image_4.png,5.0,651,545.2,349.6
nasa_image_4.png,2.0,267,555.0,348.5
nasa_image_4.png,14.0,2045,422.5,352.7142857142857
nasa_image_4.png,2.0,278,444.0,349.5
nasa_image_4.png,3.0,399,200.66666666666666,350.6666666666667
nasa_image_4.png,8.0,1130,185.125,353.875
nasa_image_4.png,3.0,425,605.3333333333334,352.0
nasa_image_4.png,3.0,419,413.0,353.0
nasa_image_4.png,1.0,132,471.0,352.0
nasa_image_4.png,2.0,274,589.0,352.5
nasa_image_4.png,1.0,133,201.0,353.0
nasa_image_4.png,8.0,1176,417.625,355.375
nasa_image_4.png,1.0,134,527.0,353.0
nasa_image_4.png,2.0,265,434.5,354.0
nasa_image_4.png,4.0,571,199.0,356.5
nasa_image_4.png,2.0,280,457.0,355.5
nasa_image_4.png,1.0,129,516.0,355.0
nasa_image_4.png,2.0,268,176.0,357.5
nasa_image_4.png,1.0,145,158.0,359.0
nasa_image_4.png,1.0,130,288.0,359.0
nasa_image_4.png,1.0,130,547.0,359.0
nasa_image_4.png,1.0,129,391.0,360.0
nasa_image_4.png,1.0,129,293.0,362.0
nasa_image_4.png,1.0,129,322.0,364.0
nasa_image_4.png,1.0,133,376.0,364.0
nasa_image_4.png,11.0,1632,385.8181818181818,366.27272727272725
nasa_image_4.png,1.0,130,393.0,366.0
nasa_image_5.png,1.0,224,86.0,0.0
nasa_image_5.png,1.0,153,282.0,0.0
nasa_image_5.png,2.0,285,202.5,1.0
nasa_image_5.png,2.0,302,256.5,1.0
nasa_image_5.png,1.0,176,310.0,2.0
nasa_image_5.png,3.0,559,392.6666666666667,2.6666666666666665
nasa_image_5.png,1.0,152,565.0,2.0
nasa_image_5.png,1.0,153,867.0,2.0
nasa_image_5.png,2.0,320,313.0,3.5
nasa_image_5.png,1.0,203,140.0,4.0
nasa_image_5.png,3.0,543,192.0,6.0
nasa_image_5.png,8.0,1673,278.875,6.125
nasa_image_5.png,2.0,317,310.0,5.5
nasa_image_5.png,1.0,129,415.0,5.0
nasa_image_5.png,2.0,306,722.5,5.0
nasa_image_5.png,1.0,147,169.0,6.0
nasa_image_5.png,2.0,316,234.0,6.5
nasa_image_5.png,1.0,132,166.0,7.0
nasa_image_5.png,7.0,1248,178.0,8.285714285714286
nasa_image_5.png,2.0,300,182.5,7.0
nasa_image_5.png,4.0,809,312.5,7.5
nasa_image_5.png,1.0,162,437.0,7.0
nasa_image_5.png,2.0,278,99.5,8.0
nasa_image_5.png,1.0,182,699.0,8.0
nasa_image_5.png,1.0,137,476.0,9.0
nasa_image_5.png,2.0,375,148.0,11.5
nasa_image_5.png,2.0,361,785.5,11.0
nasa_image_5.png,1.0,145,288.0,12.0
nasa_image_5.png,1.0,144,622.0,12.0
nasa_image_5.png,1.0,151,754.0,12.0
nasa_image_5.png,2.0,334,183.5,13.0
nasa_image_5.png,1.0,134,249.0,13.0
nasa_image_5.png,1.0,170,531.0,13.0
nasa_image_5.png,1.0,136,17.0,14.0
nasa_image_5.png,3.0,531,20.333333333333332,14.333333333333334
nasa_image_5.png,1.0,132,235.0,15.0
nasa_image_5.png,2.0,347,303.0,17.5
nasa_image_5.png,1.0,153,153.0,18.0
nasa_image_5.png,1.0,131,194.0,18.0
nasa_image_5.png,1.0,162,216.0,18.0
nasa_image_5.png,1.0,220,472.0,18.0
nasa_image_5.png,1.0,209,450.0,19.0
nasa_image_5.png,1.0,172,222.0,20.0
nasa_image_5.png,2.0,372,261.5,20.0
nasa_image_5.png,2.0,367,144.0,21.5
nasa_image_5.png,1.0,141,420.0,21.0
nasa_image_5.png,1.0,184,822.0,24.0
nasa_image_5.png,1.0,129,158.0,25.0
nasa_image_5.png,1.0,151,221.0,25.0
nasa_image_5.png,1.0,143,14.0,26.0
nasa_image_5.png,1.0,132,86.0,26.0
nasa_image_5.png,1.0,164,91.0,26.0
nasa_image_5.png,1.0,132,203.0,26.0
nasa_image_5.png,3.0,592,208.33333333333334,26.666666666666668
nasa_image_5.png,2.0,373,241.0,26.5
nasa_image_5.png,1.0,187,116.0,27.0
nasa_image_5.png,2.0,301,146.5,27.0
nasa_image_5.png,2.0,367,237.5,27.0
nasa_image_5.png,2.0,291,560.5,27.0
nasa_image_5.png,1.0,148,315.0,31.0
nasa_image_5.png,2.0,317,160.5,32.0
nasa_image_5.png,1.0,132,324.0,32.0
nasa_image_5.png,1.0,143,472.0,33.0
nasa_image_5.png,1.0,151,744.0,33.0
nasa_image_5.png,1.0,180,216.0,34.0
nasa_image_5.png,1.0,129,102.0,35.0
nasa_image_5.png,1.0,133,129.0,35.0
nasa_image_5.png,4.0,746,225.5,35.5
nasa_image_5.png,1.0,166,252.0,35.0
nasa_image_5.png,1.0,131,469.0,35.0
nasa_image_5.png,2.0,429,94.5,36.0
nasa_image_5.png,5.0,961,188.8,36.6
nasa_image_5.png,1.0,182,305.0,36.0
nasa_image_5.png,2.0,307,322.5,36.0
nasa_image_5.png,1.0,129,494.0,36.0
nasa_image_5.png,4.0,679,82.5,37.5
nasa_image_5.png,4.0,683,253.5,38.5
nasa_image_5.png,1.0,132,542.0,38.0
nasa_image_5.png,1.0,151,188.0,39.0
nasa_image_5.png,1.0,163,528.0,39.0
nasa_image_5.png,1.0,180,121.0,40.0
nasa_image_5.png,1.0,135,414.0,40.0
nasa_image_5.png,1.0,225,227.0,41.0
nasa_image_5.png,2.0,349,430.5,41.0
nasa_image_5.png,1.0,196,813.0,41.0
nasa_image_5.png,2.0,314,79.5,42.0
nasa_image_5.png,2.0,328,89.5,42.0
nasa_image_5.png,1.0,137,217.0,42.0
nasa_image_5.png,6.0,1181,222.0,43.5
nasa_image_5.png,1.0,182,96.0,44.0
nasa_image_5.png,3.0,606,139.66666666666666,44.333333333333336
nasa_image_5.png,1.0,167,43.0,45.0
nasa_image_5.png,1.0,157,250.0,45.0
nasa_image_5.png,1.0,167,694.0,45.0
nasa_image_5.png,1.0,144,795.0,45.0
nasa_image_5.png,1.0,156,56.0,46.0
nasa_image_5.png,1.0,189,152.0,46.0
nasa_image_5.png,2.0,282,195.5,46.5
nasa_image_5.png,3.0,461,202.0,47.0
nasa_image_5.png,2.0,310,824.5,46.0
nasa_image_5.png,3.0,448,283.6666666666667,47.666666666666664
nasa_image_5.png,1.0,209,455.0,47.0
nasa_image_5.png,1.0,137,527.0,47.0
nasa_image_5.png,1.0,138,534.0,47.0
nasa_image_5.png,2.0,341,182.5,49.0
nasa_image_5.png,4.0,815,15.5,50.5
nasa_image_5.png,1.0,136,82.0,50.0
nasa_image_5.png,1.0,200,167.0,50.0
nasa_image_5.png,1.0,169,306.0,50.0
nasa_image_5.png,2.0,282,564.0,52.5
nasa_image_5.png,1.0,141,100.0,53.0
nasa_image_5.png,2.0,304,177.5,53.0
nasa_image_5.png,1.0,169,831.0,53.0
nasa_image_5.png,1.0,154,83.0,54.0
nasa_image_5.png,1.0,137,140.0,54.0
nasa_image_5.png,2.0,361,190.0,54.5
nasa_image_5.png,1.0,139,216.0,54.0
nasa_image_5.png,1.0,156,239.0,54.0
nasa_image_5.png,1.0,136,761.0,54.0
nasa_image_5.png,1.0,151,182.0,55.0
nasa_image_5.png,1.0,139,347.0,55.0
nasa_image_5.png,2.0,371,545.5,55.0
nasa_image_5.png,1.0,129,460.0,56.0
nasa_image_5.png,1.0,132,304.0,57.0
nasa_image_5.png,1.0,136,449.0,57.0
nasa_image_5.png,1.0,202,564.0,57.0
nasa_image_5.png,3.0,547,206.66666666666666,58.666666666666664
nasa_image_5.png,1.0,151,225.0,58.0
nasa_image_5.png,1.0,137,241.0,58.0
nasa_image_5.png,1.0,133,535.0,58.0
nasa_image_5.png,1.0,186,703.0,60.0
nasa_image_5.png,1.0,215,558.0,61.0
nasa_image_5.png,1.0,154,153.0,62.0
nasa_image_5.png,1.0,197,316.0,63.0
nasa_image_5.png,2.0,283,389.5,64.0
nasa_image_5.png,2.0,344,743.5,64.0
nasa_image_5.png,1.0,156,172.0,65.0
nasa_image_5.png,2.0,387,251.5,65.0
nasa_image_5.png,1.0,139,272.0,65.0
nasa_image_5.png,1.0,185,193.0,66.0
nasa_image_5.png,2.0,343,376.0,66.5
nasa_image_5.png,1.0,144,627.0,66.0
nasa_image_5.png,1.0,135,163.0,68.0
nasa_image_5.png,1.0,157,195.0,68.0
nasa_image_5.png,1.0,178,478.0,68.0
nasa_image_5.png,1.0,206,236.0,69.0
nasa_image_5.png,1.0,160,799.0,70.0
nasa_image_5.png,2.0,295,129.5,71.0
nasa_image_5.png,1.0,152,198.0,71.0
nasa_image_5.png,1.0,131,200.0,71.0
nasa_image_5.png,2.0,393,312.5,71.0
nasa_image_5.png,1.0,163,166.0,72.0
nasa_image_5.png,1.0,155,183.0,72.0
nasa_image_5.png,3.0,486,244.33333333333334,72.66666666666667
nasa_image_5.png,1.0,137,151.0,73.0
nasa_image_5.png,1.0,140,237.0,73.0
nasa_image_5.png,1.0,141,706.0,73.0
nasa_image_5.png,1.0,191,870.0,73.0
nasa_image_5.png,3.0,441,137.0,75.33333333333333
nasa_image_5.png,3.0,559,127.33333333333333,76.66666666666667
nasa_image_5.png,2.0,388,195.5,76.0
nasa_image_5.png,1.0,181,954.0,76.0
nasa_image_5.png,6.0,1202,30.0,77.5
nasa_image_5.png,1.0,152,296.0,77.0
nasa_image_5.png,1.0,133,365.0,77.0
nasa_image_5.png,1.0,141,464.0,77.0
nasa_image_5.png,1.0,170,686.0,77.0
nasa_image_5.png,1.0,197,691.0,77.0
nasa_image_5.png,1.0,182,893.0,77.0
nasa_image_5.png,1.0,137,115.0,78.0
nasa_image_5.png,1.0,132,189.0,78.0
nasa_image_5.png,3.0,446,237.33333333333334,78.33333333333333
nasa_image_5.png,1.0,148,204.0,79.0
nasa_image_5.png,4.0,620,221.5,79.5
nasa_image_5.png,1.0,144,271.0,79.0
nasa_image_5.png,1.0,210,454.0,79.0
nasa_image_5.png,1.0,205,822.0,79.0
nasa_image_5.png,2.0,270,874.0,79.5
nasa_image_5.png,1.0,155,150.0,80.0
nasa_image_5.png,1.0,147,182.0,81.0
nasa_image_5.png,1.0,135,420.0,82.0
nasa_image_5.png,1.0,132,455.0,82.0
nasa_image_5.png,4.0,709,102.5,83.5
nasa_image_5.png,3.0,534,140.0,83.0
nasa_image_5.png,1.0,131,492.0,83.0
nasa_image_5.png,1.0,148,206.0,84.0
nasa_image_5.png,2.0,322,239.0,84.5
nasa_image_5.png,1.0,183,671.0,84.0
nasa_image_5.png,1.0,149,758.0,84.0
nasa_image_5.png,1.0,161,854.0,84.0
nasa_image_5.png,2.0,379,120.5,85.0
nasa_image_5.png,4.0,710,138.5,85.5
nasa_image_5.png,1.0,129,171.0,85.0
nasa_image_5.png,2.0,304,338.0,85.5
nasa_image_5.png,1.0,141,469.0,85.0
nasa_image_5.png,1.0,137,173.0,86.0
nasa_image_5.png,1.0,131,270.0,86.0
nasa_image_5.png,12.0,1627,465.3333333333333,87.25
nasa_image_5.png,1.0,142,404.0,87.0
nasa_image_5.png,2.0,327,167.0,88.5
nasa_image_5.png,1.0,141,298.0,88.0
nasa_image_5.png,1.0,164,713.0,88.0
nasa_image_5.png,1.0,208,900.0,88.0
nasa_image_5.png,1.0,139,360.0,89.0
nasa_image_5.png,2.0,377,387.5,89.0
nasa_image_5.png,1.0,162,576.0,89.0
nasa_image_5.png,1.0,215,790.0,89.0
nasa_image_5.png,19.0,3069,194.47368421052633,92.26315789473684
nasa_image_5.png,2.0,282,615.5,90.0
nasa_image_5.png,2.0,311,555.0,91.5
nasa_image_5.png,1.0,243,819.0,91.0
nasa_image_5.png,1.0,167,235.0,92.0
nasa_image_5.png,2.0,365,286.5,92.0
nasa_image_5.png,1.0,153,400.0,92.0
nasa_image_5.png,1.0,204,101.0,93.0
nasa_image_5.png,2.0,313,175.0,93.5
nasa_image_5.png,3.0,575,227.66666666666666,93.33333333333333
nasa_image_5.png,2.0,331,586.5,95.0
nasa_image_5.png,2.0,263,905.5,95.0
nasa_image_5.png,1.0,162,260.0,96.0
nasa_image_5.png,1.0,193,881.0,96.0
nasa_image_5.png,2.0,311,122.5,97.0
nasa_image_5.png,2.0,367,712.5,99.0
nasa_image_5.png,1.0,150,214.0,100.0
nasa_image_5.png,1.0,174,226.0,100.0
nasa_image_5.png,2.0,294,158.0,101.5
nasa_image_5.png,1.0,160,248.0,101.0
nasa_image_5.png,1.0,194,831.0,101.0
nasa_image_5.png,2.0,371,147.0,102.5
nasa_image_5.png,1.0,145,162.0,102.0
nasa_image_5.png,2.0,328,185.5,102.0
nasa_image_5.png,4.0,780,152.5,103.5
nasa_image_5.png,2.0,285,202.0,103.5
nasa_image_5.png,1.0,170,254.0,103.0
nasa_image_5.png,2.0,288,45.5,104.0
nasa_image_5.png,1.0,170,144.0,104.0
nasa_image_5.png,1.0,152,173.0,104.0
nasa_image_5.png,1.0,130,217.0,104.0
nasa_image_5.png,1.0,129,722.0,104.0
nasa_image_5.png,1.0,177,183.0,105.0
nasa_image_5.png,1.0,132,207.0,105.0
nasa_image_5.png,1.0,188,210.0,105.0
nasa_image_5.png,1.0,157,220.0,105.0
nasa_image_5.png,1.0,163,332.0,105.0
nasa_image_5.png,4.0,760,121.5,106.5
nasa_image_5.png,2.0,343,164.0,106.5
nasa_image_5.png,1.0,144,200.0,106.0
nasa_image_5.png,1.0,181,213.0,106.0
nasa_image_5.png,1.0,170,281.0,106.0
nasa_image_5.png,1.0,135,473.0,106.0
nasa_image_5.png,1.0,130,700.0,106.0
nasa_image_5.png,1.0,178,178.0,108.0
nasa_image_5.png,4.0,600,203.5,108.5
nasa_image_5.png,2.0,317,763.0,108.5
nasa_image_5.png,2.0,351,902.0,108.5
nasa_image_5.png,1.0,131,126.0,109.0
nasa_image_5.png,1.0,167,167.0,109.0
nasa_image_5.png,1.0,145,487.0,109.0
nasa_image_5.png,2.0,348,776.0,109.5
nasa_image_5.png,2.0,260,19.5,110.0
nasa_image_5.png,5.0,875,164.4,111.2
nasa_image_5.png,1.0,138,226.0,110.0
nasa_image_5.png,1.0,160,272.0,110.0
nasa_image_5.png,1.0,140,202.0,111.0
nasa_image_5.png,1.0,160,211.0,111.0
nasa_image_5.png,1.0,149,553.0,111.0
nasa_image_5.png,1.0,190,126.0,112.0
nasa_image_5.png,4.0,696,248.0,112.25
nasa_image_5.png,1.0,153,270.0,112.0
nasa_image_5.png,1.0,175,326.0,112.0
nasa_image_5.png,4.0,767,147.0,113.25
nasa_image_5.png,1.0,175,202.0,113.0
nasa_image_5.png,2.0,386,370.5,113.0
nasa_image_5.png,2.0,344,142.0,114.5
nasa_image_5.png,1.0,230,155.0,114.0
nasa_image_5.png,5.0,889,196.8,114.6
nasa_image_5.png,1.0,180,343.0,114.0
nasa_image_5.png,2.0,289,60.0,115.5
nasa_image_5.png,4.0,668,159.5,115.5
nasa_image_5.png,2.0,275,181.0,115.5
nasa_image_5.png,1.0,156,671.0,115.0
nasa_image_5.png,6.0,1045,154.16666666666666,117.16666666666667
nasa_image_5.png,1.0,153,237.0,116.0
nasa_image_5.png,1.0,130,293.0,117.0
nasa_image_5.png,1.0,143,135.0,118.0
nasa_image_5.png,1.0,131,267.0,118.0
nasa_image_5.png,1.0,170,587.0,119.0
nasa_image_5.png,1.0,137,779.0,119.0
nasa_image_5.png,1.0,140,209.0,120.0
nasa_image_5.png,1.0,142,448.0,120.0
nasa_image_5.png,1.0,152,739.0,120.0
nasa_image_5.png,1.0,172,44.0,121.0
nasa_image_5.png,1.0,187,109.0,121.0
nasa_image_5.png,4.0,749,158.0,121.5
nasa_image_5.png,1.0,138,168.0,121.0
nasa_image_5.png,12.0,2204,302.0,122.5
nasa_image_5.png,1.0,159,762.0,121.0
nasa_image_5.png,2.0,358,11.5,122.0
nasa_image_5.png,1.0,174,48.0,122.0
nasa_image_5.png,1.0,163,148.0,122.0
nasa_image_5.png,1.0,130,173.0,122.0
nasa_image_5.png,1.0,148,820.0,122.0
nasa_image_5.png,1.0,167,78.0,123.0
nasa_image_5.png,1.0,135,85.0,123.0
nasa_image_5.png,2.0,399,131.5,123.0
nasa_image_5.png,8.0,1396,163.75,124.875
nasa_image_5.png,1.0,151,195.0,123.0
nasa_image_5.png,1.0,129,199.0,123.0
nasa_image_5.png,1.0,182,142.0,124.0
nasa_image_5.png,2.0,366,159.0,124.5
nasa_image_5.png,1.0,142,176.0,124.0
nasa_image_5.png,1.0,137,201.0,124.0
nasa_image_5.png,1.0,142,623.0,124.0
nasa_image_5.png,2.0,399,168.5,125.0
nasa_image_5.png,1.0,134,311.0,125.0
nasa_image_5.png,1.0,133,427.0,125.0
nasa_image_5.png,1.0,169,22.0,126.0
nasa_image_5.png,6.0,990,139.0,127.16666666666667
nasa_image_5.png,1.0,153,720.0,126.0
nasa_image_5.png,1.0,138,114.0,127.0
nasa_image_5.png,3.0,486,175.33333333333334,127.33333333333333
nasa_image_5.png,1.0,160,229.0,127.0
nasa_image_5.png,1.0,238,722.0,127.0
nasa_image_5.png,2.0,327,190.0,128.5
nasa_image_5.png,1.0,129,198.0,128.0
nasa_image_5.png,96.0,16506,168.13541666666666,135.57291666666666
nasa_image_5.png,1.0,147,173.0,129.0
nasa_image_5.png,1.0,137,633.0,129.0
nasa_image_5.png,1.0,130,688.0,129.0
nasa_image_5.png,1.0,145,737.0,129.0
nasa_image_5.png,2.0,301,124.5,130.0
nasa_image_5.png,2.0,288,141.5,130.0
nasa_image_5.png,3.0,479,184.33333333333334,130.33333333333334
nasa_image_5.png,5.0,933,192.4,131.2
nasa_image_5.png,1.0,129,351.0,130.0
nasa_image_5.png,1.0,142,908.0,130.0
nasa_image_5.png,1.0,134,298.0,131.0
nasa_image_5.png,4.0,773,135.0,132.5
nasa_image_5.png,1.0,151,178.0,132.0
nasa_image_5.png,1.0,137,203.0,133.0
nasa_image_5.png,1.0,131,235.0,133.0
nasa_image_5.png,2.0,299,242.5,133.0
nasa_image_5.png,1.0,141,902.0,133.0
nasa_image_5.png,1.0,152,92.0,134.0
nasa_image_5.png,1.0,137,208.0,134.0
nasa_image_5.png,1.0,129,785.0,134.0
nasa_image_5.png,1.0,161,227.0,135.0
nasa_image_5.png,1.0,141,273.0,135.0
nasa_image_5.png,1.0,130,595.0,135.0
nasa_image_5.png,1.0,183,141.0,136.0
nasa_image_5.png,2.0,383,182.5,136.0
nasa_image_5.png,1.0,161,209.0,136.0
nasa_image_5.png,1.0,146,146.0,137.0
nasa_image_5.png,1.0,137,148.0,137.0
nasa_image_5.png,1.0,140,466.0,137.0
nasa_image_5.png,2.0,264,162.5,138.0
nasa_image_5.png,2.0,269,231.0,138.5
nasa_image_5.png,1.0,131,235.0,138.0
nasa_image_5.png,1.0,152,733.0,138.0
nasa_image_5.png,2.0,361,159.5,139.0
nasa_image_5.png,1.0,185,324.0,139.0
nasa_image_5.png,1.0,138,790.0,139.0
nasa_image_5.png,1.0,162,838.0,139.0
nasa_image_5.png,3.0,400,157.0,141.0
nasa_image_5.png,4.0,661,181.25,140.25
nasa_image_5.png,1.0,131,190.0,140.0
nasa_image_5.png,1.0,193,245.0,140.0
nasa_image_5.png,1.0,131,690.0,140.0
nasa_image_5.png,2.0,299,142.5,141.0
nasa_image_5.png,6.0,1068,153.0,141.5
nasa_image_5.png,5.0,763,174.4,142.4
nasa_image_5.png,2.0,321,218.0,141.5
nasa_image_5.png,3.0,575,818.6666666666666,141.66666666666666
nasa_image_5.png,1.0,131,69.0,142.0
nasa_image_5.png,1.0,152,307.0,142.0
nasa_image_5.png,1.0,171,445.0,142.0
nasa_image_5.png,3.0,513,166.33333333333334,143.33333333333334
nasa_image_5.png,1.0,159,792.0,143.0
nasa_image_5.png,1.0,204,842.0,143.0
nasa_image_5.png,1.0,224,75.0,144.0
nasa_image_5.png,1.0,164,135.0,144.0
nasa_image_5.png,1.0,140,275.0,144.0
nasa_image_5.png,1.0,134,252.0,146.0
nasa_image_5.png,1.0,162,259.0,146.0
nasa_image_5.png,1.0,147,175.0,147.0
nasa_image_5.png,1.0,143,189.0,147.0
nasa_image_5.png,1.0,149,215.0,147.0
nasa_image_5.png,1.0,170,708.0,147.0
nasa_image_5.png,1.0,173,233.0,148.0
nasa_image_5.png,2.0,273,154.0,149.5
nasa_image_5.png,1.0,143,169.0,149.0
nasa_image_5.png,1.0,178,180.0,149.0
nasa_image_5.png,1.0,140,259.0,149.0
nasa_image_5.png,1.0,192,138.0,150.0
nasa_image_5.png,3.0,505,160.66666666666666,150.33333333333334
nasa_image_5.png,1.0,180,174.0,150.0
nasa_image_5.png,1.0,142,206.0,150.0
nasa_image_5.png,2.0,336,245.5,150.0
nasa_image_5.png,1.0,157,266.0,150.0
nasa_image_5.png,1.0,184,780.0,150.0
nasa_image_5.png,5.0,914,169.8,151.4
nasa_image_5.png,1.0,151,181.0,151.0
nasa_image_5.png,1.0,164,213.0,151.0
nasa_image_5.png,37.0,6629,146.45945945945945,156.8918918918919
nasa_image_5.png,1.0,155,148.0,152.0
nasa_image_5.png,1.0,151,159.0,152.0
nasa_image_5.png,1.0,159,176.0,152.0
nasa_image_5.png,1.0,133,217.0,152.0
nasa_image_5.png,3.0,448,500.3333333333333,152.33333333333334
nasa_image_5.png,1.0,175,707.0,152.0
nasa_image_5.png,1.0,168,806.0,152.0
nasa_image_5.png,16.0,2649,213.25,154.6875
nasa_image_5.png,1.0,142,817.0,153.0
nasa_image_5.png,1.0,143,152.0,154.0
nasa_image_5.png,12.0,1843,184.16666666666666,155.75
nasa_image_5.png,1.0,133,202.0,154.0
nasa_image_5.png,1.0,173,222.0,154.0
nasa_image_5.png,1.0,138,315.0,154.0
nasa_image_5.png,1.0,145,566.0,154.0
nasa_image_5.png,2.0,372,755.5,154.0
nasa_image_5.png,1.0,133,162.0,155.0
nasa_image_5.png,2.0,291,175.5,155.0
nasa_image_5.png,1.0,131,194.0,155.0
nasa_image_5.png,2.0,308,141.0,156.5
nasa_image_5.png,2.0,299,159.5,156.0
nasa_image_5.png,4.0,591,166.0,156.25
nasa_image_5.png,1.0,197,222.0,156.0
nasa_image_5.png,1.0,156,243.0,156.0
nasa_image_5.png,1.0,142,293.0,156.0
nasa_image_5.png,1.0,178,368.0,156.0
nasa_image_5.png,1.0,154,892.0,156.0
nasa_image_5.png,1.0,142,74.0,158.0
nasa_image_5.png,1.0,139,152.0,158.0
nasa_image_5.png,12.0,1879,158.58333333333334,159.91666666666666
nasa_image_5.png,4.0,595,177.0,159.0
nasa_image_5.png,1.0,134,207.0,158.0
nasa_image_5.png,8.0,1512,212.75,158.875
nasa_image_5.png,1.0,136,757.0,158.0
nasa_image_5.png,1.0,161,124.0,159.0
nasa_image_5.png,5.0,693,168.0,160.2
nasa_image_5.png,14.0,2160,172.5,162.5
nasa_image_5.png,4.0,655,275.5,159.5
nasa_image_5.png,1.0,144,333.0,159.0
nasa_image_5.png,2.0,363,633.0,159.5
nasa_image_5.png,1.0,156,821.0,159.0
nasa_image_5.png,3.0,585,89.66666666666667,160.33333333333334
nasa_image_5.png,1.0,132,249.0,160.0
nasa_image_5.png,1.0,138,640.0,160.0
nasa_image_5.png,1.0,163,837.0,160.0
nasa_image_5.png,4.0,676,141.5,161.5
nasa_image_5.png,1.0,185,369.0,161.0
nasa_image_5.png,2.0,304,178.5,162.0
nasa_image_5.png,1.0,155,958.0,162.0
nasa_image_5.png,2.0,262,6.0,163.5
nasa_image_5.png,1.0,188,127.0,163.0
nasa_image_5.png,1.0,129,189.0,163.0
nasa_image_5.png,2.0,285,685.5,163.0
nasa_image_5.png,1.0,213,70.0,164.0
nasa_image_5.png,1.0,134,150.0,164.0
nasa_image_5.png,1.0,156,154.0,164.0
nasa_image_5.png,2.0,264,162.5,164.0
nasa_image_5.png,3.0,425,176.66666666666666,164.33333333333334
nasa_image_5.png,1.0,135,182.0,164.0
nasa_image_5.png,2.0,265,137.5,165.0
nasa_image_5.png,2.0,292,146.0,165.5
nasa_image_5.png,1.0,135,152.0,165.0
nasa_image_5.png,1.0,132,167.0,165.0
nasa_image_5.png,1.0,152,396.0,165.0
nasa_image_5.png,1.0,130,432.0,165.0
nasa_image_5.png,24.0,3817,164.5,168.70833333333334
nasa_image_5.png,3.0,446,168.66666666666666,166.66666666666666
nasa_image_5.png,1.0,136,260.0,166.0
nasa_image_5.png,1.0,170,570.0,167.0
nasa_image_5.png,9.0,1788,677.0,168.0
nasa_image_5.png,3.0,527,154.33333333333334,168.33333333333334
nasa_image_5.png,1.0,140,175.0,168.0
nasa_image_5.png,2.0,295,579.0,168.5
nasa_image_5.png,1.0,129,116.0,169.0
nasa_image_5.png,1.0,132,173.0,169.0
nasa_image_5.png,2.0,336,177.0,169.5
nasa_image_5.png,2.0,303,136.0,170.5
nasa_image_5.png,3.0,499,180.66666666666666,170.66666666666666
nasa_image_5.png,4.0,614,186.5,170.5
nasa_image_5.png,2.0,338,797.0,170.5
nasa_image_5.png,2.0,363,118.5,171.0
nasa_image_5.png,7.0,1138,148.0,172.0
nasa_image_5.png,2.0,262,171.5,171.0
nasa_image_5.png,2.0,286,159.5,172.0
nasa_image_5.png,1.0,135,207.0,172.0
nasa_image_5.png,1.0,146,668.0,172.0
nasa_image_5.png,1.0,144,93.0,173.0
nasa_image_5.png,1.0,142,137.0,173.0
nasa_image_5.png,1.0,136,139.0,173.0
nasa_image_5.png,1.0,144,155.0,173.0
nasa_image_5.png,1.0,134,142.0,174.0
nasa_image_5.png,1.0,138,597.0,174.0
nasa_image_5.png,1.0,136,645.0,174.0
nasa_image_5.png,1.0,151,111.0,175.0
nasa_image_5.png,2.0,295,131.0,175.5
nasa_image_5.png,4.0,693,136.5,175.75
nasa_image_5.png,1.0,136,147.0,175.0
nasa_image_5.png,1.0,191,845.0,175.0
nasa_image_5.png,1.0,136,98.0,176.0
nasa_image_5.png,2.0,285,159.5,176.0
nasa_image_5.png,4.0,562,143.5,177.25
nasa_image_5.png,2.0,293,368.5,177.0
nasa_image_5.png,1.0,144,257.0,178.0
nasa_image_5.png,1.0,150,246.0,179.0
nasa_image_5.png,2.0,300,285.5,179.0
nasa_image_5.png,2.0,429,83.5,180.0
nasa_image_5.png,1.0,137,147.0,180.0
nasa_image_5.png,1.0,141,162.0,180.0
nasa_image_5.png,1.0,144,259.0,180.0
nasa_image_5.png,1.0,167,516.0,180.0
nasa_image_5.png,2.0,285,887.5,180.0
nasa_image_5.png,3.0,454,168.0,181.33333333333334
nasa_image_5.png,1.0,150,370.0,181.0
nasa_image_5.png,1.0,130,129.0,182.0
nasa_image_5.png,1.0,132,151.0,182.0
nasa_image_5.png,3.0,419,202.33333333333334,182.33333333333334
nasa_image_5.png,1.0,131,281.0,182.0
nasa_image_5.png,1.0,148,296.0,182.0
nasa_image_5.png,1.0,138,335.0,182.0
nasa_image_5.png,1.0,138,494.0,182.0
nasa_image_5.png,1.0,146,851.0,182.0
nasa_image_5.png,1.0,215,878.0,182.0
nasa_image_5.png,1.0,139,136.0,183.0
nasa_image_5.png,2.0,283,147.5,183.0
nasa_image_5.png,1.0,173,272.0,183.0
nasa_image_5.png,1.0,132,586.0,183.0
nasa_image_5.png,1.0,145,189.0,184.0
nasa_image_5.png,4.0,614,303.5,184.5
nasa_image_5.png,1.0,147,461.0,184.0
nasa_image_5.png,2.0,276,295.5,185.0
nasa_image_5.png,1.0,129,141.0,187.0
nasa_image_5.png,4.0,606,160.5,187.5
nasa_image_5.png,3.0,528,168.0,187.66666666666666
nasa_image_5.png,3.0,467,173.0,187.0
nasa_image_5.png,3.0,528,785.3333333333334,187.66666666666666
nasa_image_5.png,2.0,330,78.5,188.0
nasa_image_5.png,1.0,145,126.0,188.0
nasa_image_5.png,1.0,147,150.0,188.0
nasa_image_5.png,4.0,762,148.0,189.75
nasa_image_5.png,1.0,173,170.0,189.0
nasa_image_5.png,1.0,129,268.0,189.0
nasa_image_5.png,1.0,189,205.0,190.0
nasa_image_5.png,3.0,460,150.66666666666666,192.0
nasa_image_5.png,2.0,279,157.5,191.0
nasa_image_5.png,1.0,137,248.0,191.0
nasa_image_5.png,33.0,5630,165.5151515151515,198.03030303030303
nasa_image_5.png,1.0,151,192.0,192.0
nasa_image_5.png,1.0,137,225.0,192.0
nasa_image_5.png,1.0,145,789.0,192.0
nasa_image_5.png,2.0,329,168.0,193.5
nasa_image_5.png,3.0,421,197.66666666666666,194.66666666666666
nasa_image_5.png,2.0,334,208.0,194.5
nasa_image_5.png,1.0,138,304.0,194.0
nasa_image_5.png,1.0,146,127.0,195.0
nasa_image_5.png,1.0,132,147.0,195.0
nasa_image_5.png,2.0,266,173.0,195.5
nasa_image_5.png,2.0,310,192.5,197.0
nasa_image_5.png,1.0,167,237.0,197.0
nasa_image_5.png,1.0,139,239.0,198.0
nasa_image_5.png,1.0,175,267.0,198.0
nasa_image_5.png,1.0,131,367.0,198.0
nasa_image_5.png,1.0,158,619.0,198.0
nasa_image_5.png,1.0,137,124.0,199.0
nasa_image_5.png,1.0,132,141.0,199.0
nasa_image_5.png,1.0,166,157.0,199.0
nasa_image_5.png,1.0,130,195.0,199.0
nasa_image_5.png,1.0,175,701.0,199.0
nasa_image_5.png,1.0,149,160.0,200.0
nasa_image_5.png,3.0,495,172.66666666666666,203.0
nasa_image_5.png,6.0,1013,186.0,202.5
nasa_image_5.png,1.0,133,219.0,202.0
nasa_image_5.png,2.0,298,155.0,203.5
nasa_image_5.png,8.0,1240,164.625,204.0
nasa_image_5.png,1.0,135,168.0,203.0
nasa_image_5.png,1.0,131,180.0,203.0
nasa_image_5.png,1.0,139,222.0,203.0
nasa_image_5.png,1.0,142,271.0,203.0
nasa_image_5.png,1.0,129,290.0,203.0
nasa_image_5.png,2.0,361,125.0,205.5
nasa_image_5.png,1.0,132,129.0,205.0
nasa_image_5.png,1.0,143,157.0,205.0
nasa_image_5.png,1.0,133,160.0,205.0
nasa_image_5.png,5.0,801,179.8,206.2
nasa_image_5.png,10.0,1673,188.9,206.4
nasa_image_5.png,1.0,133,305.0,205.0
nasa_image_5.png,1.0,132,494.0,205.0
nasa_image_5.png,2.0,405,175.5,206.0
nasa_image_5.png,1.0,157,184.0,206.0
nasa_image_5.png,1.0,133,210.0,206.0
nasa_image_5.png,2.0,280,156.5,207.0
nasa_image_5.png,2.0,358,226.0,207.5
nasa_image_5.png,1.0,129,820.0,207.0
nasa_image_5.png,1.0,145,125.0,208.0
nasa_image_5.png,2.0,265,161.5,208.0
nasa_image_5.png,2.0,324,337.0,208.5
nasa_image_5.png,4.0,768,179.5,209.5
nasa_image_5.png,1.0,145,686.0,209.0
nasa_image_5.png,3.0,485,116.33333333333333,210.66666666666666
nasa_image_5.png,1.0,132,153.0,210.0
nasa_image_5.png,4.0,764,164.5,210.5
nasa_image_5.png,1.0,162,168.0,210.0
nasa_image_5.png,1.0,139,186.0,210.0
nasa_image_5.png,1.0,164,193.0,210.0
nasa_image_5.png,1.0,132,212.0,210.0
nasa_image_5.png,1.0,154,274.0,210.0
nasa_image_5.png,1.0,160,644.0,210.0
nasa_image_5.png,1.0,154,823.0,210.0
nasa_image_5.png,1.0,131,158.0,211.0
nasa_image_5.png,2.0,315,183.5,211.0
nasa_image_5.png,2.0,333,209.5,211.0
nasa_image_5.png,2.0,296,174.5,212.0
nasa_image_5.png,2.0,281,177.0,212.5
nasa_image_5.png,1.0,130,45.0,213.0
nasa_image_5.png,1.0,129,156.0,213.0
nasa_image_5.png,1.0,129,190.0,213.0
nasa_image_5.png,2.0,274,231.0,213.5
nasa_image_5.png,1.0,170,276.0,213.0
nasa_image_5.png,1.0,187,121.0,214.0
nasa_image_5.png,1.0,130,153.0,214.0
nasa_image_5.png,1.0,147,369.0,214.0
nasa_image_5.png,1.0,176,584.0,214.0
nasa_image_5.png,1.0,138,256.0,215.0
nasa_image_5.png,1.0,158,787.0,215.0
nasa_image_5.png,1.0,144,277.0,216.0
nasa_image_5.png,1.0,206,884.0,216.0
nasa_image_5.png,3.0,506,172.0,217.33333333333334
nasa_image_5.png,9.0,1492,177.88888888888889,218.44444444444446
nasa_image_5.png,1.0,153,251.0,217.0
nasa_image_5.png,1.0,129,743.0,217.0
nasa_image_5.png,2.0,358,107.5,218.0
nasa_image_5.png,3.0,511,192.33333333333334,218.33333333333334
nasa_image_5.png,3.0,538,221.66666666666666,218.66666666666666
nasa_image_5.png,1.0,131,341.0,218.0
nasa_image_5.png,1.0,130,832.0,218.0
nasa_image_5.png,1.0,141,215.0,219.0
nasa_image_5.png,1.0,230,350.0,219.0
nasa_image_5.png,2.0,273,883.5,219.0
nasa_image_5.png,1.0,140,239.0,220.0
nasa_image_5.png,1.0,135,118.0,221.0
nasa_image_5.png,3.0,435,178.66666666666666,221.33333333333334
nasa_image_5.png,1.0,143,200.0,221.0
nasa_image_5.png,2.0,357,222.5,221.0
nasa_image_5.png,1.0,176,778.0,221.0
nasa_image_5.png,1.0,156,948.0,221.0
nasa_image_5.png,2.0,318,146.5,222.0
nasa_image_5.png,2.0,288,156.0,222.5
nasa_image_5.png,1.0,156,175.0,222.0
nasa_image_5.png,6.0,977,206.83333333333334,223.0
nasa_image_5.png,1.0,167,231.0,222.0
nasa_image_5.png,1.0,136,163.0,223.0
nasa_image_5.png,5.0,826,186.0,224.0
nasa_image_5.png,1.0,164,191.0,223.0
nasa_image_5.png,1.0,132,493.0,223.0
nasa_image_5.png,1.0,180,122.0,224.0
nasa_image_5.png,4.0,623,177.5,224.5
nasa_image_5.png,1.0,135,322.0,224.0
nasa_image_5.png,1.0,152,636.0,224.0
nasa_image_5.png,1.0,130,160.0,225.0
nasa_image_5.png,1.0,132,191.0,225.0
nasa_image_5.png,1.0,141,235.0,225.0
nasa_image_5.png,10.0,1936,30.8,227.0
nasa_image_5.png,2.0,274,166.0,226.5
nasa_image_5.png,1.0,173,218.0,226.0
nasa_image_5.png,3.0,509,181.66666666666666,227.33333333333334
nasa_image_5.png,2.0,316,254.5,227.0
nasa_image_5.png,2.0,340,793.5,227.0
nasa_image_5.png,2.0,332,197.5,228.0
nasa_image_5.png,1.0,134,200.0,228.0
nasa_image_5.png,1.0,144,207.0,228.0
nasa_image_5.png,1.0,131,306.0,228.0
nasa_image_5.png,7.0,1103,161.71428571428572,230.71428571428572
nasa_image_5.png,5.0,721,178.8,229.8
nasa_image_5.png,1.0,134,300.0,229.0
nasa_image_5.png,1.0,141,807.0,229.0
nasa_image_5.png,2.0,280,142.5,230.0
nasa_image_5.png,2.0,298,174.5,230.0
nasa_image_5.png,11.0,1813,186.54545454545453,231.54545454545453
nasa_image_5.png,1.0,142,581.0,230.0
nasa_image_5.png,1.0,131,844.0,230.0
nasa_image_5.png,2.0,291,683.5,231.0
nasa_image_5.png,6.0,882,164.5,233.0
nasa_image_5.png,1.0,170,173.0,232.0
nasa_image_5.png,1.0,138,197.0,232.0
nasa_image_5.png,1.0,140,41.0,233.0
nasa_image_5.png,2.0,299,183.0,233.5
nasa_image_5.png,1.0,164,199.0,233.0
nasa_image_5.png,1.0,150,659.0,233.0
nasa_image_5.png,3.0,569,55.666666666666664,234.33333333333334
nasa_image_5.png,1.0,135,196.0,234.0
nasa_image_5.png,2.0,351,159.5,235.0
nasa_image_5.png,4.0,626,209.75,235.75
nasa_image_5.png,2.0,336,244.5,235.0
nasa_image_5.png,1.0,156,666.0,235.0
nasa_image_5.png,4.0,664,200.0,236.25
nasa_image_5.png,2.0,317,236.0,236.5
nasa_image_5.png,1.0,132,762.0,236.0
nasa_image_5.png,1.0,145,247.0,237.0
nasa_image_5.png,1.0,161,773.0,237.0
nasa_image_5.png,2.0,342,165.0,238.5
nasa_image_5.png,3.0,504,192.0,238.0
nasa_image_5.png,1.0,166,239.0,238.0
nasa_image_5.png,1.0,137,244.0,238.0
nasa_image_5.png,1.0,134,251.0,238.0
nasa_image_5.png,1.0,145,538.0,238.0
nasa_image_5.png,1.0,151,800.0,238.0
nasa_image_5.png,2.0,292,152.0,239.5
nasa_image_5.png,3.0,429,198.33333333333334,240.0
nasa_image_5.png,1.0,130,215.0,239.0
nasa_image_5.png,1.0,158,147.0,240.0
nasa_image_5.png,2.0,312,183.0,240.5
nasa_image_5.png,3.0,455,187.66666666666666,240.33333333333334
nasa_image_5.png,1.0,139,228.0,240.0
nasa_image_5.png,1.0,150,290.0,240.0
nasa_image_5.png,1.0,146,730.0,240.0
nasa_image_5.png,8.0,1417,137.125,242.125
nasa_image_5.png,1.0,152,176.0,241.0
nasa_image_5.png,2.0,292,203.5,241.0
nasa_image_5.png,1.0,141,284.0,241.0
nasa_image_5.png,2.0,301,324.5,241.0
nasa_image_5.png,1.0,133,4.0,242.0
nasa_image_5.png,1.0,197,310.0,242.0
nasa_image_5.png,5.0,785,198.4,244.2
nasa_image_5.png,1.0,184,300.0,243.0
nasa_image_5.png,1.0,155,765.0,243.0
nasa_image_5.png,1.0,162,219.0,244.0
nasa_image_5.png,1.0,148,253.0,244.0
nasa_image_5.png,3.0,555,635.6666666666666,244.33333333333334
nasa_image_5.png,1.0,176,851.0,244.0
nasa_image_5.png,2.0,307,185.5,245.0
nasa_image_5.png,2.0,290,189.5,245.5
nasa_image_5.png,2.0,289,206.0,245.5
nasa_image_5.png,6.0,874,210.33333333333334,246.16666666666666
nasa_image_5.png,1.0,132,329.0,245.0
nasa_image_5.png,1.0,140,568.0,245.0
nasa_image_5.png,1.0,147,771.0,245.0
nasa_image_5.png,2.0,350,94.0,246.5
nasa_image_5.png,3.0,515,232.66666666666666,246.66666666666666
nasa_image_5.png,1.0,147,854.0,246.0
nasa_image_5.png,3.0,513,193.66666666666666,247.33333333333334
nasa_image_5.png,1.0,144,201.0,247.0
nasa_image_5.png,1.0,131,327.0,247.0
nasa_image_5.png,2.0,329,863.0,247.5
nasa_image_5.png,1.0,153,182.0,248.0
nasa_image_5.png,5.0,838,156.0,250.0
nasa_image_5.png,1.0,137,201.0,249.0
nasa_image_5.png,1.0,155,204.0,249.0
nasa_image_5.png,5.0,751,211.6,250.0
nasa_image_5.png,6.0,952,229.5,251.0
nasa_image_5.png,2.0,305,333.5,249.0
nasa_image_5.png,1.0,133,21.0,250.0
nasa_image_5.png,2.0,316,176.5,250.0
nasa_image_5.png,2.0,317,236.0,250.5
nasa_image_5.png,2.0,387,520.5,250.0
nasa_image_5.png,1.0,131,110.0,251.0
nasa_image_5.png,2.0,318,201.5,251.0
nasa_image_5.png,3.0,603,561.3333333333334,251.33333333333334
nasa_image_5.png,4.0,623,818.5,251.5
nasa_image_5.png,6.0,1091,834.0,251.5
nasa_image_5.png,2.0,309,125.5,252.0
nasa_image_5.png,2.0,283,193.5,252.0
nasa_image_5.png,1.0,136,276.0,252.0
nasa_image_5.png,1.0,151,519.0,252.0
nasa_image_5.png,2.0,272,169.5,253.0
nasa_image_5.png,1.0,145,172.0,253.0
nasa_image_5.png,27.0,4837,185.33333333333334,255.44444444444446
nasa_image_5.png,2.0,305,203.5,253.0
nasa_image_5.png,2.0,319,206.0,253.5
nasa_image_5.png,4.0,649,211.5,253.5
nasa_image_5.png,1.0,135,238.0,253.0
nasa_image_5.png,1.0,132,247.0,253.0
nasa_image_5.png,1.0,144,162.0,254.0
nasa_image_5.png,1.0,137,481.0,254.0
nasa_image_5.png,2.0,316,280.0,255.5
nasa_image_5.png,1.0,194,620.0,255.0
nasa_image_5.png,1.0,144,167.0,256.0
nasa_image_5.png,2.0,323,192.5,256.0
nasa_image_5.png,2.0,312,198.0,256.5
nasa_image_5.png,1.0,144,382.0,256.0
nasa_image_5.png,2.0,326,141.0,257.5
nasa_image_5.png,5.0,756,171.8,257.6
nasa_image_5.png,1.0,146,223.0,257.0
nasa_image_5.png,1.0,209,272.0,257.0
nasa_image_5.png,1.0,140,426.0,257.0
nasa_image_5.png,2.0,391,45.5,258.0
nasa_image_5.png,1.0,149,133.0,258.0
nasa_image_5.png,3.0,458,162.33333333333334,259.0
nasa_image_5.png,1.0,144,203.0,258.0
nasa_image_5.png,1.0,141,6.0,259.0
nasa_image_5.png,2.0,281,241.0,259.5
nasa_image_5.png,1.0,130,482.0,259.0
nasa_image_5.png,1.0,136,894.0,259.0
nasa_image_5.png,1.0,154,111.0,260.0
nasa_image_5.png,3.0,615,27.333333333333332,261.3333333333333
nasa_image_5.png,19.0,3585,120.0,263.0
nasa_image_5.png,1.0,167,190.0,261.0
nasa_image_5.png,1.0,134,216.0,261.0
nasa_image_5.png,3.0,458,231.33333333333334,261.3333333333333
nasa_image_5.png,2.0,274,389.0,261.5
nasa_image_5.png,2.0,294,521.5,261.0
nasa_image_5.png,3.0,442,146.33333333333334,262.3333333333333
nasa_image_5.png,4.0,706,245.0,262.25
nasa_image_5.png,2.0,292,226.5,263.0
nasa_image_5.png,1.0,129,249.0,263.0
nasa_image_5.png,4.0,637,172.5,265.5
nasa_image_5.png,1.0,180,227.0,265.0
nasa_image_5.png,1.0,137,822.0,265.0
nasa_image_5.png,3.0,420,220.33333333333334,266.3333333333333
nasa_image_5.png,1.0,140,248.0,266.0
nasa_image_5.png,1.0,143,269.0,266.0
nasa_image_5.png,1.0,140,507.0,266.0
nasa_image_5.png,2.0,280,243.0,268.5
nasa_image_5.png,1.0,129,245.0,268.0
nasa_image_5.png,2.0,280,272.0,268.5
nasa_image_5.png,1.0,151,220.0,269.0
nasa_image_5.png,1.0,132,329.0,269.0
nasa_image_5.png,1.0,166,423.0,269.0
nasa_image_5.png,4.0,766,236.5,270.5
nasa_image_5.png,1.0,136,342.0,270.0
nasa_image_5.png,1.0,159,521.0,271.0
nasa_image_5.png,1.0,133,24.0,272.0
nasa_image_5.png,2.0,386,186.5,272.0
nasa_image_5.png,1.0,146,251.0,272.0
nasa_image_5.png,1.0,151,266.0,272.0
nasa_image_5.png,1.0,129,517.0,272.0
nasa_image_5.png,2.0,294,612.5,272.0
nasa_image_5.png,1.0,142,61.0,273.0
nasa_image_5.png,1.0,135,274.0,273.0
nasa_image_5.png,3.0,530,151.33333333333334,274.3333333333333
nasa_image_5.png,2.0,275,165.5,274.0
nasa_image_5.png,1.0,139,255.0,274.0
nasa_image_5.png,1.0,133,500.0,274.0
nasa_image_5.png,2.0,287,213.0,275.5
nasa_image_5.png,2.0,264,622.5,275.0
nasa_image_5.png,1.0,145,32.0,276.0
nasa_image_5.png,2.0,308,245.5,276.0
nasa_image_5.png,2.0,323,377.0,276.5
nasa_image_5.png,1.0,145,633.0,276.0
nasa_image_5.png,1.0,168,143.0,277.0
nasa_image_5.png,4.0,671,165.5,277.5
nasa_image_5.png,4.0,736,269.5,277.5
nasa_image_5.png,1.0,138,832.0,277.0
nasa_image_5.png,1.0,144,926.0,277.0
nasa_image_5.png,1.0,137,156.0,278.0
nasa_image_5.png,1.0,142,390.0,278.0
nasa_image_5.png,2.0,332,482.0,278.5
nasa_image_5.png,2.0,377,793.0,278.5
nasa_image_5.png,3.0,612,4.333333333333333,279.3333333333333
nasa_image_5.png,27.0,4863,152.33333333333334,281.0740740740741
nasa_image_5.png,1.0,131,237.0,279.0
nasa_image_5.png,1.0,140,111.0,280.0
nasa_image_5.png,1.0,130,125.0,280.0
nasa_image_5.png,1.0,170,184.0,280.0
nasa_image_5.png,1.0,149,759.0,280.0
nasa_image_5.png,2.0,270,491.5,281.0
nasa_image_5.png,1.0,137,163.0,282.0
nasa_image_5.png,2.0,280,215.0,282.5
nasa_image_5.png,1.0,140,682.0,282.0
nasa_image_5.png,2.0,386,116.0,283.5
nasa_image_5.png,3.0,468,160.33333333333334,284.0
nasa_image_5.png,2.0,359,922.0,283.5
nasa_image_5.png,1.0,168,302.0,284.0
nasa_image_5.png,14.0,2673,11.928571428571429,286.2857142857143
nasa_image_5.png,1.0,139,358.0,285.0
nasa_image_5.png,1.0,157,379.0,285.0
nasa_image_5.png,1.0,151,93.0,286.0
nasa_image_5.png,2.0,282,620.0,286.5
nasa_image_5.png,1.0,174,722.0,286.0
nasa_image_5.png,1.0,172,745.0,286.0
nasa_image_5.png,4.0,755,161.0,287.25
nasa_image_5.png,1.0,160,257.0,287.0
nasa_image_5.png,1.0,153,277.0,287.0
nasa_image_5.png,2.0,288,237.5,288.0
nasa_image_5.png,1.0,174,760.0,288.0
nasa_image_5.png,1.0,134,311.0,289.0
nasa_image_5.png,1.0,139,337.0,289.0
nasa_image_5.png,1.0,190,485.0,289.0
nasa_image_5.png,3.0,540,148.33333333333334,290.3333333333333
nasa_image_5.png,2.0,263,255.5,290.0
nasa_image_5.png,1.0,178,352.0,290.0
nasa_image_5.png,1.0,140,140.0,291.0
nasa_image_5.png,1.0,159,205.0,292.0
nasa_image_5.png,4.0,613,213.5,292.5
nasa_image_5.png,1.0,156,542.0,292.0
nasa_image_5.png,4.0,747,126.5,293.5
nasa_image_5.png,3.0,444,239.66666666666666,293.6666666666667
nasa_image_5.png,1.0,223,944.0,293.0
nasa_image_5.png,1.0,138,246.0,294.0
nasa_image_5.png,1.0,130,291.0,294.0
nasa_image_5.png,1.0,131,353.0,294.0
nasa_image_5.png,3.0,478,71.33333333333333,295.3333333333333
nasa_image_5.png,2.0,326,99.5,295.0
nasa_image_5.png,2.0,364,123.0,295.5
nasa_image_5.png,1.0,164,224.0,295.0
nasa_image_5.png,1.0,167,266.0,295.0
nasa_image_5.png,1.0,134,806.0,295.0
nasa_image_5.png,2.0,341,85.5,296.0
nasa_image_5.png,1.0,135,215.0,297.0
nasa_image_5.png,4.0,614,230.5,297.5
nasa_image_5.png,2.0,294,324.5,297.0
nasa_image_5.png,1.0,129,108.0,298.0
nasa_image_5.png,1.0,158,236.0,298.0
nasa_image_5.png,1.0,140,238.0,299.0
nasa_image_5.png,1.0,132,399.0,299.0
nasa_image_5.png,1.0,138,828.0,299.0
nasa_image_5.png,2.0,296,96.5,301.0
nasa_image_5.png,1.0,152,196.0,301.0
nasa_image_5.png,1.0,195,215.0,301.0
nasa_image_5.png,1.0,135,504.0,301.0
nasa_image_5.png,2.0,306,199.0,302.5
nasa_image_5.png,1.0,136,237.0,302.0
nasa_image_5.png,3.0,530,350.3333333333333,302.3333333333333
nasa_image_5.png,1.0,160,627.0,302.0
nasa_image_5.png,2.0,313,160.0,303.5
nasa_image_5.png,1.0,134,197.0,303.0
nasa_image_5.png,1.0,132,210.0,303.0
nasa_image_5.png,2.0,273,255.5,303.0
nasa_image_5.png,1.0,134,478.0,303.0
nasa_image_5.png,2.0,300,190.5,304.0
nasa_image_5.png,1.0,143,243.0,304.0
nasa_image_5.png,1.0,170,268.0,304.0
nasa_image_5.png,1.0,137,483.0,305.0
nasa_image_5.png,1.0,156,743.0,305.0
nasa_image_5.png,2.0,453,17.5,306.0
nasa_image_5.png,1.0,144,174.0,306.0
nasa_image_5.png,3.0,433,199.33333333333334,306.6666666666667
nasa_image_5.png,1.0,142,311.0,306.0
nasa_image_5.png,1.0,144,203.0,307.0
nasa_image_5.png,1.0,161,330.0,307.0
nasa_image_5.png,1.0,139,459.0,307.0
nasa_image_5.png,2.0,403,52.5,308.0
nasa_image_5.png,1.0,130,206.0,308.0
nasa_image_5.png,1.0,136,402.0,308.0
nasa_image_5.png,5.0,883,161.8,309.4
nasa_image_5.png,3.0,433,190.66666666666666,310.0
nasa_image_5.png,6.0,1101,211.5,310.0
nasa_image_5.png,2.0,270,198.5,310.0
nasa_image_5.png,1.0,152,459.0,310.0
nasa_image_5.png,1.0,157,848.0,310.0
nasa_image_5.png,2.0,300,185.5,312.0
nasa_image_5.png,1.0,131,441.0,312.0
nasa_image_5.png,2.0,394,154.5,313.0
nasa_image_5.png,2.0,316,214.5,313.0
nasa_image_5.png,1.0,141,244.0,313.0
nasa_image_5.png,1.0,132,339.0,313.0
nasa_image_5.png,2.0,289,664.0,313.5
nasa_image_5.png,1.0,212,150.0,314.0
nasa_image_5.png,1.0,142,169.0,314.0
nasa_image_5.png,32.0,4543,204.78125,316.28125
nasa_image_5.png,1.0,140,210.0,314.0
nasa_image_5.png,1.0,164,221.0,314.0
nasa_image_5.png,1.0,135,225.0,314.0
nasa_image_5.png,3.0,483,495.6666666666667,314.3333333333333
nasa_image_5.png,1.0,148,172.0,315.0
nasa_image_5.png,1.0,143,632.0,315.0
nasa_image_5.png,1.0,176,263.0,316.0
nasa_image_5.png,2.0,286,341.5,316.0
nasa_image_5.png,1.0,141,567.0,316.0
nasa_image_5.png,3.0,544,176.66666666666666,317.3333333333333
nasa_image_5.png,1.0,138,217.0,317.0
nasa_image_5.png,3.0,441,163.66666666666666,318.6666666666667
nasa_image_5.png,2.0,289,337.5,318.0
nasa_image_5.png,1.0,174,69.0,319.0
nasa_image_5.png,2.0,352,87.5,319.0
nasa_image_5.png,3.0,425,169.0,319.3333333333333
nasa_image_5.png,1.0,130,219.0,319.0
nasa_image_5.png,1.0,151,541.0,319.0
nasa_image_5.png,1.0,186,677.0,319.0
nasa_image_5.png,1.0,131,792.0,319.0
nasa_image_5.png,2.0,295,190.0,320.5
nasa_image_5.png,1.0,131,210.0,320.0
nasa_image_5.png,1.0,158,200.0,321.0
nasa_image_5.png,1.0,152,405.0,321.0
nasa_image_5.png,2.0,396,32.0,322.5
nasa_image_5.png,2.0,276,204.0,322.5
nasa_image_5.png,2.0,304,212.0,323.5
nasa_image_5.png,3.0,445,217.33333333333334,323.3333333333333
nasa_image_5.png,1.0,153,250.0,324.0
nasa_image_5.png,2.0,267,277.0,324.5
nasa_image_5.png,1.0,129,324.0,324.0
nasa_image_5.png,1.0,217,663.0,324.0
nasa_image_5.png,1.0,151,82.0,325.0
nasa_image_5.png,1.0,129,109.0,325.0
nasa_image_5.png,1.0,140,186.0,325.0
nasa_image_5.png,2.0,280,197.5,325.0
nasa_image_5.png,1.0,160,464.0,325.0
nasa_image_5.png,2.0,350,77.5,326.0
nasa_image_5.png,1.0,167,846.0,326.0
nasa_image_5.png,2.0,457,39.5,327.0
nasa_image_5.png,1.0,134,81.0,327.0
nasa_image_5.png,1.0,141,239.0,327.0
nasa_image_5.png,1.0,136,253.0,327.0
nasa_image_5.png,1.0,143,272.0,327.0
nasa_image_5.png,1.0,154,328.0,327.0
nasa_image_5.png,1.0,155,423.0,327.0
nasa_image_5.png,1.0,130,565.0,327.0
nasa_image_5.png,1.0,170,713.0,327.0
nasa_image_5.png,2.0,262,164.5,328.0
nasa_image_5.png,1.0,131,191.0,328.0
nasa_image_5.png,7.0,955,220.28571428571428,329.42857142857144
nasa_image_5.png,2.0,356,375.5,328.0
nasa_image_5.png,1.0,135,487.0,328.0
nasa_image_5.png,2.0,261,702.5,328.0
nasa_image_5.png,2.0,326,785.5,328.0
nasa_image_5.png,1.0,210,381.0,329.0
nasa_image_5.png,2.0,359,17.5,330.0
nasa_image_5.png,2.0,319,121.5,330.0
nasa_image_5.png,2.0,349,189.5,330.0
nasa_image_5.png,1.0,152,239.0,330.0
nasa_image_5.png,1.0,140,675.0,330.0
nasa_image_5.png,1.0,150,492.0,331.0
nasa_image_5.png,1.0,140,685.0,332.0
nasa_image_5.png,1.0,138,719.0,332.0
nasa_image_5.png,2.0,269,735.5,332.5
nasa_image_5.png,2.0,297,156.5,333.0
nasa_image_5.png,1.0,130,217.0,333.0
nasa_image_5.png,1.0,131,500.0,333.0
nasa_image_5.png,1.0,147,78.0,334.0
nasa_image_5.png,2.0,333,205.0,334.5
nasa_image_5.png,3.0,472,235.66666666666666,334.3333333333333
nasa_image_5.png,2.0,315,240.5,334.0
nasa_image_5.png,2.0,283,313.5,334.0
nasa_image_5.png,2.0,305,54.5,335.0
nasa_image_5.png,5.0,718,192.8,335.4
nasa_image_5.png,1.0,164,365.0,335.0
nasa_image_5.png,3.0,437,201.66666666666666,336.3333333333333
nasa_image_5.png,1.0,129,234.0,336.0
nasa_image_5.png,1.0,140,180.0,337.0
nasa_image_5.png,2.0,274,212.0,338.5
nasa_image_5.png,2.0,357,85.0,339.5
nasa_image_5.png,4.0,645,217.5,340.5
nasa_image_5.png,1.0,147,258.0,339.0
nasa_image_5.png,1.0,132,262.0,339.0
nasa_image_5.png,1.0,135,482.0,339.0
nasa_image_5.png,2.0,284,789.0,339.5
nasa_image_5.png,4.0,647,813.5,339.5
nasa_image_5.png,1.0,130,158.0,340.0
nasa_image_5.png,1.0,141,199.0,340.0
nasa_image_5.png,1.0,130,242.0,340.0
nasa_image_5.png,1.0,195,380.0,340.0
nasa_image_5.png,2.0,290,65.5,341.0
nasa_image_5.png,2.0,294,101.5,341.0
nasa_image_5.png,1.0,141,206.0,341.0
nasa_image_5.png,1.0,130,625.0,341.0
nasa_image_5.png,1.0,145,649.0,341.0
nasa_image_5.png,1.0,140,732.0,341.0
nasa_image_5.png,3.0,475,157.33333333333334,342.3333333333333
nasa_image_5.png,1.0,151,31.0,343.0
nasa_image_5.png,1.0,142,168.0,343.0
nasa_image_5.png,2.0,293,266.5,343.0
nasa_image_5.png,1.0,198,79.0,344.0
nasa_image_5.png,4.0,564,186.5,344.5
nasa_image_5.png,1.0,141,243.0,344.0
nasa_image_5.png,2.0,305,250.0,344.5
nasa_image_5.png,1.0,142,486.0,344.0
nasa_image_5.png,1.0,129,535.0,344.0
nasa_image_5.png,1.0,168,545.0,344.0
nasa_image_5.png,1.0,141,791.0,344.0
nasa_image_5.png,6.0,880,163.83333333333334,345.3333333333333
nasa_image_5.png,2.0,301,169.0,345.5
nasa_image_5.png,2.0,276,199.0,345.5
nasa_image_5.png,2.0,276,245.5,345.0
nasa_image_5.png,1.0,164,312.0,345.0
nasa_image_5.png,1.0,171,319.0,345.0
nasa_image_5.png,1.0,184,150.0,346.0
nasa_image_5.png,2.0,294,206.5,346.0
nasa_image_5.png,1.0,147,248.0,346.0
nasa_image_5.png,1.0,130,257.0,346.0
nasa_image_5.png,1.0,151,303.0,346.0
nasa_image_5.png,1.0,174,592.0,346.0
nasa_image_5.png,1.0,144,177.0,347.0
nasa_image_5.png,1.0,180,242.0,347.0
nasa_image_5.png,1.0,134,306.0,347.0
nasa_image_5.png,1.0,140,311.0,347.0
nasa_image_5.png,2.0,278,821.5,347.0
nasa_image_5.png,3.0,405,76.66666666666667,348.3333333333333
nasa_image_5.png,1.0,147,210.0,348.0
nasa_image_5.png,1.0,145,212.0,348.0
nasa_image_5.png,1.0,139,286.0,348.0
nasa_image_5.png,1.0,140,818.0,348.0
nasa_image_5.png,2.0,264,174.0,349.5
nasa_image_5.png,1.0,130,194.0,349.0
nasa_image_5.png,2.0,276,253.5,349.0
nasa_image_5.png,1.0,145,266.0,349.0
nasa_image_5.png,1.0,170,331.0,349.0
nasa_image_5.png,1.0,142,508.0,349.0
nasa_image_5.png,1.0,168,546.0,349.0
nasa_image_5.png,1.0,136,243.0,350.0
nasa_image_5.png,1.0,154,522.0,350.0
nasa_image_5.png,1.0,199,693.0,350.0
nasa_image_5.png,1.0,157,160.0,351.0
nasa_image_5.png,2.0,305,219.5,351.0
nasa_image_5.png,1.0,139,512.0,351.0
nasa_image_5.png,1.0,161,255.0,352.0
nasa_image_5.png,1.0,163,266.0,352.0
nasa_image_5.png,2.0,261,270.0,352.5
nasa_image_5.png,1.0,130,273.0,352.0
nasa_image_5.png,1.0,160,335.0,352.0
nasa_image_5.png,2.0,308,198.5,353.0
nasa_image_5.png,1.0,136,203.0,353.0
nasa_image_5.png,1.0,176,218.0,353.0
nasa_image_5.png,1.0,129,229.0,353.0
nasa_image_5.png,3.0,485,251.33333333333334,353.3333333333333
nasa_image_5.png,2.0,352,143.5,354.0
nasa_image_5.png,1.0,131,316.0,354.0
nasa_image_5.png,1.0,138,320.0,354.0
nasa_image_5.png,1.0,131,330.0,354.0
nasa_image_5.png,1.0,140,210.0,355.0
nasa_image_5.png,1.0,139,304.0,355.0
nasa_image_5.png,2.0,387,867.0,355.5
nasa_image_5.png,1.0,141,190.0,356.0
nasa_image_5.png,1.0,133,206.0,356.0
nasa_image_5.png,1.0,135,245.0,356.0
nasa_image_5.png,1.0,129,247.0,356.0
nasa_image_5.png,1.0,181,249.0,356.0
nasa_image_5.png,1.0,137,803.0,356.0
nasa_image_5.png,3.0,509,70.66666666666667,357.6666666666667
nasa_image_5.png,1.0,145,722.0,357.0
nasa_image_5.png,2.0,380,950.5,357.0
nasa_image_5.png,1.0,170,31.0,358.0
nasa_image_5.png,3.0,444,233.66666666666666,358.6666666666667
nasa_image_5.png,2.0,283,346.0,358.5
nasa_image_5.png,3.0,473,701.3333333333334,358.3333333333333
nasa_image_5.png,1.0,130,205.0,359.0
nasa_image_5.png,1.0,129,213.0,359.0
nasa_image_5.png,1.0,148,228.0,359.0
nasa_image_5.png,1.0,144,248.0,359.0
nasa_image_5.png,2.0,329,306.0,359.5
nasa_image_5.png,1.0,143,321.0,359.0
nasa_image_5.png,1.0,161,22.0,360.0
nasa_image_5.png,17.0,3089,190.35294117647058,361.2352941176471
nasa_image_5.png,1.0,146,203.0,360.0
nasa_image_5.png,1.0,157,221.0,360.0
nasa_image_5.png,1.0,156,225.0,360.0
nasa_image_5.png,1.0,129,502.0,360.0
nasa_image_5.png,1.0,129,537.0,360.0
nasa_image_5.png,1.0,218,4.0,361.0
nasa_image_5.png,3.0,517,119.33333333333333,361.3333333333333
nasa_image_5.png,1.0,139,156.0,361.0
nasa_image_5.png,1.0,144,210.0,361.0
nasa_image_5.png,1.0,168,303.0,361.0
nasa_image_5.png,1.0,179,416.0,361.0
nasa_image_5.png,1.0,157,42.0,362.0
nasa_image_5.png,2.0,298,45.5,362.0
nasa_image_5.png,1.0,130,533.0,362.0
nasa_image_5.png,1.0,131,603.0,362.0
nasa_image_5.png,1.0,135,676.0,362.0
nasa_image_5.png,6.0,1150,106.0,363.5
nasa_image_5.png,1.0,146,138.0,363.0
nasa_image_5.png,1.0,154,216.0,363.0
nasa_image_5.png,1.0,137,227.0,363.0
nasa_image_5.png,1.0,134,318.0,363.0
nasa_image_5.png,1.0,156,785.0,363.0
nasa_image_5.png,3.0,422,225.33333333333334,364.6666666666667
nasa_image_5.png,1.0,156,231.0,364.0
nasa_image_5.png,1.0,129,417.0,364.0
nasa_image_5.png,1.0,133,473.0,364.0
nasa_image_5.png,2.0,315,526.0,364.5
nasa_image_5.png,1.0,142,654.0,364.0
nasa_image_5.png,1.0,189,717.0,364.0
nasa_image_5.png,4.0,581,209.75,365.25
nasa_image_5.png,1.0,151,340.0,365.0
nasa_image_5.png,2.0,273,123.5,366.5
nasa_image_5.png,2.0,283,162.0,366.5
nasa_image_5.png,8.0,1199,264.625,367.125
nasa_image_5.png,10.0,1987,17.7,368.7
nasa_image_5.png,2.0,341,186.5,367.0
nasa_image_5.png,2.0,269,240.0,367.5
nasa_image_5.png,1.0,138,292.0,367.0
nasa_image_5.png,2.0,269,343.0,367.5
nasa_image_5.png,1.0,156,352.0,367.0
nasa_image_5.png,1.0,134,415.0,367.0
nasa_image_5.png,1.0,151,486.0,367.0
nasa_image_5.png,1.0,138,648.0,367.0
nasa_image_5.png,1.0,147,675.0,367.0
nasa_image_5.png,1.0,129,253.0,368.0
nasa_image_5.png,1.0,135,256.0,368.0
nasa_image_5.png,1.0,151,387.0,368.0
nasa_image_5.png,1.0,171,422.0,368.0
nasa_image_5.png,1.0,137,267.0,369.0
nasa_image_5.png,1.0,129,357.0,369.0
nasa_image_5.png,1.0,141,248.0,370.0
nasa_image_5.png,5.0,886,251.8,371.2
nasa_image_5.png,1.0,129,273.0,370.0
nasa_image_5.png,1.0,143,372.0,370.0
nasa_image_5.png,2.0,403,774.0,370.5
nasa_image_5.png,2.0,320,184.0,371.5
nasa_image_5.png,4.0,581,240.5,371.5
nasa_image_5.png,1.0,137,268.0,371.0
nasa_image_5.png,2.0,271,341.5,371.0
nasa_image_5.png,1.0,132,191.0,372.0
nasa_image_5.png,2.0,346,208.5,372.0
nasa_image_5.png,2.0,298,260.5,372.0
nasa_image_5.png,5.0,851,297.2,372.4
nasa_image_5.png,2.0,268,318.0,372.5
nasa_image_5.png,2.0,323,476.5,372.0
nasa_image_5.png,1.0,132,745.0,372.0
nasa_image_5.png,1.0,144,892.0,372.0
nasa_image_5.png,4.0,555,144.5,373.5
nasa_image_5.png,2.0,287,159.5,373.0
nasa_image_5.png,2.0,301,501.5,373.0
nasa_image_5.png,1.0,134,522.0,373.0
nasa_image_5.png,1.0,144,576.0,373.0
nasa_image_5.png,1.0,178,687.0,373.0
nasa_image_5.png,1.0,142,824.0,373.0
nasa_image_5.png,1.0,137,67.0,374.0
nasa_image_5.png,1.0,135,109.0,374.0
nasa_image_5.png,1.0,134,149.0,374.0
nasa_image_5.png,2.0,260,244.5,374.0
nasa_image_5.png,2.0,291,265.5,374.0
nasa_image_5.png,1.0,130,320.0,374.0
nasa_image_5.png,1.0,144,127.0,375.0
nasa_image_5.png,2.0,343,133.0,375.5
nasa_image_5.png,1.0,138,187.0,375.0
nasa_image_5.png,2.0,290,212.0,375.5
nasa_image_5.png,1.0,130,214.0,375.0
nasa_image_5.png,1.0,164,219.0,375.0
nasa_image_5.png,1.0,131,301.0,375.0
nasa_image_5.png,1.0,135,307.0,375.0
nasa_image_5.png,2.0,277,221.0,376.5
nasa_image_5.png,2.0,265,250.5,376.0
nasa_image_5.png,2.0,284,282.0,376.5
nasa_image_5.png,2.0,290,349.5,376.0
nasa_image_5.png,2.0,292,427.5,376.0
nasa_image_5.png,2.0,264,238.5,377.0
nasa_image_5.png,1.0,175,472.0,377.0
nasa_image_5.png,1.0,144,643.0,377.0
nasa_image_5.png,1.0,134,819.0,377.0
nasa_image_5.png,1.0,174,36.0,378.0
nasa_image_5.png,1.0,157,126.0,378.0
nasa_image_5.png,1.0,171,299.0,378.0
nasa_image_5.png,1.0,167,361.0,378.0
nasa_image_5.png,2.0,285,416.0,378.5
nasa_image_5.png,1.0,132,705.0,378.0
nasa_image_5.png,1.0,245,707.0,378.0
nasa_image_5.png,1.0,202,63.0,379.0
nasa_image_5.png,1.0,170,76.0,379.0
nasa_image_5.png,1.0,214,131.0,379.0
nasa_image_5.png,1.0,135,227.0,379.0
nasa_image_5.png,1.0,164,797.0,379.0
nasa_image_5.png,1.0,167,80.0,380.0
nasa_image_5.png,1.0,195,151.0,380.0
nasa_image_5.png,1.0,135,177.0,380.0
nasa_image_5.png,1.0,157,229.0,380.0
nasa_image_5.png,1.0,134,261.0,380.0
nasa_image_5.png,1.0,137,277.0,380.0
nasa_image_5.png,2.0,287,291.0,380.5
nasa_image_5.png,1.0,138,306.0,380.0
nasa_image_5.png,1.0,148,357.0,380.0
nasa_image_5.png,1.0,161,735.0,380.0
nasa_image_5.png,1.0,151,741.0,380.0
nasa_image_5.png,4.0,741,86.5,381.5
nasa_image_5.png,3.0,428,124.66666666666667,381.6666666666667
nasa_image_5.png,2.0,287,191.5,381.0
nasa_image_5.png,1.0,134,208.0,381.0
nasa_image_5.png,1.0,131,247.0,381.0
nasa_image_5.png,1.0,134,343.0,381.0
nasa_image_5.png,1.0,129,530.0,381.0
nasa_image_5.png,3.0,467,788.6666666666666,381.6666666666667
nasa_image_5.png,3.0,511,107.33333333333333,382.3333333333333
nasa_image_5.png,2.0,336,114.5,382.0
nasa_image_5.png,1.0,132,214.0,382.0
nasa_image_5.png,3.0,410,222.0,382.0
nasa_image_5.png,1.0,136,455.0,382.0
nasa_image_5.png,1.0,168,733.0,382.0
nasa_image_5.png,6.0,820,210.0,383.5
nasa_image_5.png,7.0,1004,224.57142857142858,384.14285714285717
nasa_image_5.png,5.0,784,237.0,384.0
nasa_image_5.png,2.0,279,437.5,383.0
nasa_image_5.png,2.0,276,509.5,383.5
nasa_image_5.png,2.0,324,520.0,383.5
nasa_image_5.png,1.0,140,642.0,383.0
nasa_image_5.png,1.0,136,180.0,384.0
nasa_image_5.png,1.0,146,185.0,384.0
nasa_image_5.png,2.0,264,243.0,384.5
nasa_image_5.png,1.0,132,400.0,384.0
nasa_image_5.png,1.0,144,690.0,384.0
nasa_image_5.png,2.0,315,248.5,385.0
nasa_image_5.png,2.0,272,296.5,385.0
nasa_image_5.png,2.0,354,559.5,385.0
nasa_image_5.png,2.0,307,259.5,386.0
nasa_image_5.png,2.0,283,269.0,386.5
nasa_image_5.png,1.0,170,284.0,386.0
nasa_image_5.png,1.0,180,353.0,386.0
nasa_image_5.png,1.0,136,185.0,387.0
nasa_image_5.png,2.0,270,200.0,387.5
nasa_image_5.png,1.0,141,213.0,387.0
nasa_image_5.png,33.0,5517,217.3030303030303,390.3030303030303
nasa_image_5.png,2.0,281,230.5,387.0
nasa_image_5.png,1.0,136,235.0,387.0
nasa_image_5.png,1.0,148,280.0,387.0
nasa_image_5.png,1.0,135,588.0,387.0
nasa_image_5.png,1.0,170,821.0,387.0
nasa_image_5.png,6.0,1016,73.5,388.5
nasa_image_5.png,1.0,135,159.0,388.0
nasa_image_5.png,4.0,635,167.5,388.5
nasa_image_5.png,1.0,130,298.0,388.0
nasa_image_5.png,2.0,329,102.0,389.5
nasa_image_5.png,1.0,139,171.0,389.0
nasa_image_5.png,2.0,391,185.5,389.0
nasa_image_5.png,2.0,288,195.5,389.0
nasa_image_5.png,1.0,139,213.0,389.0
nasa_image_5.png,8.0,1076,228.75,390.875
nasa_image_5.png,2.0,270,284.0,389.5
nasa_image_5.png,3.0,452,318.6666666666667,389.6666666666667
nasa_image_5.png,1.0,129,344.0,389.0
nasa_image_5.png,1.0,144,399.0,389.0
nasa_image_5.png,3.0,435,137.33333333333334,390.3333333333333
nasa_image_5.png,1.0,131,251.0,390.0
nasa_image_5.png,1.0,137,445.0,390.0
nasa_image_5.png,1.0,143,725.0,390.0
nasa_image_5.png,2.0,305,196.5,391.0
nasa_image_5.png,1.0,129,234.0,391.0
nasa_image_5.png,1.0,146,236.0,391.0
nasa_image_5.png,2.0,336,345.5,391.5
nasa_image_5.png,1.0,132,367.0,391.0
nasa_image_5.png,2.0,326,208.0,392.5
nasa_image_5.png,2.0,350,258.5,392.0
nasa_image_5.png,1.0,131,579.0,392.0
nasa_image_5.png,1.0,130,169.0,393.0
nasa_image_5.png,2.0,320,244.0,393.5
nasa_image_5.png,1.0,166,287.0,393.0
nasa_image_5.png,1.0,133,429.0,393.0
nasa_image_5.png,1.0,129,227.0,394.0
nasa_image_5.png,1.0,141,239.0,394.0
nasa_image_5.png,2.0,294,807.5,394.0
nasa_image_5.png,2.0,285,287.5,395.5
nasa_image_5.png,5.0,811,294.6,396.2
nasa_image_5.png,1.0,159,312.0,395.0
nasa_image_5.png,2.0,368,435.0,395.5
nasa_image_5.png,1.0,130,237.0,396.0
nasa_image_5.png,1.0,166,241.0,396.0
nasa_image_5.png,4.0,678,165.5,397.5
nasa_image_5.png,1.0,129,244.0,397.0
nasa_image_5.png,2.0,295,259.0,397.5
nasa_image_5.png,1.0,154,376.0,397.0
nasa_image_5.png,1.0,134,814.0,397.0
nasa_image_5.png,1.0,167,157.0,398.0
nasa_image_5.png,2.0,285,236.5,398.0
nasa_image_5.png,2.0,281,286.0,398.5
nasa_image_5.png,1.0,132,250.0,399.0
nasa_image_5.png,1.0,129,272.0,399.0
nasa_image_5.png,1.0,175,488.0,399.0
nasa_image_5.png,2.0,302,525.0,399.5
nasa_image_5.png,1.0,206,837.0,399.0
nasa_image_5.png,1.0,186,143.0,400.0
nasa_image_5.png,4.0,567,203.5,400.5
nasa_image_5.png,3.0,423,227.0,401.0
nasa_image_5.png,1.0,147,335.0,400.0
nasa_image_5.png,1.0,133,382.0,400.0
nasa_image_5.png,1.0,129,386.0,400.0
nasa_image_5.png,1.0,130,482.0,400.0
nasa_image_5.png,2.0,286,128.0,401.5
nasa_image_5.png,1.0,131,287.0,401.0
nasa_image_5.png,1.0,153,290.0,401.0
nasa_image_5.png,1.0,132,313.0,401.0
nasa_image_5.png,1.0,131,433.0,401.0
nasa_image_5.png,1.0,131,447.0,401.0
nasa_image_5.png,1.0,134,474.0,401.0
nasa_image_5.png,1.0,132,808.0,401.0
nasa_image_5.png,1.0,133,230.0,402.0
nasa_image_5.png,1.0,148,417.0,402.0
nasa_image_5.png,1.0,142,489.0,402.0
nasa_image_5.png,2.0,316,529.5,402.0
nasa_image_5.png,3.0,423,556.3333333333334,403.0
nasa_image_5.png,1.0,197,637.0,402.0
nasa_image_5.png,4.0,737,926.5,402.5
nasa_image_5.png,2.0,300,257.0,403.5
nasa_image_5.png,2.0,358,264.5,403.0
nasa_image_5.png,4.0,597,276.5,403.75
nasa_image_5.png,1.0,160,330.0,403.0
nasa_image_5.png,2.0,333,380.5,403.0
nasa_image_5.png,1.0,154,467.0,403.0
nasa_image_5.png,1.0,145,475.0,403.0
nasa_image_5.png,1.0,135,520.0,403.0
nasa_image_5.png,1.0,208,741.0,403.0
nasa_image_5.png,3.0,426,84.66666666666667,404.6666666666667
nasa_image_5.png,1.0,144,133.0,404.0
nasa_image_5.png,3.0,425,230.33333333333334,405.0
nasa_image_5.png,1.0,130,271.0,404.0
nasa_image_5.png,1.0,143,287.0,404.0
nasa_image_5.png,1.0,129,314.0,404.0
nasa_image_5.png,6.0,1069,355.8333333333333,404.8333333333333
nasa_image_5.png,1.0,135,361.0,404.0
nasa_image_5.png,1.0,136,435.0,404.0
nasa_image_5.png,1.0,151,297.0,405.0
nasa_image_5.png,1.0,131,328.0,405.0
nasa_image_5.png,2.0,302,364.0,405.5
nasa_image_5.png,1.0,145,506.0,405.0
nasa_image_5.png,3.0,426,201.33333333333334,406.3333333333333
nasa_image_5.png,2.0,266,290.5,406.5
nasa_image_5.png,1.0,133,179.0,407.0
nasa_image_5.png,1.0,144,314.0,407.0
nasa_image_5.png,1.0,131,488.0,407.0
nasa_image_5.png,1.0,144,711.0,407.0
nasa_image_5.png,1.0,144,133.0,408.0
nasa_image_5.png,2.0,265,170.0,408.5
nasa_image_5.png,2.0,343,213.5,408.0
nasa_image_5.png,1.0,142,247.0,408.0
nasa_image_5.png,3.0,476,297.3333333333333,408.3333333333333
nasa_image_5.png,1.0,131,304.0,408.0
nasa_image_5.png,1.0,137,324.0,408.0
nasa_image_5.png,2.0,309,348.0,408.5
nasa_image_5.png,1.0,151,512.0,408.0
nasa_image_5.png,4.0,536,199.0,409.5
nasa_image_5.png,3.0,454,202.66666666666666,409.6666666666667
nasa_image_5.png,1.0,145,216.0,409.0
nasa_image_5.png,2.0,353,223.5,409.0
nasa_image_5.png,2.0,267,245.0,409.5
nasa_image_5.png,2.0,262,330.5,409.0
nasa_image_5.png,1.0,154,460.0,409.0
nasa_image_5.png,1.0,153,537.0,409.0
nasa_image_5.png,1.0,129,255.0,410.0
nasa_image_5.png,1.0,129,308.0,410.0
nasa_image_5.png,1.0,148,499.0,410.0
nasa_image_5.png,2.0,270,211.0,411.5
nasa_image_5.png,2.0,268,236.0,411.5
nasa_image_5.png,2.0,260,351.5,411.0
nasa_image_5.png,1.0,138,369.0,411.0
nasa_image_5.png,2.0,277,472.0,411.5
nasa_image_5.png,1.0,131,956.0,411.0
nasa_image_5.png,3.0,434,32.666666666666664,412.6666666666667
nasa_image_5.png,1.0,190,107.0,412.0
nasa_image_5.png,1.0,149,179.0,412.0
nasa_image_5.png,3.0,441,240.66666666666666,412.3333333333333
nasa_image_5.png,2.0,330,245.0,412.5
nasa_image_5.png,2.0,319,248.5,412.0
nasa_image_5.png,4.0,558,286.5,413.0
nasa_image_5.png,2.0,276,268.5,413.0
nasa_image_5.png,2.0,305,299.0,413.5
nasa_image_5.png,1.0,131,312.0,413.0
nasa_image_5.png,2.0,279,329.5,413.0
nasa_image_5.png,2.0,302,467.0,413.5
nasa_image_5.png,1.0,151,530.0,413.0
nasa_image_5.png,1.0,144,257.0,414.0
nasa_image_5.png,1.0,144,266.0,414.0
nasa_image_5.png,2.0,281,349.5,414.0
nasa_image_5.png,2.0,288,364.5,414.0
nasa_image_5.png,1.0,152,452.0,414.0
nasa_image_5.png,4.0,654,497.0,414.25
nasa_image_5.png,1.0,155,38.0,415.0
nasa_image_5.png,2.0,269,225.5,415.0
nasa_image_5.png,2.0,310,247.5,415.5
nasa_image_5.png,1.0,142,320.0,415.0
nasa_image_5.png,4.0,592,346.5,415.5
nasa_image_5.png,6.0,1131,42.0,416.5
nasa_image_5.png,1.0,131,195.0,416.0
nasa_image_5.png,1.0,134,203.0,416.0
nasa_image_5.png,2.0,272,238.5,416.5
nasa_image_5.png,1.0,130,276.0,416.0
nasa_image_5.png,5.0,758,303.4,416.8
nasa_image_5.png,3.0,425,340.3333333333333,416.6666666666667
nasa_image_5.png,1.0,184,354.0,416.0
nasa_image_5.png,2.0,352,457.0,416.5
nasa_image_5.png,4.0,682,505.0,416.5
nasa_image_5.png,1.0,172,862.0,417.0
nasa_image_5.png,2.0,311,182.5,418.0
nasa_image_5.png,1.0,129,240.0,418.0
nasa_image_5.png,1.0,132,257.0,418.0
nasa_image_5.png,1.0,131,402.0,418.0
nasa_image_5.png,1.0,131,602.0,418.0
nasa_image_5.png,2.0,290,86.5,419.0
nasa_image_5.png,4.0,595,163.5,419.5
nasa_image_5.png,22.0,3183,249.0909090909091,423.54545454545456
nasa_image_5.png,1.0,135,252.0,419.0
nasa_image_5.png,5.0,660,258.2,420.2
nasa_image_5.png,3.0,471,349.0,419.3333333333333
nasa_image_5.png,1.0,132,490.0,419.0
nasa_image_5.png,2.0,332,137.5,420.0
nasa_image_5.png,2.0,265,198.0,420.5
nasa_image_5.png,1.0,131,232.0,420.0
nasa_image_5.png,3.0,393,254.33333333333334,420.3333333333333
nasa_image_5.png,2.0,283,314.5,420.0
nasa_image_5.png,2.0,317,33.0,421.5
nasa_image_5.png,2.0,265,239.5,421.0
nasa_image_5.png,1.0,129,298.0,421.0
nasa_image_5.png,1.0,130,323.0,421.0
nasa_image_5.png,1.0,129,356.0,421.0
nasa_image_5.png,4.0,600,376.5,421.5
nasa_image_5.png,2.0,259,237.0,422.5
nasa_image_5.png,2.0,267,273.5,422.0
nasa_image_5.png,1.0,132,283.0,422.0
nasa_image_5.png,3.0,417,303.0,422.6666666666667
nasa_image_5.png,1.0,156,419.0,422.0
nasa_image_5.png,3.0,405,552.3333333333334,422.3333333333333
nasa_image_5.png,6.0,923,246.16666666666666,424.0
nasa_image_5.png,3.0,413,307.3333333333333,423.3333333333333
nasa_image_5.png,3.0,396,314.3333333333333,423.3333333333333
nasa_image_5.png,1.0,129,318.0,423.0
nasa_image_5.png,4.0,556,335.25,424.25
nasa_image_5.png,1.0,136,364.0,423.0
nasa_image_5.png,2.0,383,883.5,423.0
nasa_image_5.png,4.0,570,191.5,424.5
nasa_image_5.png,1.0,142,214.0,424.0
nasa_image_5.png,5.0,664,256.8,424.6
nasa_image_5.png,1.0,134,260.0,424.0
nasa_image_5.png,2.0,262,266.5,424.0
nasa_image_5.png,4.0,549,340.0,425.25
nasa_image_5.png,3.0,423,368.6666666666667,424.6666666666667
nasa_image_5.png,1.0,136,391.0,424.0
nasa_image_5.png,8.0,1271,292.125,425.875
nasa_image_5.png,1.0,134,492.0,425.0
nasa_image_5.png,1.0,136,72.0,426.0
nasa_image_5.png,1.0,134,227.0,426.0
nasa_image_5.png,2.0,307,236.5,426.0
nasa_image_5.png,1.0,133,264.0,426.0
nasa_image_5.png,2.0,274,282.0,426.5
nasa_image_5.png,3.0,445,298.6666666666667,426.3333333333333
nasa_image_5.png,1.0,130,416.0,426.0
nasa_image_5.png,1.0,137,536.0,426.0
nasa_image_5.png,1.0,148,538.0,426.0
nasa_image_5.png,3.0,471,178.66666666666666,427.6666666666667
nasa_image_5.png,2.0,293,242.5,427.0
nasa_image_5.png,3.0,487,334.6666666666667,427.6666666666667
nasa_image_5.png,1.0,131,357.0,427.0
nasa_image_5.png,1.0,141,371.0,427.0
nasa_image_5.png,3.0,467,449.3333333333333,427.3333333333333
nasa_image_5.png,1.0,135,185.0,428.0
nasa_image_5.png,2.0,294,262.0,428.5
nasa_image_5.png,7.0,935,309.7142857142857,428.85714285714283
nasa_image_5.png,3.0,502,317.6666666666667,428.6666666666667
nasa_image_5.png,1.0,131,324.0,428.0
nasa_image_5.png,2.0,299,465.5,428.0
nasa_image_5.png,1.0,164,486.0,428.0
nasa_image_5.png,1.0,130,577.0,428.0
nasa_image_5.png,1.0,130,240.0,429.0
nasa_image_5.png,2.0,264,250.5,429.5
nasa_image_5.png,4.0,560,276.0,429.25
nasa_image_5.png,5.0,675,314.0,430.2
nasa_image_5.png,1.0,129,367.0,429.0
nasa_image_5.png,1.0,136,589.0,429.0
nasa_image_5.png,1.0,140,77.0,430.0
nasa_image_5.png,2.0,261,242.0,430.5
nasa_image_5.png,6.0,798,255.16666666666666,431.1666666666667
nasa_image_5.png,1.0,134,299.0,430.0
nasa_image_5.png,3.0,393,327.0,431.0
nasa_image_5.png,1.0,147,338.0,430.0
nasa_image_5.png,1.0,139,381.0,430.0
nasa_image_5.png,1.0,138,504.0,430.0
nasa_image_5.png,1.0,139,582.0,430.0
nasa_image_5.png,1.0,131,233.0,431.0
nasa_image_5.png,99.0,13473,248.3939393939394,439.73737373737373
nasa_image_5.png,1.0,131,273.0,431.0
nasa_image_5.png,1.0,149,279.0,431.0
nasa_image_5.png,1.0,136,284.0,431.0
nasa_image_5.png,2.0,319,286.5,431.0
nasa_image_5.png,4.0,557,332.5,431.5
nasa_image_5.png,1.0,139,386.0,431.0
nasa_image_5.png,1.0,144,452.0,431.0
nasa_image_5.png,1.0,136,662.0,431.0
nasa_image_5.png,1.0,160,213.0,432.0
nasa_image_5.png,1.0,165,240.0,432.0
nasa_image_5.png,1.0,138,250.0,432.0
nasa_image_5.png,3.0,416,259.6666666666667,432.6666666666667
nasa_image_5.png,2.0,278,296.5,432.0
nasa_image_5.png,1.0,151,301.0,432.0
nasa_image_5.png,2.0,261,318.5,432.0
nasa_image_5.png,1.0,129,434.0,432.0
nasa_image_5.png,1.0,132,537.0,432.0
nasa_image_5.png,1.0,132,606.0,432.0
nasa_image_5.png,1.0,137,757.0,432.0
nasa_image_5.png,1.0,129,252.0,433.0
nasa_image_5.png,3.0,421,292.3333333333333,433.3333333333333
nasa_image_5.png,7.0,1108,310.2857142857143,434.14285714285717
nasa_image_5.png,2.0,266,315.0,433.5
nasa_image_5.png,2.0,300,374.0,433.5
nasa_image_5.png,1.0,133,495.0,433.0
nasa_image_5.png,2.0,322,524.0,433.5
nasa_image_5.png,1.0,134,763.0,433.0
nasa_image_5.png,1.0,167,112.0,434.0
nasa_image_5.png,2.0,344,141.5,434.0
nasa_image_5.png,4.0,696,232.5,434.5
nasa_image_5.png,1.0,129,295.0,434.0
nasa_image_5.png,1.0,130,303.0,434.0
nasa_image_5.png,4.0,567,326.25,435.0
nasa_image_5.png,5.0,693,331.2,434.6
nasa_image_5.png,3.0,402,340.3333333333333,434.6666666666667
nasa_image_5.png,3.0,434,346.0,434.3333333333333
nasa_image_5.png,1.0,129,386.0,434.0
nasa_image_5.png,2.0,269,416.5,434.0
nasa_image_5.png,1.0,168,520.0,434.0
nasa_image_5.png,2.0,265,149.0,435.5
nasa_image_5.png,12.0,1731,300.75,436.8333333333333
nasa_image_5.png,2.0,287,360.5,435.0
nasa_image_5.png,2.0,262,420.5,435.0
nasa_image_5.png,1.0,132,548.0,435.0
nasa_image_5.png,5.0,843,759.8,435.8
nasa_image_5.png,3.0,603,9.666666666666666,436.6666666666667
nasa_image_5.png,4.0,758,25.5,436.5
nasa_image_5.png,2.0,284,213.5,436.0
nasa_image_5.png,1.0,159,272.0,436.0
nasa_image_5.png,2.0,334,294.0,436.5
nasa_image_5.png,6.0,894,321.3333333333333,437.0
nasa_image_5.png,3.0,434,351.0,436.6666666666667
nasa_image_5.png,2.0,284,407.5,436.0
nasa_image_5.png,1.0,147,179.0,437.0
nasa_image_5.png,1.0,133,192.0,437.0
nasa_image_5.png,1.0,151,207.0,437.0
nasa_image_5.png,1.0,129,229.0,437.0
nasa_image_5.png,1.0,130,270.0,437.0
nasa_image_5.png,1.0,137,291.0,437.0
nasa_image_5.png,2.0,293,306.0,437.5
nasa_image_5.png,1.0,129,308.0,437.0
nasa_image_5.png,5.0,656,311.6,438.2
nasa_image_5.png,8.0,1093,343.25,439.375
nasa_image_5.png,1.0,138,432.0,437.0
nasa_image_5.png,2.0,295,596.5,437.0
nasa_image_5.png,1.0,133,215.0,438.0
nasa_image_5.png,1.0,132,288.0,438.0
nasa_image_5.png,5.0,719,329.6,438.6
nasa_image_5.png,3.0,409,384.6666666666667,438.3333333333333
nasa_image_5.png,1.0,137,506.0,438.0
nasa_image_5.png,2.0,288,199.5,439.0
nasa_image_5.png,3.0,394,244.66666666666666,439.6666666666667
nasa_image_5.png,1.0,131,266.0,439.0
nasa_image_5.png,1.0,129,296.0,439.0
nasa_image_5.png,1.0,134,310.0,439.0
nasa_image_5.png,1.0,130,315.0,439.0
nasa_image_5.png,2.0,265,317.5,439.0
nasa_image_5.png,11.0,1475,326.0,441.1818181818182
nasa_image_5.png,9.0,1187,339.6666666666667,442.77777777777777
nasa_image_5.png,1.0,132,348.0,439.0
nasa_image_5.png,1.0,151,374.0,439.0
nasa_image_5.png,1.0,149,461.0,439.0
nasa_image_5.png,1.0,133,468.0,439.0
nasa_image_5.png,1.0,142,488.0,439.0
nasa_image_5.png,1.0,162,568.0,439.0
nasa_image_5.png,1.0,132,280.0,440.0
nasa_image_5.png,2.0,283,305.0,440.5
nasa_image_5.png,1.0,129,590.0,440.0
nasa_image_5.png,3.0,401,257.0,441.3333333333333
nasa_image_5.png,1.0,133,298.0,441.0
nasa_image_5.png,10309.0,1526959,421.20263847123874,490.279852556019
nasa_image_5.png,1.0,131,333.0,441.0
nasa_image_5.png,2.0,264,384.5,441.0
nasa_image_5.png,1.0,131,503.0,441.0
nasa_image_5.png,3.0,431,523.6666666666666,442.0
nasa_image_5.png,3.0,472,259.6666666666667,442.6666666666667
nasa_image_5.png,4.0,576,265.5,442.5
nasa_image_5.png,1.0,130,268.0,442.0
nasa_image_5.png,1.0,129,272.0,442.0
nasa_image_5.png,1.0,132,295.0,442.0
nasa_image_5.png,4.0,519,322.5,442.5
nasa_image_5.png,1.0,129,335.0,442.0
nasa_image_5.png,2.0,279,351.0,442.5
nasa_image_5.png,2.0,258,363.0,442.5
nasa_image_5.png,1.0,129,397.0,442.0
nasa_image_5.png,3.0,434,401.3333333333333,442.3333333333333
nasa_image_5.png,5.0,693,411.8,443.2
nasa_image_5.png,1.0,130,550.0,442.0
nasa_image_5.png,2.0,262,292.5,443.0
nasa_image_5.png,1.0,131,305.0,443.0
nasa_image_5.png,3.0,401,343.6666666666667,443.3333333333333
nasa_image_5.png,1.0,134,388.0,443.0
nasa_image_5.png,1.0,137,394.0,443.0
nasa_image_5.png,2.0,291,529.5,443.0
nasa_image_5.png,1.0,146,803.0,443.0
nasa_image_5.png,2.0,266,249.0,444.5
nasa_image_5.png,3.0,454,270.3333333333333,444.6666666666667
nasa_image_5.png,11.0,1508,297.8181818181818,445.45454545454544
nasa_image_5.png,2.0,260,347.0,444.5
nasa_image_5.png,2.0,324,398.5,444.0
nasa_image_5.png,1.0,130,408.0,444.0
nasa_image_5.png,1.0,143,443.0,444.0
nasa_image_5.png,1.0,149,489.0,444.0
nasa_image_5.png,1.0,212,549.0,444.0
nasa_image_5.png,1.0,131,240.0,445.0
nasa_image_5.png,1.0,129,255.0,445.0
nasa_image_5.png,3.0,436,277.6666666666667,445.6666666666667
nasa_image_5.png,2.0,271,289.5,445.0
nasa_image_5.png,3.0,396,363.6666666666667,445.6666666666667
nasa_image_5.png,2.0,294,376.0,445.5
nasa_image_5.png,1.0,129,380.0,445.0
nasa_image_5.png,1.0,130,389.0,445.0
nasa_image_5.png,1.0,129,401.0,445.0
nasa_image_5.png,2.0,325,445.0,445.5
nasa_image_5.png,1.0,140,457.0,445.0
nasa_image_5.png,1.0,138,506.0,445.0
nasa_image_5.png,1.0,146,566.0,445.0
nasa_image_5.png,1.0,129,251.0,446.0
nasa_image_5.png,2.0,279,382.5,446.0
nasa_image_5.png,2.0,259,396.5,446.0
nasa_image_5.png,4.0,559,415.75,447.0
nasa_image_5.png,2.0,260,428.5,446.5
nasa_image_5.png,1.0,131,432.0,446.0
nasa_image_5.png,4.0,632,575.5,446.5
nasa_image_5.png,4.0,718,118.5,447.5
nasa_image_5.png,1.0,137,225.0,447.0
nasa_image_5.png,2.0,281,240.5,447.0
nasa_image_5.png,1.0,134,261.0,447.0
nasa_image_5.png,2.0,266,280.5,447.5
nasa_image_5.png,1.0,131,294.0,447.0
nasa_image_5.png,1.0,130,346.0,447.0
nasa_image_5.png,10.0,1487,390.0,449.1
nasa_image_5.png,1.0,131,392.0,447.0
nasa_image_5.png,4.0,615,442.5,447.5
nasa_image_5.png,1.0,151,600.0,447.0
nasa_image_5.png,1.0,154,165.0,448.0
nasa_image_5.png,2.0,260,269.5,448.5
nasa_image_5.png,9.0,1409,276.77777777777777,449.6666666666667
nasa_image_5.png,3.0,400,397.0,448.6666666666667
nasa_image_5.png,3.0,403,437.6666666666667,449.0
nasa_image_5.png,3.0,428,526.3333333333334,448.3333333333333
nasa_image_5.png,4.0,544,553.25,448.75
nasa_image_5.png,1.0,151,650.0,448.0
nasa_image_5.png,1.0,157,84.0,449.0
nasa_image_5.png,1.0,139,240.0,449.0
nasa_image_5.png,3.0,396,245.33333333333334,449.3333333333333
nasa_image_5.png,1.0,132,255.0,449.0
nasa_image_5.png,1.0,132,289.0,449.0
nasa_image_5.png,5.0,686,347.0,450.0
nasa_image_5.png,1.0,130,412.0,449.0
nasa_image_5.png,2.0,409,905.5,449.0
nasa_image_5.png,5.0,809,151.6,451.2
nasa_image_5.png,1.0,146,225.0,450.0
nasa_image_5.png,2.0,306,228.5,450.0
nasa_image_5.png,43.0,5897,261.5581395348837,452.90697674418607
nasa_image_5.png,2.0,265,272.5,450.5
nasa_image_5.png,8.0,1247,284.5,452.0
nasa_image_5.png,2.0,283,356.0,450.5
nasa_image_5.png,1.0,132,381.0,450.0
nasa_image_5.png,5.0,795,441.2,450.4
nasa_image_5.png,1.0,130,500.0,450.0
nasa_image_5.png,1.0,144,503.0,450.0
nasa_image_5.png,1.0,215,106.0,451.0
nasa_image_5.png,1.0,130,210.0,451.0
nasa_image_5.png,1.0,146,213.0,451.0
nasa_image_5.png,1.0,130,215.0,451.0
nasa_image_5.png,1.0,130,243.0,451.0
nasa_image_5.png,1.0,131,295.0,451.0
nasa_image_5.png,1.0,136,362.0,451.0
nasa_image_5.png,1.0,137,386.0,451.0
nasa_image_5.png,1.0,133,468.0,451.0
nasa_image_5.png,1.0,132,494.0,451.0
nasa_image_5.png,1.0,132,299.0,452.0
nasa_image_5.png,1.0,129,375.0,452.0
nasa_image_5.png,1.0,136,488.0,452.0
nasa_image_5.png,1.0,131,547.0,452.0
nasa_image_5.png,4.0,628,201.5,453.5
nasa_image_5.png,1.0,135,207.0,453.0
nasa_image_5.png,10.0,1315,290.1,454.4
nasa_image_5.png,2.0,261,348.5,453.0
nasa_image_5.png,1.0,148,360.0,453.0
nasa_image_5.png,2.0,262,379.5,453.0
nasa_image_5.png,1.0,129,423.0,453.0
nasa_image_5.png,2.0,276,454.5,453.0
nasa_image_5.png,2.0,269,460.0,453.5
nasa_image_5.png,2.0,272,462.0,453.5
nasa_image_5.png,1.0,134,478.0,453.0
nasa_image_5.png,2.0,265,248.5,454.0
nasa_image_5.png,1.0,130,296.0,454.0
nasa_image_5.png,6.0,816,303.6666666666667,455.5
nasa_image_5.png,2.0,268,374.0,454.5
nasa_image_5.png,1.0,132,387.0,454.0
nasa_image_5.png,1.0,132,428.0,454.0
nasa_image_5.png,1.0,132,497.0,454.0
nasa_image_5.png,2.0,405,897.5,454.0
nasa_image_5.png,2.0,306,917.5,454.0
nasa_image_5.png,1.0,130,208.0,455.0
nasa_image_5.png,1.0,130,233.0,455.0
nasa_image_5.png,1.0,131,350.0,455.0
nasa_image_5.png,4.0,576,367.5,455.5
nasa_image_5.png,1.0,129,423.0,455.0
nasa_image_5.png,1.0,136,476.0,455.0
nasa_image_5.png,2.0,294,479.0,455.5
nasa_image_5.png,1.0,131,484.0,455.0
nasa_image_5.png,1.0,130,541.0,455.0
nasa_image_5.png,1.0,139,610.0,455.0
nasa_image_5.png,2.0,278,140.5,456.0
nasa_image_5.png,2.0,278,216.5,456.0
nasa_image_5.png,1.0,137,237.0,456.0
nasa_image_5.png,2.0,260,294.5,456.0
nasa_image_5.png,1.0,129,347.0,456.0
nasa_image_5.png,1.0,131,354.0,456.0
nasa_image_5.png,1.0,130,382.0,456.0
nasa_image_5.png,1.0,131,425.0,456.0
nasa_image_5.png,1.0,132,472.0,456.0
nasa_image_5.png,1.0,132,534.0,456.0
nasa_image_5.png,1.0,129,538.0,456.0
nasa_image_5.png,3.0,479,165.66666666666666,457.6666666666667
nasa_image_5.png,1.0,130,244.0,457.0
nasa_image_5.png,1.0,129,352.0,457.0
nasa_image_5.png,1.0,129,361.0,457.0
nasa_image_5.png,1.0,134,370.0,457.0
nasa_image_5.png,16.0,2242,372.6875,459.9375
nasa_image_5.png,3.0,418,475.3333333333333,457.3333333333333
nasa_image_5.png,2.0,259,509.0,457.5
nasa_image_5.png,1.0,141,119.0,458.0
nasa_image_5.png,1.0,133,363.0,458.0
nasa_image_5.png,9.0,1192,380.6666666666667,461.0
nasa_image_5.png,2.0,264,433.0,458.5
nasa_image_5.png,1.0,133,441.0,458.0
nasa_image_5.png,2.0,305,470.0,458.5
nasa_image_5.png,5.0,675,543.2,459.0
nasa_image_5.png,1.0,133,547.0,458.0
nasa_image_5.png,3.0,399,236.66666666666666,459.6666666666667
nasa_image_5.png,14.0,1962,363.64285714285717,461.42857142857144
nasa_image_5.png,2.0,260,426.0,459.5
nasa_image_5.png,1.0,134,463.0,459.0
nasa_image_5.png,1.0,130,479.0,459.0
nasa_image_5.png,3.0,394,531.3333333333334,460.0
nasa_image_5.png,5.0,705,536.6,460.2
nasa_image_5.png,1.0,136,556.0,459.0
nasa_image_5.png,1.0,134,582.0,459.0
nasa_image_5.png,2.0,274,674.5,459.0
nasa_image_5.png,1.0,158,895.0,459.0
nasa_image_5.png,4.0,727,52.5,460.5
nasa_image_5.png,3.0,585,113.66666666666667,460.6666666666667
nasa_image_5.png,4.0,571,358.5,460.5
nasa_image_5.png,4.0,536,447.5,460.5
nasa_image_5.png,3.0,410,482.3333333333333,460.6666666666667
nasa_image_5.png,1.0,139,519.0,460.0
nasa_image_5.png,1.0,132,525.0,460.0
nasa_image_5.png,3.0,392,547.3333333333334,460.6666666666667
nasa_image_5.png,1.0,144,552.0,460.0
nasa_image_5.png,1.0,131,610.0,460.0
nasa_image_5.png,1.0,138,657.0,460.0
nasa_image_5.png,1.0,131,375.0,461.0
nasa_image_5.png,1.0,130,445.0,461.0
nasa_image_5.png,4.0,565,458.5,461.5
nasa_image_5.png,3.0,397,461.0,462.0
nasa_image_5.png,1.0,132,471.0,461.0
nasa_image_5.png,3.0,450,455.3333333333333,462.6666666666667
nasa_image_5.png,1.0,131,474.0,462.0
nasa_image_5.png,2.0,269,493.0,462.5
nasa_image_5.png,8.0,1094,513.25,465.25
nasa_image_5.png,536.0,74365,534.6604477611941,476.48880597014926
nasa_image_5.png,1.0,133,551.0,462.0
nasa_image_5.png,1.0,130,575.0,462.0
nasa_image_5.png,1.0,162,703.0,462.0
nasa_image_5.png,5.0,979,949.2,462.4
nasa_image_5.png,2.0,260,351.5,463.0
nasa_image_5.png,1.0,130,355.0,463.0
nasa_image_5.png,1.0,129,452.0,463.0
nasa_image_5.png,1.0,131,465.0,463.0
nasa_image_5.png,5.0,659,522.6,463.4
nasa_image_5.png,1.0,129,533.0,463.0
nasa_image_5.png,2.0,260,458.0,464.5
nasa_image_5.png,1.0,131,472.0,464.0
nasa_image_5.png,2.0,259,487.5,464.0
nasa_image_5.png,3.0,393,508.3333333333333,465.0
nasa_image_5.png,1.0,131,561.0,464.0
nasa_image_5.png,2.0,288,610.0,464.5
nasa_image_5.png,4.0,527,690.75,464.75
nasa_image_5.png,2.0,265,351.5,465.5
nasa_image_5.png,3.0,397,357.3333333333333,465.6666666666667
nasa_image_5.png,1.0,131,360.0,465.0
nasa_image_5.png,1.0,133,378.0,465.0
nasa_image_5.png,1.0,132,455.0,465.0
nasa_image_5.png,3.0,396,466.0,466.0
nasa_image_5.png,5.0,685,475.4,466.2
nasa_image_5.png,6.0,819,519.6666666666666,465.8333333333333
nasa_image_5.png,2.0,259,479.5,466.0
nasa_image_5.png,2.0,274,202.0,467.5
nasa_image_5.png,2.0,263,486.5,467.5
nasa_image_5.png,2.0,267,497.5,467.0
nasa_image_5.png,1.0,131,502.0,467.0
nasa_image_5.png,1.0,133,504.0,467.0
nasa_image_5.png,2.0,265,553.0,467.5
nasa_image_5.png,2.0,262,560.0,467.5
nasa_image_5.png,1.0,173,43.0,468.0
nasa_image_5.png,42.0,5882,509.9761904761905,473.57142857142856
nasa_image_5.png,2.0,313,693.0,468.5
nasa_image_5.png,1.0,135,551.0,469.0
nasa_image_5.png,6.0,782,570.5,470.0
nasa_image_5.png,1.0,152,654.0,470.0
nasa_image_5.png,1041.0,146717,566.6051873198847,491.1143131604227
nasa_image_5.png,1.0,129,562.0,471.0
nasa_image_5.png,5.0,655,575.8,472.2
nasa_image_5.png,4.0,523,565.5,473.5
nasa_image_5.png,1.0,129,582.0,472.0
nasa_image_5.png,2.0,262,573.0,473.5
nasa_image_5.png,1.0,138,171.0,474.0
nasa_image_5.png,4.0,642,51.5,475.5
nasa_image_5.png,2.0,265,577.0,476.5
nasa_image_5.png,4.0,795,177.5,478.5
nasa_image_5.png,1.0,130,580.0,479.0
nasa_image_5.png,3.0,670,96.66666666666667,480.6666666666667
nasa_image_5.png,1.0,129,207.0,480.0
nasa_image_5.png,12.0,1719,266.0,482.0833333333333
nasa_image_5.png,3.0,398,223.66666666666666,481.6666666666667
nasa_image_5.png,1.0,135,200.0,483.0
nasa_image_5.png,1.0,136,208.0,485.0
nasa_image_5.png,16.0,2436,535.5625,490.1875
nasa_image_5.png,1.0,131,592.0,487.0
nasa_image_5.png,1.0,130,604.0,487.0
nasa_image_5.png,1.0,144,624.0,487.0
nasa_image_5.png,5.0,661,600.2,489.4
nasa_image_5.png,3.0,418,609.6666666666666,489.3333333333333
nasa_image_5.png,2.0,261,604.0,490.5
nasa_image_5.png,3.0,445,619.6666666666666,490.6666666666667
nasa_image_5.png,3.0,430,316.6666666666667,495.6666666666667
nasa_image_5.png,1.0,131,334.0,495.0
nasa_image_5.png,2.0,318,520.5,497.0
nasa_image_5.png,2.0,309,314.5,499.0
nasa_image_5.png,2.0,277,674.0,499.5
nasa_image_5.png,1.0,151,321.0,500.0
nasa_image_5.png,1.0,143,744.0,500.0
nasa_image_5.png,2.0,314,315.5,501.5
nasa_image_5.png,5.0,710,312.2,503.4
nasa_image_5.png,50.0,6959,334.38,509.5
nasa_image_5.png,14.0,2043,324.85714285714283,511.07142857142856
nasa_image_5.png,1.0,141,307.0,512.0
nasa_image_5.png,1.0,130,375.0,512.0
nasa_image_5.png,2.0,266,522.0,513.5
nasa_image_5.png,1.0,133,305.0,517.0
nasa_image_5.png,692.0,104283,567.3526011560693,526.9320809248555
nasa_image_5.png,51.0,8282,370.6666666666667,521.3921568627451
nasa_image_5.png,14.0,2044,387.07142857142856,520.1428571428571
nasa_image_5.png,10.0,1344,549.0,521.6
nasa_image_5.png,1.0,131,336.0,522.0
nasa_image_5.png,2.0,272,338.5,522.0
nasa_image_5.png,13.0,1940,349.2307692307692,522.6923076923077
nasa_image_5.png,2.0,297,304.5,524.0
nasa_image_5.png,2.0,273,706.0,524.5
nasa_image_5.png,22.0,3367,419.6363636363636,526.4090909090909
nasa_image_5.png,20.0,3096,434.7,526.4
nasa_image_5.png,33.0,5404,331.27272727272725,529.4242424242424
nasa_image_5.png,1.0,134,476.0,531.0
nasa_image_5.png,3.0,416,362.0,533.0
nasa_image_5.png,2.0,316,423.5,538.0
nasa_image_5.png,2.0,285,435.0,538.5
nasa_image_5.png,1.0,132,561.0,539.0
nasa_image_5.png,338.0,51778,593.810650887574,541.9852071005918
nasa_image_5.png,285.0,49509,492.2736842105263,542.5859649122807
nasa_image_5.png,3.0,431,419.0,541.0
nasa_image_5.png,63.0,11199,548.6825396825396,542.7142857142857
nasa_image_5.png,1.0,129,629.0,543.0
nasa_image_5.png,1.0,129,631.0,543.0
nasa_image_5.png,1.0,135,396.0,545.0
nasa_image_5.png,90.0,17916,845.5888888888888,602.9666666666667
nasa_image_5.png,191.0,38083,868.6649214659686,603.9895287958116
nasa_image_5.png,90.0,18197,907.5666666666667,601.8666666666667
nasa_image_5.png,8.0,1546,858.125,596.125
nasa_image_5.png,156.0,30978,931.5769230769231,608.6089743589744
nasa_image_6.png,17901.0,2754418,842.1263616557734,241.54499748617397
nasa_image_6.png,8.0,1043,570.625,71.625
nasa_image_6.png,182.0,24476,505.5,77.18131868131869
nasa_image_6.png,3.0,392,475.0,77.0
nasa_image_6.png,57068.0,9183051,719.8499684586809,242.5140884558772
nasa_image_6.png,2.0,262,428.5,94.0
nasa_image_6.png,4.0,542,441.0,95.25
nasa_image_6.png,1.0,132,415.0,96.0
nasa_image_6.png,3.0,392,446.0,96.0
nasa_image_6.png,29.0,3857,368.3103448275862,99.82758620689656
nasa_image_6.png,2.0,260,430.5,97.0
nasa_image_6.png,5.0,671,696.4,98.6
nasa_image_6.png,2.0,258,397.5,99.0
nasa_image_6.png,1.0,131,415.0,99.0
nasa_image_6.png,1.0,129,389.0,100.0
nasa_image_6.png,10.0,1343,353.3,107.2
nasa_image_6.png,1.0,130,378.0,104.0
nasa_image_6.png,1.0,129,432.0,104.0
nasa_image_6.png,4.0,537,358.5,105.75
nasa_image_6.png,10.0,1354,371.5,106.4
nasa_image_6.png,6.0,802,366.3333333333333,107.83333333333333
nasa_image_6.png,8.0,1069,360.25,109.5
nasa_image_6.png,6.0,821,355.8333333333333,112.33333333333333
nasa_image_6.png,2.0,265,329.5,114.0
nasa_image_6.png,2.0,268,339.5,114.0
nasa_image_6.png,21.0,2997,343.2857142857143,116.52380952380952
nasa_image_6.png,1.0,129,741.0,118.0
nasa_image_6.png,3.0,390,318.0,120.33333333333333
nasa_image_6.png,21.0,2923,322.7142857142857,123.47619047619048
nasa_image_6.png,3.0,396,744.0,120.0
nasa_image_6.png,10.0,1390,331.2,123.6
nasa_image_6.png,5.0,668,750.6,122.4
nasa_image_6.png,1.0,132,325.0,127.0
nasa_image_6.png,2.0,261,690.5,127.5
nasa_image_6.png,1.0,129,695.0,129.0
nasa_image_6.png,4.0,556,312.0,133.5
nasa_image_6.png,34.0,4677,282.79411764705884,143.52941176470588
nasa_image_6.png,1.0,133,423.0,139.0
nasa_image_6.png,8.0,1083,785.375,140.25
nasa_image_6.png,14.0,2076,428.14285714285717,141.42857142857142
nasa_image_6.png,4.0,543,434.5,141.5
nasa_image_6.png,1.0,130,719.0,142.0
nasa_image_6.png,1.0,131,456.0,143.0
nasa_image_6.png,4.0,538,294.0,146.5
nasa_image_6.png,9.0,1278,381.3333333333333,149.0
nasa_image_6.png,3.0,402,376.3333333333333,149.66666666666666
nasa_image_6.png,7.0,982,400.42857142857144,151.28571428571428
nasa_image_6.png,35.0,4914,424.2,154.0857142857143
nasa_image_6.png,2.0,258,800.5,151.0
nasa_image_6.png,2.0,288,308.0,152.5
nasa_image_6.png,4.0,538,328.0,154.0
nasa_image_6.png,7.0,956,479.42857142857144,153.14285714285714
nasa_image_6.png,7.0,947,392.42857142857144,155.71428571428572
nasa_image_6.png,3.0,416,397.6666666666667,154.66666666666666
nasa_image_6.png,1.0,130,463.0,154.0
nasa_image_6.png,1.0,133,306.0,155.0
nasa_image_6.png,11.0,1481,410.90909090909093,156.72727272727272
nasa_image_6.png,16.0,2379,433.9375,156.4375
nasa_image_6.png,14.0,2178,308.35714285714283,157.5
nasa_image_6.png,7.0,1030,449.7142857142857,156.71428571428572
nasa_image_6.png,3.0,406,376.6666666666667,157.66666666666666
nasa_image_6.png,2.0,261,380.5,157.0
nasa_image_6.png,1.0,129,430.0,157.0
nasa_image_6.png,31.0,4437,441.38709677419354,158.7741935483871
nasa_image_6.png,16.0,2354,457.875,158.25
nasa_image_6.png,37.0,5412,476.5135135135135,158.21621621621622
nasa_image_6.png,50.0,6686,245.82,164.8
nasa_image_6.png,3.0,418,323.0,159.66666666666666
nasa_image_6.png,32.0,4644,335.25,160.875
nasa_image_6.png,1.0,133,519.0,159.0
nasa_image_6.png,10.0,1425,365.2,160.7
nasa_image_6.png,2.0,264,401.0,160.5
nasa_image_6.png,2.0,289,404.5,160.0
nasa_image_6.png,1.0,131,492.0,160.0
nasa_image_6.png,16.0,2215,285.5625,162.5625
nasa_image_6.png,66.0,9813,308.24242424242425,165.25757575757575
nasa_image_6.png,2.0,260,352.5,161.0
nasa_image_6.png,12.0,1637,397.3333333333333,163.25
nasa_image_6.png,11.0,1484,290.90909090909093,163.72727272727272
nasa_image_6.png,7.0,932,306.7142857142857,163.0
nasa_image_6.png,1.0,135,505.0,162.0
nasa_image_6.png,52.0,7037,401.1923076923077,168.76923076923077
nasa_image_6.png,72.0,10492,466.2916666666667,166.06944444444446
nasa_image_6.png,2.0,262,487.0,163.5
nasa_image_6.png,7.0,977,499.0,163.0
nasa_image_6.png,11.0,1542,506.54545454545456,164.63636363636363
nasa_image_6.png,24.0,3641,549.9166666666666,165.25
nasa_image_6.png,3.0,390,484.3333333333333,165.33333333333334
nasa_image_6.png,1.0,129,500.0,166.0
nasa_image_6.png,15.0,2105,514.2666666666667,167.33333333333334
nasa_image_6.png,3.0,411,542.0,166.0
nasa_image_6.png,15.0,2029,433.6666666666667,169.13333333333333
nasa_image_6.png,19.0,2692,528.5263157894736,168.57894736842104
nasa_image_6.png,65.0,9041,421.2,172.93846153846152
nasa_image_6.png,7.0,918,427.0,168.28571428571428
nasa_image_6.png,1.0,136,833.0,168.0
nasa_image_6.png,15.0,2221,257.06666666666666,170.46666666666667
nasa_image_6.png,36.0,5083,363.0,170.5
nasa_image_6.png,24.0,3316,388.5,170.66666666666666
nasa_image_6.png,2.0,261,835.5,169.5
nasa_image_6.png,16.0,2325,249.5,172.5
nasa_image_6.png,1.0,129,294.0,170.0
nasa_image_6.png,9.0,1236,373.1111111111111,170.44444444444446
nasa_image_6.png,11587.0,1774494,309.49684991801155,232.73599723828428
nasa_image_6.png,45807.0,7025061,462.49551378610255,301.7251075163185
nasa_image_6.png,1.0,130,234.0,172.0
nasa_image_6.png,5.0,668,278.6,172.6
nasa_image_6.png,1.0,130,288.0,172.0
nasa_image_6.png,1.0,130,290.0,172.0
nasa_image_6.png,1.0,134,515.0,172.0
nasa_image_6.png,1.0,132,839.0,172.0
nasa_image_6.png,15.0,1995,238.2,176.0
nasa_image_6.png,2.0,265,352.5,174.0
nasa_image_6.png,11.0,1491,558.5454545454545,175.27272727272728
nasa_image_6.png,1.0,135,387.0,175.0
nasa_image_6.png,1.0,132,390.0,175.0
nasa_image_6.png,26.0,3664,414.03846153846155,177.76923076923077
nasa_image_6.png,6.0,835,839.8333333333334,176.16666666666666
nasa_image_6.png,1.0,137,280.0,176.0
nasa_image_6.png,2.0,268,356.5,176.0
nasa_image_6.png,2.0,269,373.5,176.0
nasa_image_6.png,50.0,7109,538.76,178.56
nasa_image_6.png,10.0,1527,244.5,178.5
nasa_image_6.png,14.0,1995,506.64285714285717,177.64285714285714
nasa_image_6.png,2.0,280,526.5,177.0
nasa_image_6.png,1.0,130,266.0,178.0
nasa_image_6.png,3.0,398,272.6666666666667,178.66666666666666
nasa_image_6.png,2.0,267,393.5,178.0
nasa_image_6.png,3.0,400,404.3333333333333,178.33333333333334
nasa_image_6.png,2.0,266,566.5,178.0
nasa_image_6.png,1.0,135,232.0,179.0
nasa_image_6.png,8.0,1086,262.5,180.5
nasa_image_6.png,2.0,271,376.5,179.0
nasa_image_6.png,4.0,544,365.5,180.0
nasa_image_6.png,3.0,402,383.0,180.0
nasa_image_6.png,1.0,129,409.0,180.0
nasa_image_6.png,1.0,133,419.0,180.0
nasa_image_6.png,2.0,260,470.0,180.5
nasa_image_6.png,20.0,2776,492.15,181.95
nasa_image_6.png,47.0,6763,506.72340425531917,182.7659574468085
nasa_image_6.png,9.0,1250,245.0,183.33333333333334
nasa_image_6.png,10.0,1374,302.5,182.8
nasa_image_6.png,1.0,133,360.0,183.0
nasa_image_6.png,1.0,129,224.0,184.0
nasa_image_6.png,2.0,258,365.0,184.5
nasa_image_6.png,3.0,391,848.3333333333334,184.66666666666666
nasa_image_6.png,2.0,263,352.5,185.0
nasa_image_6.png,5.0,693,533.2,185.4
nasa_image_6.png,4.0,536,561.5,186.25
nasa_image_6.png,5.0,659,851.6,187.6
nasa_image_6.png,56.0,7778,230.48214285714286,195.375
nasa_image_6.png,14.0,1988,281.2857142857143,189.28571428571428
nasa_image_6.png,4.0,525,378.5,187.0
nasa_image_6.png,6.0,859,568.3333333333334,188.16666666666666
nasa_image_6.png,11.0,1512,382.8181818181818,190.27272727272728
nasa_image_6.png,4.0,536,573.5,189.0
nasa_image_6.png,57.0,7904,256.280701754386,195.87719298245614
nasa_image_6.png,3.0,393,432.0,190.66666666666666
nasa_image_6.png,1.0,129,538.0,190.0
nasa_image_6.png,4.0,564,583.0,190.5
nasa_image_6.png,11.0,1500,601.0,192.72727272727272
nasa_image_6.png,3.0,401,308.3333333333333,192.33333333333334
nasa_image_6.png,3.0,404,857.6666666666666,193.33333333333334
nasa_image_6.png,3.0,410,299.0,194.0
nasa_image_6.png,5.0,678,219.8,196.2
nasa_image_6.png,13.0,1915,270.6923076923077,196.0
nasa_image_6.png,1.0,129,595.0,195.0
nasa_image_6.png,19.0,2524,262.4736842105263,198.8421052631579
nasa_image_6.png,4.0,556,350.5,196.5
nasa_image_6.png,1.0,129,859.0,196.0
nasa_image_6.png,2.0,262,321.5,197.0
nasa_image_6.png,1.0,134,599.0,197.0
nasa_image_6.png,45.0,6363,869.6222222222223,206.77777777777777
nasa_image_6.png,2.0,273,211.5,199.0
nasa_image_6.png,5.0,655,218.0,200.0
nasa_image_6.png,2.0,267,509.5,199.0
nasa_image_6.png,7.0,971,514.7142857142857,199.85714285714286
nasa_image_6.png,4.0,525,206.5,200.25
nasa_image_6.png,7.0,937,608.2857142857143,200.28571428571428
nasa_image_6.png,3.0,409,303.3333333333333,201.66666666666666
nasa_image_6.png,2.0,263,621.5,202.0
nasa_image_6.png,1.0,130,649.0,202.0
nasa_image_6.png,1.0,132,616.0,203.0
nasa_image_6.png,2.0,260,625.5,203.0
nasa_image_6.png,1.0,129,202.0,204.0
nasa_image_6.png,1.0,130,548.0,206.0
nasa_image_6.png,1.0,130,255.0,207.0
nasa_image_6.png,9.0,1179,327.0,207.77777777777777
nasa_image_6.png,1.0,129,332.0,207.0
nasa_image_6.png,5.0,671,195.4,209.2
nasa_image_6.png,5.0,685,628.6,209.2
nasa_image_6.png,7.0,932,222.42857142857142,211.71428571428572
nasa_image_6.png,1.0,130,323.0,212.0
nasa_image_6.png,2.0,265,366.5,212.0
nasa_image_6.png,33.0,4500,196.75757575757575,221.15151515151516
nasa_image_6.png,111.0,16365,610.5765765765766,219.65765765765767
nasa_image_6.png,1.0,129,880.0,213.0
nasa_image_6.png,1.0,129,368.0,214.0
nasa_image_6.png,37.0,5119,642.3783783783783,217.67567567567568
nasa_image_6.png,3.0,394,347.3333333333333,216.33333333333334
nasa_image_6.png,1.0,129,590.0,216.0
nasa_image_6.png,13.0,1783,595.8461538461538,217.84615384615384
nasa_image_6.png,1.0,141,610.0,216.0
nasa_image_6.png,2.0,265,634.5,216.0
nasa_image_6.png,4.0,539,214.0,217.5
nasa_image_6.png,4.0,539,623.0,217.5
nasa_image_6.png,4.0,546,336.5,218.0
nasa_image_6.png,71.0,10043,636.2253521126761,223.50704225352112
nasa_image_6.png,3.0,395,266.3333333333333,219.33333333333334
nasa_image_6.png,2.0,263,544.5,219.0
nasa_image_6.png,2.0,262,181.5,220.0
nasa_image_6.png,3.0,393,209.66666666666666,220.66666666666666
nasa_image_6.png,2.0,262,564.0,220.5
nasa_image_6.png,3.0,406,603.0,220.0
nasa_image_6.png,2.0,266,261.5,222.0
nasa_image_6.png,1.0,132,650.0,222.0
nasa_image_6.png,1.0,133,658.0,222.0
nasa_image_6.png,4.0,529,891.0,223.25
nasa_image_6.png,1.0,130,653.0,223.0
nasa_image_6.png,5.0,669,204.6,225.2
nasa_image_6.png,1.0,130,264.0,224.0
nasa_image_6.png,1.0,132,274.0,224.0
nasa_image_6.png,14.0,1884,656.7142857142857,225.71428571428572
nasa_image_6.png,1.0,137,667.0,224.0
nasa_image_6.png,2.0,262,261.5,225.0
nasa_image_6.png,1.0,130,270.0,225.0
nasa_image_6.png,3.0,394,661.6666666666666,225.33333333333334
nasa_image_6.png,1.0,132,199.0,226.0
nasa_image_6.png,1.0,135,374.0,226.0
nasa_image_6.png,1.0,131,675.0,226.0
nasa_image_6.png,6.0,798,894.5,226.83333333333334
nasa_image_6.png,1.0,131,552.0,227.0
nasa_image_6.png,6.0,794,246.0,228.5
nasa_image_6.png,2.0,261,266.5,228.0
nasa_image_6.png,1.0,129,670.0,229.0
nasa_image_6.png,2.0,263,676.5,229.0
nasa_image_6.png,6.0,819,680.6666666666666,230.0
nasa_image_6.png,1.0,129,197.0,230.0
nasa_image_6.png,1.0,137,400.0,230.0
nasa_image_6.png,1.0,130,654.0,230.0
nasa_image_6.png,1.0,131,185.0,231.0
nasa_image_6.png,4.0,538,244.5,231.5
nasa_image_6.png,2.0,266,254.5,231.5
nasa_image_6.png,1.0,141,251.0,232.0
nasa_image_6.png,1.0,129,555.0,232.0
nasa_image_6.png,11.0,1534,688.9090909090909,233.45454545454547
nasa_image_6.png,9.0,1242,910.2222222222222,234.66666666666666
nasa_image_6.png,20.0,2865,176.4,236.85
nasa_image_6.png,1.0,137,255.0,234.0
nasa_image_6.png,1.0,129,428.0,234.0
nasa_image_6.png,7.0,986,655.1428571428571,234.28571428571428
nasa_image_6.png,1.0,133,669.0,234.0
nasa_image_6.png,7.0,918,170.14285714285714,236.28571428571428
nasa_image_6.png,3.0,400,672.0,235.66666666666666
nasa_image_6.png,23.0,3126,183.65217391304347,240.17391304347825
nasa_image_6.png,3.0,424,253.33333333333334,236.33333333333334
nasa_image_6.png,3.0,407,464.0,236.0
nasa_image_6.png,3.0,395,192.0,237.0
nasa_image_6.png,5.0,669,202.2,238.2
nasa_image_6.png,2.0,260,512.5,237.0
nasa_image_6.png,1.0,129,216.0,238.0
nasa_image_6.png,1.0,129,431.0,238.0
nasa_image_6.png,1.0,132,428.0,239.0
nasa_image_6.png,103.0,14974,711.7864077669902,247.4271844660194
nasa_image_6.png,3.0,408,914.3333333333334,239.66666666666666
nasa_image_6.png,2.0,261,190.5,240.0
nasa_image_6.png,2.0,259,213.0,240.5
nasa_image_6.png,1.0,132,430.0,240.0
nasa_image_6.png,5.0,701,169.2,242.2
nasa_image_6.png,6.0,826,577.5,241.66666666666666
nasa_image_6.png,1.0,140,592.0,242.0
nasa_image_6.png,1.0,130,911.0,242.0
nasa_image_6.png,1.0,132,916.0,242.0
nasa_image_6.png,2.0,268,589.0,243.5
nasa_image_6.png,2.0,265,239.5,246.5
nasa_image_6.png,336.0,49945,601.0922619047619,261.36011904761904
nasa_image_6.png,4.0,534,622.0,246.75
nasa_image_6.png,10.0,1458,612.1,248.3
nasa_image_6.png,1.0,134,164.0,248.0
nasa_image_6.png,1.0,130,237.0,249.0
nasa_image_6.png,4.0,536,317.0,249.75
nasa_image_6.png,10.0,1395,322.4,251.3
nasa_image_6.png,1.0,131,357.0,249.0
nasa_image_6.png,1.0,130,353.0,250.0
nasa_image_6.png,3.0,393,364.6666666666667,250.66666666666666
nasa_image_6.png,6.0,817,348.5,252.0
nasa_image_6.png,3.0,392,313.0,252.66666666666666
nasa_image_6.png,1.0,129,180.0,253.0
nasa_image_6.png,2.0,281,306.5,253.0
nasa_image_6.png,1.0,131,603.0,253.0
nasa_image_6.png,1.0,129,920.0,254.0
nasa_image_6.png,1.0,133,317.0,255.0
nasa_image_6.png,7.0,931,365.57142857142856,257.2857142857143
nasa_image_6.png,4.0,561,616.5,255.5
nasa_image_6.png,21.0,2899,926.0,261.6190476190476
nasa_image_6.png,2.0,268,438.5,257.0
nasa_image_6.png,20.0,2845,347.0,260.75
nasa_image_6.png,1.0,132,709.0,258.0
nasa_image_6.png,1.0,131,448.0,260.0
nasa_image_6.png,1.0,130,592.0,260.0
nasa_image_6.png,1.0,131,607.0,260.0
nasa_image_6.png,1.0,129,315.0,261.0
nasa_image_6.png,3.0,414,724.0,262.0
nasa_image_6.png,3.0,408,360.0,263.0
nasa_image_6.png,2.0,276,184.5,263.0
nasa_image_6.png,2.0,270,324.5,263.5
nasa_image_6.png,42.0,6725,351.1904761904762,265.26190476190476
nasa_image_6.png,1.0,132,623.0,263.0
nasa_image_6.png,1.0,129,177.0,264.0
nasa_image_6.png,15.0,2138,285.26666666666665,266.8666666666667
nasa_image_6.png,2.0,263,337.5,264.0
nasa_image_6.png,4.0,545,307.5,266.25
nasa_image_6.png,1.0,129,175.0,266.0
nasa_image_6.png,1.0,130,325.0,266.0
nasa_image_6.png,1.0,131,372.0,266.0
nasa_image_6.png,10.0,1370,389.2,267.3
nasa_image_6.png,12.0,1764,327.3333333333333,268.3333333333333
nasa_image_6.png,1.0,129,343.0,267.0
nasa_image_6.png,2.0,258,239.5,268.0
nasa_image_6.png,1.0,135,345.0,269.0
nasa_image_6.png,10.0,1436,559.8,270.3
nasa_image_6.png,1.0,133,243.0,270.0
nasa_image_6.png,1.0,129,271.0,270.0
nasa_image_6.png,1.0,129,353.0,270.0
nasa_image_6.png,3.0,397,578.3333333333334,270.6666666666667
nasa_image_6.png,4.0,535,291.0,271.5
nasa_image_6.png,2.0,275,660.5,271.0
nasa_image_6.png,32.0,4726,268.5,274.59375
nasa_image_6.png,3.0,397,354.3333333333333,273.3333333333333
nasa_image_6.png,1.0,129,660.0,273.0
nasa_image_6.png,20.0,2820,754.5,277.15
nasa_image_6.png,3.0,389,143.33333333333334,275.0
nasa_image_6.png,1.0,129,256.0,274.0
nasa_image_6.png,1.0,136,440.0,274.0
nasa_image_6.png,14.0,2037,747.1428571428571,277.07142857142856
nasa_image_6.png,4.0,534,253.0,276.5
nasa_image_6.png,1.0,129,391.0,276.0
nasa_image_6.png,14.0,1925,663.5,277.0
nasa_image_6.png,1.0,131,151.0,278.0
nasa_image_6.png,8.0,1075,179.125,279.625
nasa_image_6.png,1.0,129,245.0,278.0
nasa_image_6.png,2.0,267,437.5,278.0
nasa_image_6.png,84.0,12296,317.0952380952381,286.45238095238096
nasa_image_6.png,2.0,265,657.5,279.0
nasa_image_6.png,25.0,3694,250.24,282.72
nasa_image_6.png,1.0,130,454.0,280.0
nasa_image_6.png,1.0,129,486.0,280.0
nasa_image_6.png,2.0,261,939.0,280.5
nasa_image_6.png,6.0,815,443.8333333333333,281.3333333333333
nasa_image_6.png,2.0,263,587.5,281.0
nasa_image_6.png,1.0,129,134.0,282.0
nasa_image_6.png,1.0,129,136.0,282.0
nasa_image_6.png,3.0,391,659.6666666666666,282.3333333333333
nasa_image_6.png,9.0,1267,173.77777777777777,285.44444444444446
nasa_image_6.png,1.0,143,575.0,284.0
nasa_image_6.png,1.0,131,333.0,285.0
nasa_image_6.png,4.0,547,637.5,286.0
nasa_image_6.png,98.0,14554,171.81632653061226,296.53061224489795
nasa_image_6.png,34.0,4707,354.8235294117647,288.7647058823529
nasa_image_6.png,8.0,1147,588.5,288.125
nasa_image_6.png,1.0,130,332.0,288.0
nasa_image_6.png,13.0,1796,339.46153846153845,289.61538461538464
nasa_image_6.png,1.0,133,647.0,288.0
nasa_image_6.png,5.0,663,653.8,288.8
nasa_image_6.png,4.0,533,328.75,289.25
nasa_image_6.png,1.0,130,361.0,289.0
nasa_image_6.png,3.0,398,639.3333333333334,289.3333333333333
nasa_image_6.png,5.0,668,767.8,289.6
nasa_image_6.png,2.0,264,309.5,290.0
nasa_image_6.png,3.0,400,312.0,291.0
nasa_image_6.png,197.0,31699,331.3654822335025,297.5482233502538
nasa_image_6.png,1.0,131,585.0,290.0
nasa_image_6.png,1.0,129,637.0,290.0
nasa_image_6.png,1.0,130,198.0,292.0
nasa_image_6.png,8.0,1060,203.875,293.375
nasa_image_6.png,1.0,132,247.0,292.0
nasa_image_6.png,4.0,531,345.25,292.25
nasa_image_6.png,1.0,129,506.0,292.0
nasa_image_6.png,2.0,276,582.5,292.0
nasa_image_6.png,1.0,131,655.0,292.0
nasa_image_6.png,1.0,130,245.0,293.0
nasa_image_6.png,114.0,16790,637.0087719298245,302.00877192982455
nasa_image_6.png,2.0,266,597.5,294.0
nasa_image_6.png,6.0,800,638.6666666666666,295.8333333333333
nasa_image_6.png,29.0,4138,200.10344827586206,299.44827586206895
nasa_image_6.png,1.0,129,319.0,296.0
nasa_image_6.png,9.0,1220,603.3333333333334,297.44444444444446
nasa_image_6.png,2.0,258,317.0,297.5
nasa_image_6.png,1.0,132,157.0,298.0
nasa_image_6.png,21.0,3032,158.14285714285714,300.6666666666667
nasa_image_6.png,2.0,263,501.5,298.0
nasa_image_6.png,2.0,262,667.0,298.5
nasa_image_6.png,1.0,132,695.0,298.0
nasa_image_6.png,1.0,132,799.0,298.0
nasa_image_6.png,8.0,1122,343.0,300.875
nasa_image_6.png,3.0,414,408.3333333333333,299.3333333333333
nasa_image_6.png,6.0,817,433.5,300.0
nasa_image_6.png,5.0,671,148.8,300.8
nasa_image_6.png,9.0,1233,139.11111111111111,302.44444444444446
nasa_image_6.png,20.0,3026,736.2,303.4
nasa_image_6.png,4.0,533,420.0,303.25
nasa_image_6.png,49.0,6810,129.16326530612244,310.59183673469386
nasa_image_6.png,554.0,92361,270.43682310469313,315.3140794223827
nasa_image_6.png,2.0,281,436.0,303.5
nasa_image_6.png,20.0,2824,647.3,306.95
nasa_image_6.png,4.0,525,655.75,303.75
nasa_image_6.png,3.0,420,804.0,304.0
nasa_image_6.png,7.0,930,148.14285714285714,305.7142857142857
nasa_image_6.png,5.0,696,192.6,304.6
nasa_image_6.png,3.0,404,641.0,305.0
nasa_image_6.png,2.0,266,644.5,304.0
nasa_image_6.png,1.0,132,196.0,305.0
nasa_image_6.png,1.0,131,335.0,305.0
nasa_image_6.png,3.0,397,167.33333333333334,306.3333333333333
nasa_image_6.png,1.0,129,520.0,306.0
nasa_image_6.png,24.0,3323,199.375,312.9583333333333
nasa_image_6.png,1.0,131,331.0,307.0
nasa_image_6.png,9.0,1257,569.1111111111111,308.1111111111111
nasa_image_6.png,4.0,533,138.5,308.5
nasa_image_6.png,1.0,129,661.0,309.0
nasa_image_6.png,1.0,131,920.0,309.0
nasa_image_6.png,3.0,401,126.66666666666667,310.6666666666667
nasa_image_6.png,1.0,131,586.0,310.0
nasa_image_6.png,3.0,404,651.3333333333334,310.3333333333333
nasa_image_6.png,2.0,261,669.5,310.0
nasa_image_6.png,1.0,143,807.0,310.0
nasa_image_6.png,1.0,130,810.0,310.0
nasa_image_6.png,6.0,808,110.83333333333333,311.3333333333333
nasa_image_6.png,1.0,129,572.0,311.0
nasa_image_6.png,75.0,10846,648.3733333333333,317.4533333333333
nasa_image_6.png,1014.0,158450,758.3007889546351,352.6351084812623
nasa_image_6.png,2.0,260,133.5,312.0
nasa_image_6.png,2.0,259,142.0,312.5
nasa_image_6.png,7.0,956,151.57142857142858,313.42857142857144
nasa_image_6.png,1.0,129,672.0,312.0
nasa_image_6.png,1.0,130,811.0,312.0
nasa_image_6.png,306.0,47519,229.140522875817,323.26143790849676
nasa_image_6.png,468.0,67118,664.3440170940171,329.60470085470087
nasa_image_6.png,3.0,390,120.33333333333333,314.3333333333333
nasa_image_6.png,14.0,1973,812.6428571428571,316.07142857142856
nasa_image_6.png,35.0,5317,127.82857142857142,320.7142857142857
nasa_image_6.png,2.0,270,251.5,316.0
nasa_image_6.png,3.0,398,543.6666666666666,316.6666666666667
nasa_image_6.png,1.0,136,671.0,316.0
nasa_image_6.png,6.0,837,702.6666666666666,317.3333333333333
nasa_image_6.png,30.0,4575,810.5333333333333,320.03333333333336
nasa_image_6.png,4.0,559,471.5,318.0
nasa_image_6.png,8.0,1087,550.75,318.125
nasa_image_6.png,4.0,533,690.5,317.5
nasa_image_6.png,1.0,131,688.0,319.0
nasa_image_6.png,8.0,1099,694.5,320.125
nasa_image_6.png,1.0,129,706.0,319.0
nasa_image_6.png,2.0,267,818.5,319.5
nasa_image_6.png,2.0,269,118.0,320.5
nasa_image_6.png,1.0,130,251.0,320.0
nasa_image_6.png,1.0,129,547.0,320.0
nasa_image_6.png,1.0,130,634.0,320.0
nasa_image_6.png,2.0,262,286.5,321.5
nasa_image_6.png,3.0,402,550.0,321.6666666666667
nasa_image_6.png,1.0,129,702.0,321.0
nasa_image_6.png,132.0,19827,630.6136363636364,330.1212121212121
nasa_image_6.png,3.0,408,696.3333333333334,323.6666666666667
nasa_image_6.png,2.0,259,746.0,323.5
nasa_image_6.png,1.0,131,118.0,324.0
nasa_image_6.png,1.0,129,212.0,324.0
nasa_image_6.png,3.0,428,553.6666666666666,324.3333333333333
nasa_image_6.png,6.0,796,549.1666666666666,325.3333333333333
nasa_image_6.png,33.0,5267,562.060606060606,327.09090909090907
nasa_image_6.png,552.0,88204,595.697463768116,335.0507246376812
nasa_image_6.png,25.0,3578,816.16,328.64
nasa_image_6.png,7.0,946,823.5714285714286,327.0
nasa_image_6.png,5.0,674,515.4,327.0
nasa_image_6.png,36.0,5336,111.91666666666667,332.22222222222223
nasa_image_6.png,92.0,13368,708.3586956521739,334.3369565217391
nasa_image_6.png,1.0,135,688.0,328.0
nasa_image_6.png,1.0,130,701.0,328.0
nasa_image_6.png,5.0,688,125.2,329.8
nasa_image_6.png,5.0,671,144.8,330.8
nasa_image_6.png,1.0,130,159.0,329.0
nasa_image_6.png,22.0,3019,643.7727272727273,332.59090909090907
nasa_image_6.png,2.0,261,714.0,329.5
nasa_image_6.png,30.0,4727,734.0,333.5
nasa_image_6.png,73.0,10617,834.2876712328767,338.83561643835617
nasa_image_6.png,5.0,666,155.0,330.0
nasa_image_6.png,1.0,140,593.0,330.0
nasa_image_6.png,4.0,547,753.5,330.25
nasa_image_6.png,1.0,129,971.0,330.0
nasa_image_6.png,2.0,263,137.5,331.0
nasa_image_6.png,4.0,547,566.5,331.0
nasa_image_6.png,2.0,287,617.5,331.0
nasa_image_6.png,2.0,278,562.5,332.0
nasa_image_6.png,1.0,135,719.0,332.0
nasa_image_6.png,16.0,2411,823.8125,335.1875
nasa_image_6.png,1.0,129,105.0,333.0
nasa_image_6.png,7.0,955,149.42857142857142,334.57142857142856
nasa_image_6.png,18.0,2635,694.2777777777778,335.6666666666667
nasa_image_6.png,272.0,39936,118.40441176470588,350.2022058823529
nasa_image_6.png,1.0,131,763.0,335.0
nasa_image_6.png,1.0,146,555.0,336.0
nasa_image_6.png,1.0,134,104.0,337.0
nasa_image_6.png,9.0,1297,634.2222222222222,337.44444444444446
nasa_image_6.png,1.0,131,687.0,337.0
nasa_image_6.png,5.0,665,99.6,338.8
nasa_image_6.png,1.0,130,509.0,338.0
nasa_image_6.png,1.0,132,639.0,338.0
nasa_image_6.png,2.0,259,649.5,338.0
nasa_image_6.png,1.0,131,560.0,339.0
nasa_image_6.png,9.0,1194,141.22222222222223,343.3333333333333
nasa_image_6.png,9.0,1228,148.33333333333334,341.55555555555554
nasa_image_6.png,3.0,397,636.3333333333334,340.6666666666667
nasa_image_6.png,1.0,131,640.0,340.0
nasa_image_6.png,15.0,2156,101.8,344.93333333333334
nasa_image_6.png,2.0,263,145.0,341.5
nasa_image_6.png,13.0,1788,695.0769230769231,343.0769230769231
nasa_image_6.png,19.0,2975,117.84210526315789,343.2631578947368
nasa_image_6.png,2.0,271,576.5,342.0
nasa_image_6.png,1.0,129,706.0,342.0
nasa_image_6.png,3.0,423,718.6666666666666,342.3333333333333
nasa_image_6.png,4.0,532,97.5,344.5
nasa_image_6.png,1.0,131,321.0,343.0
nasa_image_6.png,261.0,38528,638.088122605364,353.1034482758621
nasa_image_6.png,8.0,1184,662.875,343.75
nasa_image_6.png,12.0,1632,689.5833333333334,345.3333333333333
nasa_image_6.png,5.0,667,710.2,344.4
nasa_image_6.png,1.0,138,532.0,344.0
nasa_image_6.png,18.0,2561,617.9444444444445,346.77777777777777
nasa_image_6.png,2.0,282,795.5,344.0
nasa_image_6.png,7.0,927,122.57142857142857,347.14285714285717
nasa_image_6.png,33.0,4772,287.7878787878788,349.030303030303
nasa_image_6.png,2.0,267,525.5,345.0
nasa_image_6.png,3.0,394,582.3333333333334,345.6666666666667
nasa_image_6.png,4.0,559,793.0,345.5
nasa_image_6.png,5.0,685,833.0,346.4
nasa_image_6.png,2.0,277,532.0,346.5
nasa_image_6.png,291.0,44293,589.2199312714777,352.6529209621993
nasa_image_6.png,1.0,131,622.0,346.0
nasa_image_6.png,1.0,130,720.0,346.0
nasa_image_6.png,1.0,131,116.0,347.0
nasa_image_6.png,1.0,129,223.0,347.0
nasa_image_6.png,1.0,147,774.0,347.0
nasa_image_6.png,19.0,2592,322.0,350.4736842105263
nasa_image_6.png,1.0,130,639.0,348.0
nasa_image_6.png,551.0,82016,698.0453720508167,368.4119782214156
nasa_image_6.png,1.0,144,796.0,348.0
nasa_image_6.png,1.0,135,799.0,348.0
nasa_image_6.png,2.0,274,984.0,348.5
nasa_image_6.png,1.0,129,96.0,350.0
nasa_image_6.png,1.0,132,219.0,351.0
nasa_image_6.png,3.0,400,315.6666666666667,351.3333333333333
nasa_image_6.png,30.0,4380,663.4333333333333,352.1333333333333
nasa_image_6.png,8.0,1066,986.75,353.125
nasa_image_6.png,1.0,137,99.0,352.0
nasa_image_6.png,6.0,802,215.16666666666666,352.6666666666667
nasa_image_6.png,2.0,262,245.0,352.5
nasa_image_6.png,11.0,1528,309.72727272727275,352.6363636363636
nasa_image_6.png,1.0,129,329.0,352.0
nasa_image_6.png,2.0,265,488.0,352.5
nasa_image_6.png,2.0,263,674.5,352.0
nasa_image_6.png,8.0,1091,715.375,354.0
nasa_image_6.png,1.0,132,393.0,353.0
nasa_image_6.png,15.0,2097,653.1333333333333,354.26666666666665
nasa_image_6.png,19.0,2744,684.7894736842105,354.4736842105263
nasa_image_6.png,18.0,2598,705.7777777777778,354.6666666666667
nasa_image_6.png,3.0,397,235.33333333333334,354.3333333333333
nasa_image_6.png,2.0,283,712.0,354.5
nasa_image_6.png,3.0,403,793.6666666666666,354.6666666666667
nasa_image_6.png,3.0,404,316.6666666666667,355.6666666666667
nasa_image_6.png,2.0,262,320.5,355.0
nasa_image_6.png,9.0,1208,342.22222222222223,356.1111111111111
nasa_image_6.png,35.0,4754,740.6571428571428,363.54285714285714
nasa_image_6.png,594.0,92546,789.9074074074074,388.25084175084174
nasa_image_6.png,1.0,139,845.0,355.0
nasa_image_6.png,2.0,258,213.5,356.0
nasa_image_6.png,1.0,130,216.0,356.0
nasa_image_6.png,3.0,399,267.6666666666667,356.3333333333333
nasa_image_6.png,94.0,13609,316.0425531914894,361.6063829787234
nasa_image_6.png,27.0,3823,805.4074074074074,359.55555555555554
nasa_image_6.png,20.0,2753,308.5,359.15
nasa_image_6.png,4.0,540,337.5,357.5
nasa_image_6.png,3.0,399,645.3333333333334,357.3333333333333
nasa_image_6.png,66.0,9806,802.2727272727273,364.2121212121212
nasa_image_6.png,9.0,1200,985.3333333333334,358.55555555555554
nasa_image_6.png,34.0,4821,218.41176470588235,360.2352941176471
nasa_image_6.png,26.0,3581,228.65384615384616,361.8076923076923
nasa_image_6.png,2.0,267,301.5,358.0
nasa_image_6.png,4.0,533,781.5,358.0
nasa_image_6.png,3.0,398,236.66666666666666,359.3333333333333
nasa_image_6.png,1.0,131,335.0,359.0
nasa_image_6.png,5.0,670,373.4,360.2
nasa_image_6.png,4.0,541,611.5,359.5
nasa_image_6.png,1.0,131,707.0,359.0
nasa_image_6.png,2.0,264,712.5,359.0
nasa_image_6.png,27.0,3899,851.3333333333334,364.0740740740741
nasa_image_6.png,1.0,129,213.0,360.0
nasa_image_6.png,2.0,266,258.5,360.0
nasa_image_6.png,4.0,533,345.5,360.25
nasa_image_6.png,1.0,136,608.0,360.0
nasa_image_6.png,1.0,130,653.0,360.0
nasa_image_6.png,1.0,132,772.0,360.0
nasa_image_6.png,5.0,688,340.8,362.0
nasa_image_6.png,2.0,273,730.0,361.5
nasa_image_6.png,1.0,133,210.0,362.0
nasa_image_6.png,5.0,678,351.8,362.4
nasa_image_6.png,1.0,132,700.0,362.0
nasa_image_6.png,2.0,267,207.5,363.5
nasa_image_6.png,5.0,676,575.8,363.4
nasa_image_6.png,11.0,1588,108.0,365.1818181818182
nasa_image_6.png,1.0,130,284.0,364.0
nasa_image_6.png,14.0,1990,324.5,365.64285714285717
nasa_image_6.png,1.0,135,329.0,364.0
nasa_image_6.png,5.0,681,431.2,364.6
nasa_image_6.png,4.0,552,435.25,365.0
nasa_image_6.png,2.0,273,702.0,364.5
nasa_image_6.png,2.0,261,707.5,364.0
nasa_image_6.png,1.0,133,205.0,365.0
nasa_image_6.png,2.0,259,567.5,365.0
nasa_image_6.png,2.0,262,691.0,365.5
nasa_image_6.png,1.0,130,732.0,365.0
nasa_image_6.png,2.0,269,100.0,366.5
nasa_image_6.png,11.0,1487,340.3636363636364,367.3636363636364
nasa_image_6.png,1.0,130,378.0,366.0
nasa_image_6.png,29.0,4086,367.44827586206895,369.6896551724138
nasa_image_6.png,1.0,131,453.0,367.0
nasa_image_6.png,1.0,130,605.0,367.0
nasa_image_6.png,1.0,131,689.0,367.0
nasa_image_6.png,7.0,949,733.8571428571429,369.7142857142857
nasa_image_6.png,600.0,94363,822.8833333333333,385.58666666666664
nasa_image_6.png,1.0,142,811.0,367.0
nasa_image_6.png,1.0,132,203.0,368.0
nasa_image_6.png,1.0,136,429.0,368.0
nasa_image_6.png,1.0,130,458.0,368.0
nasa_image_6.png,1.0,130,698.0,368.0
nasa_image_6.png,2.0,275,817.0,368.5
nasa_image_6.png,4.0,559,286.5,369.5
nasa_image_6.png,10.0,1380,335.3,369.8
nasa_image_6.png,1.0,130,398.0,369.0
nasa_image_6.png,1.0,129,401.0,369.0
nasa_image_6.png,1.0,132,642.0,369.0
nasa_image_6.png,1.0,129,700.0,369.0
nasa_image_6.png,10.0,1347,712.6,370.2
nasa_image_6.png,328.0,47245,160.16158536585365,386.7621951219512
nasa_image_6.png,68.0,9887,313.30882352941177,373.25
nasa_image_6.png,5.0,679,377.8,370.4
nasa_image_6.png,1.0,134,539.0,370.0
nasa_image_6.png,11.0,1555,648.8181818181819,371.1818181818182
nasa_image_6.png,1.0,132,184.0,371.0
nasa_image_6.png,456.0,71867,350.5921052631579,392.0394736842105
nasa_image_6.png,6.0,800,562.0,371.5
nasa_image_6.png,1.0,136,639.0,371.0
nasa_image_6.png,1.0,131,775.0,371.0
nasa_image_6.png,4.0,574,819.5,371.5
nasa_image_6.png,2.0,264,83.5,372.0
nasa_image_6.png,1.0,136,95.0,372.0
nasa_image_6.png,25.0,3620,344.24,373.76
nasa_image_6.png,2.0,265,457.5,372.0
nasa_image_6.png,3.0,400,464.6666666666667,372.3333333333333
nasa_image_6.png,5.0,775,479.2,372.4
nasa_image_6.png,10.0,1338,519.2,374.6
nasa_image_6.png,1.0,129,671.0,372.0
nasa_image_6.png,1.0,130,709.0,372.0
nasa_image_6.png,17.0,2525,742.2941176470588,374.29411764705884
nasa_image_6.png,1.0,129,231.0,373.0
nasa_image_6.png,1.0,130,265.0,373.0
nasa_image_6.png,1.0,132,328.0,373.0
nasa_image_6.png,78.0,12248,354.0897435897436,379.0897435897436
nasa_image_6.png,9.0,1266,777.1111111111111,374.6666666666667
nasa_image_6.png,9.0,1266,812.1111111111111,374.77777777777777
nasa_image_6.png,2.0,265,101.0,374.5
nasa_image_6.png,11.0,1520,224.27272727272728,375.3636363636364
nasa_image_6.png,1.0,129,324.0,374.0
nasa_image_6.png,2.0,264,440.5,374.5
nasa_image_6.png,9.0,1200,738.5555555555555,376.3333333333333
nasa_image_6.png,2.0,258,296.0,375.5
nasa_image_6.png,4.0,535,390.5,375.5
nasa_image_6.png,3.0,396,393.6666666666667,375.6666666666667
nasa_image_6.png,1.0,135,623.0,375.0
nasa_image_6.png,4.0,544,673.0,375.75
nasa_image_6.png,1.0,130,681.0,375.0
nasa_image_6.png,707.0,106908,691.3620933521923,397.34370579915134
nasa_image_6.png,21.0,2941,780.6190476190476,379.14285714285717
nasa_image_6.png,2.0,264,854.5,375.5
nasa_image_6.png,5.0,678,87.8,377.6
nasa_image_6.png,3.0,409,239.66666666666666,376.6666666666667
nasa_image_6.png,7.0,967,304.57142857142856,377.7142857142857
nasa_image_6.png,24.0,3254,326.5,377.25
nasa_image_6.png,6.0,804,380.5,376.3333333333333
nasa_image_6.png,3.0,402,404.6666666666667,376.3333333333333
nasa_image_6.png,2.0,265,150.0,377.5
nasa_image_6.png,34.0,4978,385.1764705882353,382.20588235294116
nasa_image_6.png,2.0,261,439.0,377.5
nasa_image_6.png,15.0,2338,480.93333333333334,378.2
nasa_image_6.png,1.0,135,656.0,377.0
nasa_image_6.png,1.0,132,101.0,378.0
nasa_image_6.png,1.0,130,189.0,378.0
nasa_image_6.png,1.0,130,192.0,378.0
nasa_image_6.png,9.0,1214,292.1111111111111,380.44444444444446
nasa_image_6.png,2.0,264,399.5,378.5
nasa_image_6.png,10.0,1466,446.8,379.9
nasa_image_6.png,16.0,2234,660.75,379.5
nasa_image_6.png,1.0,129,857.0,378.0
nasa_image_6.png,1.0,129,179.0,379.0
nasa_image_6.png,1.0,129,200.0,379.0
nasa_image_6.png,3.0,403,423.6666666666667,379.3333333333333
nasa_image_6.png,3.0,395,553.3333333333334,379.6666666666667
nasa_image_6.png,4.0,534,597.5,380.0
nasa_image_6.png,1.0,129,854.0,379.0
nasa_image_6.png,2.0,270,427.0,380.5
nasa_image_6.png,2.0,266,433.0,380.5
nasa_image_6.png,1.0,129,450.0,380.0
nasa_image_6.png,3.0,430,516.3333333333334,380.6666666666667
nasa_image_6.png,1.0,141,674.0,380.0
nasa_image_6.png,6.0,831,733.0,380.8333333333333
nasa_image_6.png,16.0,2138,81.875,385.5
nasa_image_6.png,1.0,130,135.0,381.0
nasa_image_6.png,1.0,129,453.0,381.0
nasa_image_6.png,3.0,401,539.3333333333334,381.6666666666667
nasa_image_6.png,20.0,3044,636.7,382.35
nasa_image_6.png,1.0,129,308.0,382.0
nasa_image_6.png,4.0,550,441.5,383.0
nasa_image_6.png,1.0,143,595.0,382.0
nasa_image_6.png,82.0,12142,672.0243902439024,387.9268292682927
nasa_image_6.png,22.0,2963,92.63636363636364,386.54545454545456
nasa_image_6.png,1.0,130,220.0,383.0
nasa_image_6.png,18.0,2460,327.5,384.3888888888889
nasa_image_6.png,2.0,264,336.5,383.0
nasa_image_6.png,3.0,413,485.3333333333333,383.3333333333333
nasa_image_6.png,9.0,1281,609.4444444444445,384.77777777777777
nasa_image_6.png,3.0,394,681.3333333333334,384.0
nasa_image_6.png,51.0,6926,755.9607843137255,389.98039215686276
nasa_image_6.png,37.0,5379,134.8108108108108,389.2432432432432
nasa_image_6.png,26.0,3712,458.53846153846155,386.53846153846155
nasa_image_6.png,3.0,399,497.0,384.6666666666667
nasa_image_6.png,1.0,130,500.0,384.0
nasa_image_6.png,1.0,130,536.0,384.0
nasa_image_6.png,1.0,129,541.0,384.0
nasa_image_6.png,154.0,23624,232.12337662337663,406.2987012987013
nasa_image_6.png,3.0,421,438.6666666666667,385.3333333333333
nasa_image_6.png,11.0,1550,733.5454545454545,386.09090909090907
nasa_image_6.png,5.0,685,295.0,386.2
nasa_image_6.png,16.0,2403,494.0625,389.6875
nasa_image_6.png,2.0,264,495.0,386.5
nasa_image_6.png,1.0,131,532.0,386.0
nasa_image_6.png,164.0,24723,811.5,406.9207317073171
nasa_image_6.png,14.0,1929,76.14285714285714,390.0
nasa_image_6.png,9.0,1295,318.1111111111111,389.55555555555554
nasa_image_6.png,23.0,3179,444.95652173913044,389.39130434782606
nasa_image_6.png,2.0,267,487.5,387.0
nasa_image_6.png,9.0,1279,500.8888888888889,388.3333333333333
nasa_image_6.png,2.0,260,537.5,387.0
nasa_image_6.png,81.0,12083,599.0246913580247,394.01234567901236
nasa_image_6.png,1.0,131,681.0,387.0
nasa_image_6.png,1.0,144,687.0,387.0
nasa_image_6.png,135.0,19724,725.1111111111111,392.8666666666667
nasa_image_6.png,35.0,5037,214.42857142857142,392.0571428571429
nasa_image_6.png,2.0,276,381.0,388.5
nasa_image_6.png,13.0,1779,511.6923076923077,390.2307692307692
nasa_image_6.png,1.0,130,534.0,388.0
nasa_image_6.png,16.0,2198,764.6875,390.0
nasa_image_6.png,18.0,2631,296.44444444444446,390.72222222222223
nasa_image_6.png,7.0,971,320.2857142857143,392.0
nasa_image_6.png,6.0,795,488.8333333333333,390.0
nasa_image_6.png,1.0,131,553.0,389.0
nasa_image_6.png,3.0,410,648.3333333333334,389.3333333333333
nasa_image_6.png,1.0,130,780.0,389.0
nasa_image_6.png,39.0,5431,878.2051282051282,396.5897435897436
nasa_image_6.png,32.0,4703,390.8125,393.75
nasa_image_6.png,1.0,130,420.0,390.0
nasa_image_6.png,11.0,1513,423.54545454545456,391.8181818181818
nasa_image_6.png,12.0,1622,453.0833333333333,392.75
nasa_image_6.png,3.0,414,469.0,391.0
nasa_image_6.png,338.0,54165,637.6834319526628,414.6213017751479
nasa_image_6.png,129.0,21469,837.2790697674419,399.4496124031008
nasa_image_6.png,10.0,1352,87.9,393.5
nasa_image_6.png,1.0,129,269.0,391.0
nasa_image_6.png,58.0,8318,268.55172413793105,402.6034482758621
nasa_image_6.png,1.0,134,287.0,391.0
nasa_image_6.png,1.0,140,383.0,391.0
nasa_image_6.png,1.0,129,437.0,391.0
nasa_image_6.png,1.0,132,473.0,391.0
nasa_image_6.png,2.0,271,505.5,391.0
nasa_image_6.png,1.0,129,291.0,392.0
nasa_image_6.png,1.0,130,386.0,392.0
nasa_image_6.png,1.0,129,427.0,392.0
nasa_image_6.png,2.0,258,465.0,392.5
nasa_image_6.png,141.0,20990,538.7730496453901,401.3191489361702
nasa_image_6.png,2.0,270,553.0,392.5
nasa_image_6.png,1.0,133,592.0,392.0
nasa_image_6.png,1.0,134,840.0,392.0
nasa_image_6.png,100.0,15145,250.92,397.4
nasa_image_6.png,15.0,2201,404.26666666666665,395.1333333333333
nasa_image_6.png,1.0,132,463.0,393.0
nasa_image_6.png,15.0,2046,492.0,396.6666666666667
nasa_image_6.png,3.0,428,605.6666666666666,393.6666666666667
nasa_image_6.png,2.0,265,743.5,393.5
nasa_image_6.png,7.0,938,779.2857142857143,394.42857142857144
nasa_image_6.png,4.0,536,92.5,394.5
nasa_image_6.png,2.0,265,167.5,394.0
nasa_image_6.png,1.0,137,180.0,394.0
nasa_image_6.png,3.0,411,263.0,394.6666666666667
nasa_image_6.png,16.0,2149,473.3125,395.75
nasa_image_6.png,3.0,407,497.6666666666667,394.6666666666667
nasa_image_6.png,4.0,567,550.0,394.5
nasa_image_6.png,2.0,270,656.0,394.5
nasa_image_6.png,3.0,407,822.0,394.0
nasa_image_6.png,396.0,61839,864.9015151515151,406.3813131313131
nasa_image_6.png,2.0,261,163.5,395.0
nasa_image_6.png,1.0,132,273.0,395.0
nasa_image_6.png,2.0,276,510.0,395.5
nasa_image_6.png,4.0,555,516.0,395.5
nasa_image_6.png,1.0,129,701.0,395.0
nasa_image_6.png,6.0,803,761.0,395.5
nasa_image_6.png,38.0,5179,772.8684210526316,398.7894736842105
nasa_image_6.png,5.0,693,79.4,396.8
nasa_image_6.png,4.0,546,302.0,396.5
nasa_image_6.png,61.0,10080,378.5081967213115,401.11475409836066
nasa_image_6.png,4.0,546,466.5,397.0
nasa_image_6.png,5.0,717,501.8,396.6
nasa_image_6.png,7.0,985,608.7142857142857,397.42857142857144
nasa_image_6.png,7.0,1012,659.7142857142857,397.0
nasa_image_6.png,4.0,559,520.5,397.5
nasa_image_6.png,97.0,14472,554.4329896907217,417.5773195876289
nasa_image_6.png,1.0,139,131.0,398.0
nasa_image_6.png,6.0,801,318.3333333333333,399.0
nasa_image_6.png,28.0,4104,397.39285714285717,400.0
nasa_image_6.png,11.0,1539,428.54545454545456,399.09090909090907
nasa_image_6.png,2.0,264,649.5,398.5
nasa_image_6.png,3.0,400,701.3333333333334,398.3333333333333
nasa_image_6.png,1.0,130,832.0,398.0
nasa_image_6.png,1.0,129,89.0,399.0
nasa_image_6.png,32.0,4626,189.15625,402.21875
nasa_image_6.png,1.0,134,416.0,399.0
nasa_image_6.png,1.0,146,423.0,399.0
nasa_image_6.png,2.0,270,441.0,399.5
nasa_image_6.png,2.0,281,480.5,399.0
nasa_image_6.png,25.0,3867,509.24,403.92
nasa_image_6.png,2.0,278,510.0,399.5
nasa_image_6.png,16.0,2348,514.8125,401.625
nasa_image_6.png,2.0,268,523.0,399.5
nasa_image_6.png,4.0,604,642.5,399.0
nasa_image_6.png,1.0,131,834.0,399.0
nasa_image_6.png,1.0,131,137.0,400.0
nasa_image_6.png,6.0,865,145.33333333333334,401.8333333333333
nasa_image_6.png,1.0,129,168.0,400.0
nasa_image_6.png,5.0,718,363.6,400.6
nasa_image_6.png,1.0,136,378.0,400.0
nasa_image_6.png,1.0,131,407.0,400.0
nasa_image_6.png,1.0,135,434.0,400.0
nasa_image_6.png,1.0,131,638.0,400.0
nasa_image_6.png,1.0,136,652.0,400.0
nasa_image_6.png,1.0,130,210.0,401.0
nasa_image_6.png,2.0,278,287.5,401.5
nasa_image_6.png,52.0,7699,310.7692307692308,410.46153846153845
nasa_image_6.png,18.0,2662,354.6666666666667,403.44444444444446
nasa_image_6.png,1.0,130,411.0,401.0
nasa_image_6.png,4.0,552,414.5,402.0
nasa_image_6.png,4.0,544,426.5,401.5
nasa_image_6.png,22.0,3245,495.09090909090907,405.27272727272725
nasa_image_6.png,1.0,146,585.0,401.0
nasa_image_6.png,1.0,132,699.0,401.0
nasa_image_6.png,1.0,131,721.0,401.0
nasa_image_6.png,4.0,562,727.0,401.5
nasa_image_6.png,2.0,262,748.5,401.5
nasa_image_6.png,25.0,3512,794.32,403.72
nasa_image_6.png,6.0,815,70.5,403.5
nasa_image_6.png,1.0,130,216.0,402.0
nasa_image_6.png,52.0,8059,297.0769230769231,406.21153846153845
nasa_image_6.png,76.0,11642,341.0,406.85526315789474
nasa_image_6.png,1.0,130,438.0,402.0
nasa_image_6.png,3.0,391,481.6666666666667,402.6666666666667
nasa_image_6.png,1.0,132,599.0,402.0
nasa_image_6.png,10.0,1487,605.8,403.3
nasa_image_6.png,4.0,580,614.25,402.75
nasa_image_6.png,13.0,1842,731.4615384615385,404.3076923076923
nasa_image_6.png,3.0,393,745.0,402.6666666666667
nasa_image_6.png,3.0,411,756.0,402.3333333333333
nasa_image_6.png,1.0,133,856.0,402.0
nasa_image_6.png,10.0,1351,75.0,403.9
nasa_image_6.png,57.0,8498,209.66666666666666,411.57894736842104
nasa_image_6.png,6.0,854,218.66666666666666,404.8333333333333
nasa_image_6.png,1.0,129,299.0,403.0
nasa_image_6.png,1.0,134,307.0,403.0
nasa_image_6.png,1.0,130,405.0,403.0
nasa_image_6.png,1.0,137,498.0,403.0
nasa_image_6.png,107.0,16539,643.5607476635514,410.9065420560748
nasa_image_6.png,13.0,1952,658.2307692307693,403.46153846153845
nasa_image_6.png,1.0,138,816.0,403.0
nasa_image_6.png,1.0,129,83.0,404.0
nasa_image_6.png,72.0,11091,360.8888888888889,410.31944444444446
nasa_image_6.png,1.0,129,501.0,404.0
nasa_image_6.png,4.0,531,503.5,404.5
nasa_image_6.png,9.0,1318,521.7777777777778,406.22222222222223
nasa_image_6.png,1.0,129,551.0,404.0
nasa_image_6.png,2.0,264,582.5,404.0
nasa_image_6.png,119.0,17176,748.4033613445379,412.10084033613447
nasa_image_6.png,1.0,129,755.0,404.0
nasa_image_6.png,2.0,261,818.5,404.0
nasa_image_6.png,19.0,2595,137.10526315789474,408.42105263157896
nasa_image_6.png,21.0,2875,178.66666666666666,407.8095238095238
nasa_image_6.png,2.0,274,391.5,405.5
nasa_image_6.png,2.0,270,395.5,405.0
nasa_image_6.png,19.0,2717,406.36842105263156,407.89473684210526
nasa_image_6.png,3.0,408,564.0,406.0
nasa_image_6.png,1.0,129,636.0,405.0
nasa_image_6.png,2.0,259,653.5,405.0
nasa_image_6.png,3.0,423,825.0,405.0
nasa_image_6.png,5.0,716,357.4,407.2
nasa_image_6.png,2.0,283,369.0,406.5
nasa_image_6.png,1.0,129,519.0,406.0
nasa_image_6.png,1.0,129,530.0,406.0
nasa_image_6.png,1.0,130,601.0,406.0
nasa_image_6.png,39.0,5771,724.974358974359,411.4102564102564
nasa_image_6.png,2.0,272,850.5,406.5
nasa_image_6.png,5.0,673,109.4,407.4
nasa_image_6.png,32.0,4692,189.34375,409.75
nasa_image_6.png,4.0,560,207.5,407.5
nasa_image_6.png,1.0,144,214.0,407.0
nasa_image_6.png,7.0,1004,379.7142857142857,407.85714285714283
nasa_image_6.png,15.0,2177,387.2,408.8666666666667
nasa_image_6.png,32.0,4702,471.625,408.71875
nasa_image_6.png,106.0,15368,566.3962264150944,421.57547169811323
nasa_image_6.png,1.0,129,598.0,407.0
nasa_image_6.png,16.0,2300,603.1875,410.625
nasa_image_6.png,2.0,260,83.0,408.5
nasa_image_6.png,20.0,2736,101.2,411.6
nasa_image_6.png,2.0,268,105.0,408.5
nasa_image_6.png,85.0,12182,109.94117647058823,415.36470588235295
nasa_image_6.png,1.0,138,226.0,408.0
nasa_image_6.png,85.0,12867,421.8588235294118,413.7647058823529
nasa_image_6.png,45.0,6552,492.8888888888889,413.5111111111111
nasa_image_6.png,1.0,131,507.0,408.0
nasa_image_6.png,1.0,142,527.0,408.0
nasa_image_6.png,10.0,1440,611.6,410.5
nasa_image_6.png,2.0,262,735.0,408.5
nasa_image_6.png,168.0,24783,830.9047619047619,421.55357142857144
nasa_image_6.png,64.0,8921,891.53125,418.515625
nasa_image_6.png,9.0,1253,891.0,410.3333333333333
nasa_image_6.png,1.0,130,80.0,409.0
nasa_image_6.png,1.0,130,145.0,409.0
nasa_image_6.png,2.0,267,391.5,409.0
nasa_image_6.png,1.0,136,487.0,409.0
nasa_image_6.png,7.0,974,537.0,410.7142857142857
nasa_image_6.png,55.0,7942,810.6363636363636,424.7090909090909
nasa_image_6.png,14.0,1923,166.85714285714286,412.0
nasa_image_6.png,1.0,137,206.0,410.0
nasa_image_6.png,6.0,836,408.6666666666667,411.5
nasa_image_6.png,2.0,289,415.5,410.0
nasa_image_6.png,1.0,130,524.0,410.0
nasa_image_6.png,11.0,1597,531.0,411.90909090909093
nasa_image_6.png,2.0,262,689.5,410.0
nasa_image_6.png,1.0,129,751.0,410.0
nasa_image_6.png,1.0,129,83.0,411.0
nasa_image_6.png,1.0,129,98.0,411.0
nasa_image_6.png,24.0,3483,147.91666666666666,413.4583333333333
nasa_image_6.png,3.0,418,150.0,411.0
nasa_image_6.png,4.0,584,376.5,411.0
nasa_image_6.png,1.0,129,384.0,411.0
nasa_image_6.png,1.0,131,448.0,411.0
nasa_image_6.png,1.0,131,515.0,411.0
nasa_image_6.png,1.0,129,551.0,411.0
nasa_image_6.png,7.0,960,608.0,412.14285714285717
nasa_image_6.png,1.0,129,775.0,411.0
nasa_image_6.png,3.0,415,215.66666666666666,412.6666666666667
nasa_image_6.png,63.0,8996,258.8888888888889,417.8888888888889
nasa_image_6.png,1.0,130,288.0,412.0
nasa_image_6.png,6.0,872,344.5,413.0
nasa_image_6.png,35.0,4967,396.54285714285714,413.9428571428571
nasa_image_6.png,2.0,259,692.0,412.5
nasa_image_6.png,5.0,689,197.4,413.6
nasa_image_6.png,1.0,136,387.0,413.0
nasa_image_6.png,1.0,131,501.0,413.0
nasa_image_6.png,4.0,541,525.5,414.5
nasa_image_6.png,3.0,407,545.0,413.0
nasa_image_6.png,5.0,694,657.2,413.4
nasa_image_6.png,6.0,824,852.0,414.6666666666667
nasa_image_6.png,1.0,130,81.0,414.0
nasa_image_6.png,2.0,267,220.5,414.5
nasa_image_6.png,51.0,7311,334.45098039215685,418.1764705882353
nasa_image_6.png,16.0,2184,776.875,417.8125
nasa_image_6.png,1.0,138,839.0,414.0
nasa_image_6.png,9.0,1256,180.0,416.77777777777777
nasa_image_6.png,1.0,137,267.0,415.0
nasa_image_6.png,4.0,527,381.5,415.5
nasa_image_6.png,14.0,2024,425.64285714285717,416.85714285714283
nasa_image_6.png,59.0,8312,520.0508474576271,420.7118644067797
nasa_image_6.png,5.0,696,612.6,415.8
nasa_image_6.png,1.0,129,758.0,415.0
nasa_image_6.png,1.0,138,822.0,415.0
nasa_image_6.png,1.0,141,893.0,415.0
nasa_image_6.png,2.0,281,159.5,416.0
nasa_image_6.png,1.0,134,174.0,416.0
nasa_image_6.png,2.0,286,217.0,416.5
nasa_image_6.png,1.0,137,346.0,416.0
nasa_image_6.png,9.0,1245,437.6666666666667,418.3333333333333
nasa_image_6.png,4.0,536,540.0,417.25
nasa_image_6.png,7.0,970,679.2857142857143,417.0
nasa_image_6.png,1.0,130,765.0,416.0
nasa_image_6.png,8.0,1123,803.125,417.125
nasa_image_6.png,220.0,31964,850.1727272727272,434.8727272727273
nasa_image_6.png,2.0,258,221.0,417.5
nasa_image_6.png,4.0,561,228.75,418.0
nasa_image_6.png,1.0,145,232.0,417.0
nasa_image_6.png,83.0,12179,458.4096385542169,422.4578313253012
nasa_image_6.png,7.0,1001,550.5714285714286,418.14285714285717
nasa_image_6.png,1.0,138,568.0,417.0
nasa_image_6.png,13.0,1862,664.5384615384615,419.46153846153845
nasa_image_6.png,72.0,10699,705.6527777777778,420.97222222222223
nasa_image_6.png,1.0,135,718.0,417.0
nasa_image_6.png,2.0,278,752.5,417.0
nasa_image_6.png,4.0,539,781.0,418.5
nasa_image_6.png,1.0,131,97.0,418.0
nasa_image_6.png,2.0,266,171.5,418.0
nasa_image_6.png,2.0,275,192.0,418.5
nasa_image_6.png,12.0,1704,278.3333333333333,420.9166666666667
nasa_image_6.png,2.0,266,289.0,418.5
nasa_image_6.png,9.0,1258,358.55555555555554,418.77777777777777
nasa_image_6.png,8.0,1152,445.0,419.5
nasa_image_6.png,48.0,6937,535.2083333333334,424.9791666666667
nasa_image_6.png,21.0,3067,606.047619047619,421.3809523809524
nasa_image_6.png,1.0,132,608.0,418.0
nasa_image_6.png,7.0,957,740.4285714285714,419.7142857142857
nasa_image_6.png,6.0,825,884.3333333333334,419.1666666666667
nasa_image_6.png,3.0,398,175.0,420.0
nasa_image_6.png,1.0,131,226.0,419.0
nasa_image_6.png,20.0,2941,239.75,421.35
nasa_image_6.png,21.0,3058,347.9047619047619,422.0952380952381
nasa_image_6.png,1.0,136,348.0,419.0
nasa_image_6.png,3.0,415,388.6666666666667,419.3333333333333
nasa_image_6.png,2.0,258,391.5,419.0
nasa_image_6.png,2.0,272,468.5,419.0
nasa_image_6.png,7.0,958,494.2857142857143,419.85714285714283
nasa_image_6.png,1.0,130,790.0,419.0
nasa_image_6.png,3.0,407,880.0,419.0
nasa_image_6.png,3.0,419,152.66666666666666,420.6666666666667
nasa_image_6.png,1.0,129,194.0,420.0
nasa_image_6.png,2.0,270,202.0,420.5
nasa_image_6.png,1.0,130,208.0,420.0
nasa_image_6.png,82.0,11443,210.4268292682927,426.780487804878
nasa_image_6.png,68.0,10493,412.97058823529414,427.0735294117647
nasa_image_6.png,1.0,131,507.0,420.0
nasa_image_6.png,4.0,544,510.5,420.5
nasa_image_6.png,4.0,540,580.75,420.25
nasa_image_6.png,61.0,9091,617.1475409836065,427.08196721311475
nasa_image_6.png,4.0,547,802.5,421.0
nasa_image_6.png,21.0,2865,73.71428571428571,422.42857142857144
nasa_image_6.png,6.0,823,119.5,422.5
nasa_image_6.png,6.0,831,164.66666666666666,422.3333333333333
nasa_image_6.png,13.0,1725,192.46153846153845,423.61538461538464
nasa_image_6.png,5.0,738,227.4,421.8
nasa_image_6.png,94.0,13563,281.28723404255317,431.9574468085106
nasa_image_6.png,1.0,130,294.0,421.0
nasa_image_6.png,5.0,688,382.6,422.2
nasa_image_6.png,59.0,8394,482.03389830508473,428.728813559322
nasa_image_6.png,5.0,701,585.0,422.0
nasa_image_6.png,2.0,285,626.0,421.5
nasa_image_6.png,31.0,4762,683.6129032258065,425.4193548387097
nasa_image_6.png,1.0,133,149.0,422.0
nasa_image_6.png,2.0,259,207.0,422.5
nasa_image_6.png,13.0,1838,306.46153846153845,424.61538461538464
nasa_image_6.png,10.0,1337,325.8,424.5
nasa_image_6.png,4.0,561,328.5,422.5
nasa_image_6.png,1.0,131,380.0,422.0
nasa_image_6.png,9.0,1261,543.7777777777778,423.55555555555554
nasa_image_6.png,2.0,261,577.0,422.5
nasa_image_6.png,16.0,2271,589.875,424.125
nasa_image_6.png,46.0,7057,751.5,427.3478260869565
nasa_image_6.png,2.0,273,765.0,422.5
nasa_image_6.png,1.0,129,81.0,423.0
nasa_image_6.png,1.0,133,224.0,423.0
nasa_image_6.png,14.0,1966,227.35714285714286,425.2142857142857
nasa_image_6.png,4.0,539,245.5,424.0
nasa_image_6.png,1.0,130,282.0,423.0
nasa_image_6.png,11.0,1527,293.09090909090907,424.54545454545456
nasa_image_6.png,7.0,976,339.85714285714283,424.14285714285717
nasa_image_6.png,1.0,135,425.0,423.0
nasa_image_6.png,5.0,720,446.4,423.4
nasa_image_6.png,1.0,138,564.0,423.0
nasa_image_6.png,1.0,129,624.0,423.0
nasa_image_6.png,1.0,129,671.0,423.0
nasa_image_6.png,1.0,130,701.0,423.0
nasa_image_6.png,36.0,5201,740.2777777777778,425.97222222222223
nasa_image_6.png,1.0,132,786.0,423.0
nasa_image_6.png,333.0,50833,885.1771771771772,433.5105105105105
nasa_image_6.png,1.0,131,1016.0,423.0
nasa_image_6.png,7.0,957,199.57142857142858,425.0
nasa_image_6.png,1.0,136,268.0,424.0
nasa_image_6.png,6.0,847,370.5,425.5
nasa_image_6.png,71.0,10367,776.1408450704225,432.3943661971831
nasa_image_6.png,11.0,1502,149.1818181818182,426.6363636363636
nasa_image_6.png,3.0,407,175.66666666666666,425.6666666666667
nasa_image_6.png,2.0,270,204.0,425.5
nasa_image_6.png,4.0,544,263.5,426.0
nasa_image_6.png,14.0,1970,269.85714285714283,427.0
nasa_image_6.png,1.0,138,429.0,425.0
nasa_image_6.png,35.0,4875,598.5428571428571,433.3142857142857
nasa_image_6.png,380.0,57546,677.171052631579,439.3578947368421
nasa_image_6.png,5.0,701,839.0,426.4
nasa_image_6.png,2.0,264,911.0,425.5
nasa_image_6.png,3.0,392,75.0,426.0
nasa_image_6.png,10.0,1325,79.3,427.3
nasa_image_6.png,1.0,130,91.0,426.0
nasa_image_6.png,14.0,1966,346.7857142857143,427.85714285714283
nasa_image_6.png,8.0,1100,364.625,426.375
nasa_image_6.png,1.0,129,381.0,426.0
nasa_image_6.png,11.0,1549,477.0,427.0
nasa_image_6.png,9.0,1223,500.0,427.55555555555554
nasa_image_6.png,1.0,140,581.0,426.0
nasa_image_6.png,26.0,3849,629.5384615384615,432.15384615384613
nasa_image_6.png,7.0,1020,634.2857142857143,427.0
nasa_image_6.png,104.0,15958,728.9423076923077,433.0480769230769
nasa_image_6.png,1.0,130,892.0,426.0
nasa_image_6.png,51.0,7397,97.84313725490196,437.27450980392155
nasa_image_6.png,60.0,8884,244.06666666666666,434.55
nasa_image_6.png,1.0,129,253.0,427.0
nasa_image_6.png,15.0,2163,391.93333333333334,430.4
nasa_image_6.png,3.0,393,406.6666666666667,427.6666666666667
nasa_image_6.png,5.0,672,426.6,427.4
nasa_image_6.png,3.0,397,611.3333333333334,427.3333333333333
nasa_image_6.png,4.0,530,655.0,427.75
nasa_image_6.png,39.0,5420,789.3589743589744,433.64102564102564
nasa_image_6.png,36.0,5403,907.3333333333334,435.6388888888889
nasa_image_6.png,22.0,3097,84.22727272727273,432.3636363636364
nasa_image_6.png,3.0,395,194.33333333333334,428.6666666666667
nasa_image_6.png,5.0,676,220.2,428.4
nasa_image_6.png,2.0,260,307.0,428.5
nasa_image_6.png,6.0,865,387.5,429.0
nasa_image_6.png,2.0,275,430.0,428.5
nasa_image_6.png,1.0,129,624.0,428.0
nasa_image_6.png,1.0,136,695.0,428.0
nasa_image_6.png,6.0,859,862.5,428.5
nasa_image_6.png,42.0,5700,60.214285714285715,435.42857142857144
nasa_image_6.png,25.0,3489,90.0,433.2
nasa_image_6.png,10.0,1326,169.1,431.5
nasa_image_6.png,2.0,260,216.5,429.5
nasa_image_6.png,18.0,2498,320.22222222222223,431.55555555555554
nasa_image_6.png,1.0,132,377.0,429.0
nasa_image_6.png,39.0,5923,448.05128205128204,431.8974358974359
nasa_image_6.png,1.0,130,470.0,429.0
nasa_image_6.png,1.0,130,475.0,429.0
nasa_image_6.png,4.0,559,493.5,429.0
nasa_image_6.png,1.0,132,529.0,429.0
nasa_image_6.png,3.0,400,545.6666666666666,429.3333333333333
nasa_image_6.png,4.0,544,584.5,429.5
nasa_image_6.png,3.0,397,639.3333333333334,429.6666666666667
nasa_image_6.png,11.0,1611,706.6363636363636,429.8181818181818
nasa_image_6.png,52.0,7359,717.8269230769231,436.86538461538464
nasa_image_6.png,2.0,258,805.5,429.5
nasa_image_6.png,1.0,138,71.0,430.0
nasa_image_6.png,5.0,674,143.2,430.6
nasa_image_6.png,2.0,267,156.0,430.5
nasa_image_6.png,1.0,130,158.0,430.0
nasa_image_6.png,21.0,2931,161.71428571428572,432.5238095238095
nasa_image_6.png,2.0,261,174.0,430.5
nasa_image_6.png,3.0,401,233.0,431.0
nasa_image_6.png,8.0,1086,293.25,431.0
nasa_image_6.png,1.0,140,536.0,430.0
nasa_image_6.png,13.0,1841,580.6153846153846,432.6923076923077
nasa_image_6.png,3.0,399,642.6666666666666,430.6666666666667
nasa_image_6.png,1.0,133,751.0,430.0
nasa_image_6.png,1.0,129,68.0,431.0
nasa_image_6.png,10.0,1374,262.4,433.4
nasa_image_6.png,1.0,134,503.0,431.0
nasa_image_6.png,4.0,555,548.75,431.25
nasa_image_6.png,4.0,532,556.5,432.25
nasa_image_6.png,1.0,133,633.0,431.0
nasa_image_6.png,1.0,131,75.0,432.0
nasa_image_6.png,1.0,130,526.0,432.0
nasa_image_6.png,6.0,819,803.8333333333334,433.0
nasa_image_6.png,1.0,132,855.0,432.0
nasa_image_6.png,1.0,129,884.0,432.0
nasa_image_6.png,4.0,527,66.5,433.5
nasa_image_6.png,10.0,1342,177.5,436.3
nasa_image_6.png,2.0,264,210.0,433.5
nasa_image_6.png,89.0,12934,426.8314606741573,438.14606741573033
nasa_image_6.png,5.0,669,490.4,434.2
nasa_image_6.png,2.0,261,496.5,433.5
nasa_image_6.png,12.0,1772,572.3333333333334,434.1666666666667
nasa_image_6.png,3.0,397,586.0,433.0
nasa_image_6.png,31.0,4309,619.2903225806451,436.5806451612903
nasa_image_6.png,148.0,21318,808.9797297297297,451.3783783783784
nasa_image_6.png,1.0,129,122.0,434.0
nasa_image_6.png,6.0,828,293.0,434.5
nasa_image_6.png,3.0,422,476.6666666666667,434.6666666666667
nasa_image_6.png,1.0,143,513.0,434.0
nasa_image_6.png,3.0,407,567.6666666666666,434.3333333333333
nasa_image_6.png,1.0,134,826.0,434.0
nasa_image_6.png,1.0,130,900.0,434.0
nasa_image_6.png,2.0,277,195.0,435.5
nasa_image_6.png,1.0,133,279.0,435.0
nasa_image_6.png,14.0,2015,373.2142857142857,437.2857142857143
nasa_image_6.png,5.0,745,377.8,435.4
nasa_image_6.png,2.0,269,470.5,435.0
nasa_image_6.png,4.0,579,558.5,435.5
nasa_image_6.png,4.0,570,590.5,435.5
nasa_image_6.png,4.0,557,642.0,435.5
nasa_image_6.png,1.0,137,688.0,435.0
nasa_image_6.png,3.0,389,117.66666666666667,436.3333333333333
nasa_image_6.png,4.0,528,162.0,436.5
nasa_image_6.png,2.0,264,182.5,436.0
nasa_image_6.png,2.0,264,202.5,436.0
nasa_image_6.png,13.0,1779,298.53846153846155,439.6923076923077
nasa_image_6.png,1.0,129,314.0,436.0
nasa_image_6.png,1.0,130,317.0,436.0
nasa_image_6.png,1.0,133,462.0,436.0
nasa_image_6.png,1.0,130,626.0,436.0
nasa_image_6.png,2.0,265,648.0,436.5
nasa_image_6.png,5.0,701,256.0,438.0
nasa_image_6.png,1.0,136,272.0,437.0
nasa_image_6.png,12.0,1637,392.5,441.1666666666667
nasa_image_6.png,1.0,129,407.0,437.0
nasa_image_6.png,1.0,131,803.0,437.0
nasa_image_6.png,5.0,682,824.8,438.6
nasa_image_6.png,7.0,926,415.7142857142857,440.14285714285717
nasa_image_6.png,4.0,537,484.25,438.75
nasa_image_6.png,1.0,134,556.0,438.0
nasa_image_6.png,1.0,129,575.0,438.0
nasa_image_6.png,18.0,2721,579.7222222222222,441.3333333333333
nasa_image_6.png,2.0,261,581.5,438.0
nasa_image_6.png,4.0,543,616.5,439.0
nasa_image_6.png,1.0,131,628.0,438.0
nasa_image_6.png,16.0,2235,636.6875,439.6875
nasa_image_6.png,17.0,2461,754.9411764705883,441.8235294117647
nasa_image_6.png,11.0,1575,797.6363636363636,438.6363636363636
nasa_image_6.png,1.0,136,828.0,438.0
nasa_image_6.png,3.0,392,122.66666666666667,439.3333333333333
nasa_image_6.png,5.0,684,160.6,439.8
nasa_image_6.png,7.0,964,237.0,441.14285714285717
nasa_image_6.png,7.0,958,264.14285714285717,440.85714285714283
nasa_image_6.png,2.0,264,371.5,439.0
nasa_image_6.png,3.0,409,452.0,439.3333333333333
nasa_image_6.png,9.0,1244,481.0,441.0
nasa_image_6.png,1.0,142,488.0,439.0
nasa_image_6.png,2.0,267,506.5,439.0
nasa_image_6.png,1.0,134,630.0,439.0
nasa_image_6.png,1.0,150,650.0,439.0
nasa_image_6.png,1.0,133,792.0,439.0
nasa_image_6.png,4.0,530,135.0,440.75
nasa_image_6.png,6.0,816,155.0,441.1666666666667
nasa_image_6.png,1.0,130,196.0,440.0
nasa_image_6.png,41.0,5641,215.9512195121951,444.5121951219512
nasa_image_6.png,8.0,1178,280.125,440.875
nasa_image_6.png,1.0,129,288.0,440.0
nasa_image_6.png,13.0,1827,548.5384615384615,442.6923076923077
nasa_image_6.png,5.0,692,585.8,440.4
nasa_image_6.png,20.0,2808,645.2,444.4
nasa_image_6.png,20.0,2745,827.0,442.3
nasa_image_6.png,195.0,27898,837.4666666666667,454.0051282051282
nasa_image_6.png,16.0,2228,878.75,442.3125
nasa_image_6.png,3.0,391,911.6666666666666,441.0
nasa_image_6.png,22.0,3278,75.5,444.22727272727275
nasa_image_6.png,15.0,2030,90.0,443.6666666666667
nasa_image_6.png,1.0,131,381.0,441.0
nasa_image_6.png,2.0,268,491.0,441.5
nasa_image_6.png,4.0,553,593.5,441.5
nasa_image_6.png,30.0,4712,710.6666666666666,444.3
nasa_image_6.png,8.0,1114,805.125,443.0
nasa_image_6.png,34.0,4687,135.76470588235293,446.5882352941176
nasa_image_6.png,12.0,1629,166.66666666666666,444.1666666666667
nasa_image_6.png,1.0,135,364.0,442.0
nasa_image_6.png,25.0,3575,384.56,446.6
nasa_image_6.png,1.0,138,505.0,442.0
nasa_image_6.png,2.0,270,623.0,442.5
nasa_image_6.png,1.0,131,662.0,442.0
nasa_image_6.png,54.0,7927,872.574074074074,445.72222222222223
nasa_image_6.png,1.0,135,123.0,443.0
nasa_image_6.png,3.0,408,131.66666666666666,443.6666666666667
nasa_image_6.png,5.0,688,161.4,443.8
nasa_image_6.png,8.0,1124,289.125,444.25
nasa_image_6.png,30.0,4294,439.1666666666667,445.1666666666667
nasa_image_6.png,75.0,11856,520.16,450.06666666666666
nasa_image_6.png,1.0,129,538.0,443.0
nasa_image_6.png,4.0,558,543.5,443.5
nasa_image_6.png,1.0,131,573.0,443.0
nasa_image_6.png,19.0,2913,608.1578947368421,445.10526315789474
nasa_image_6.png,2.0,276,633.5,443.0
nasa_image_6.png,1.0,138,640.0,443.0
nasa_image_6.png,1.0,131,80.0,444.0
nasa_image_6.png,10.0,1440,118.8,445.5
nasa_image_6.png,3.0,416,315.3333333333333,444.3333333333333
nasa_image_6.png,5.0,715,405.6,445.2
nasa_image_6.png,1.0,134,463.0,444.0
nasa_image_6.png,2.0,260,593.0,444.5
nasa_image_6.png,1.0,140,615.0,444.0
nasa_image_6.png,1.0,130,682.0,444.0
nasa_image_6.png,10.0,1370,766.8,446.6
nasa_image_6.png,1.0,133,786.0,444.0
nasa_image_6.png,4.0,542,795.0,444.25
nasa_image_6.png,1.0,133,829.0,444.0
nasa_image_6.png,12.0,1743,915.25,445.75
nasa_image_6.png,17.0,2392,86.0,447.5882352941176
nasa_image_6.png,5.0,670,178.6,446.6
nasa_image_6.png,3.0,394,220.0,446.0
nasa_image_6.png,7.0,992,586.7142857142857,446.42857142857144
nasa_image_6.png,2.0,266,625.5,445.0
nasa_image_6.png,1.0,129,636.0,445.0
nasa_image_6.png,7.0,970,640.0,446.2857142857143
nasa_image_6.png,2.0,269,650.5,445.0
nasa_image_6.png,6.0,845,747.0,445.8333333333333
nasa_image_6.png,90.0,12815,821.4222222222222,460.8
nasa_image_6.png,28.0,3999,889.25,447.92857142857144
nasa_image_6.png,2.0,278,898.0,445.5
nasa_image_6.png,2.0,265,235.0,446.5
nasa_image_6.png,4.0,572,425.25,446.25
nasa_image_6.png,9.0,1226,467.3333333333333,447.55555555555554
nasa_image_6.png,1.0,135,536.0,446.0
nasa_image_6.png,1.0,131,600.0,446.0
nasa_image_6.png,1.0,130,602.0,446.0
nasa_image_6.png,6.0,805,632.1666666666666,447.8333333333333
nasa_image_6.png,2.0,260,677.0,446.5
nasa_image_6.png,79.0,11244,737.379746835443,455.1518987341772
nasa_image_6.png,3.0,406,121.66666666666667,447.6666666666667
nasa_image_6.png,9.0,1250,389.55555555555554,449.8888888888889
nasa_image_6.png,12.0,1670,418.0,449.9166666666667
nasa_image_6.png,3.0,406,447.0,447.0
nasa_image_6.png,2.0,261,571.5,447.5
nasa_image_6.png,2.0,262,591.0,447.5
nasa_image_6.png,13.0,1797,613.3076923076923,448.53846153846155
nasa_image_6.png,26.0,3824,700.1923076923077,450.53846153846155
nasa_image_6.png,5.0,684,755.2,448.2
nasa_image_6.png,6.0,834,900.5,448.5
nasa_image_6.png,1.0,135,912.0,447.0
nasa_image_6.png,1.0,134,55.0,448.0
nasa_image_6.png,29.0,4153,69.06896551724138,452.82758620689657
nasa_image_6.png,1.0,130,128.0,448.0
nasa_image_6.png,17.0,2419,488.1764705882353,448.1764705882353
nasa_image_6.png,4.0,540,594.5,449.0
nasa_image_6.png,1.0,139,628.0,448.0
nasa_image_6.png,2.0,264,635.0,448.5
nasa_image_6.png,2.0,261,652.0,448.5
nasa_image_6.png,2.0,266,742.5,448.5
nasa_image_6.png,11.0,1525,796.9090909090909,449.8181818181818
nasa_image_6.png,1.0,132,856.0,448.0
nasa_image_6.png,2.0,263,858.5,448.0
nasa_image_6.png,1.0,129,73.0,449.0
nasa_image_6.png,1.0,131,80.0,449.0
nasa_image_6.png,1.0,130,93.0,449.0
nasa_image_6.png,2.0,264,149.0,449.5
nasa_image_6.png,1.0,134,161.0,449.0
nasa_image_6.png,1.0,138,174.0,449.0
nasa_image_6.png,6.0,828,446.8333333333333,449.6666666666667
nasa_image_6.png,1.0,129,714.0,449.0
nasa_image_6.png,67.0,9554,867.9701492537314,453.3731343283582
nasa_image_6.png,1.0,134,159.0,450.0
nasa_image_6.png,2.0,273,238.5,450.5
nasa_image_6.png,16.0,2287,454.9375,452.0
nasa_image_6.png,3.0,441,597.6666666666666,450.3333333333333
nasa_image_6.png,22.0,3170,606.3181818181819,453.5
nasa_image_6.png,14.0,1881,724.7142857142857,452.64285714285717
nasa_image_6.png,2.0,267,840.0,450.5
nasa_image_6.png,9.0,1210,896.7777777777778,452.0
nasa_image_6.png,14.0,1938,376.7142857142857,453.07142857142856
nasa_image_6.png,1.0,130,397.0,451.0
nasa_image_6.png,22.0,3338,711.7272727272727,453.0
nasa_image_6.png,6.0,844,926.3333333333334,452.1666666666667
nasa_image_6.png,4.0,546,86.5,453.0
nasa_image_6.png,10.0,1329,150.0,454.0
nasa_image_6.png,3.0,416,311.6666666666667,453.0
nasa_image_6.png,1.0,136,423.0,452.0
nasa_image_6.png,3.0,416,616.6666666666666,452.6666666666667
nasa_image_6.png,5.0,664,856.8,453.2
nasa_image_6.png,52.0,7417,918.4038461538462,456.75
nasa_image_6.png,6.0,813,106.66666666666667,454.5
nasa_image_6.png,1.0,132,446.0,453.0
nasa_image_6.png,6.0,814,467.6666666666667,453.8333333333333
nasa_image_6.png,1.0,142,472.0,453.0
nasa_image_6.png,11.0,1582,595.0,454.1818181818182
nasa_image_6.png,1.0,134,667.0,453.0
nasa_image_6.png,7.0,940,839.7142857142857,453.57142857142856
nasa_image_6.png,14.0,1970,883.2857142857143,456.07142857142856
nasa_image_6.png,17.0,2361,911.7058823529412,458.05882352941177
nasa_image_6.png,2.0,288,326.0,454.5
nasa_image_6.png,7.0,958,396.7142857142857,455.14285714285717
nasa_image_6.png,1.0,141,461.0,454.0
nasa_image_6.png,2.0,274,488.5,454.0
nasa_image_6.png,1.0,132,491.0,454.0
nasa_image_6.png,4.0,545,612.0,455.5
nasa_image_6.png,1.0,132,886.0,454.0
nasa_image_6.png,2.0,282,930.0,454.5
nasa_image_6.png,7.0,1044,79.28571428571429,456.85714285714283
nasa_image_6.png,23.0,3356,88.95652173913044,461.04347826086956
nasa_image_6.png,5.0,703,370.0,456.0
nasa_image_6.png,1.0,129,505.0,455.0
nasa_image_6.png,1.0,135,799.0,455.0
nasa_image_6.png,1.0,132,889.0,455.0
nasa_image_6.png,1.0,129,110.0,456.0
nasa_image_6.png,1.0,131,132.0,456.0
nasa_image_6.png,1.0,129,226.0,456.0
nasa_image_6.png,1.0,129,385.0,456.0
nasa_image_6.png,1.0,145,616.0,456.0
nasa_image_6.png,15.0,2066,624.4,460.26666666666665
nasa_image_6.png,4.0,534,646.25,456.25
nasa_image_6.png,2.0,264,806.5,456.5
nasa_image_6.png,8.0,1130,928.125,457.25
nasa_image_6.png,4.0,554,313.0,457.25
nasa_image_6.png,15.0,2157,329.06666666666666,458.93333333333334
nasa_image_6.png,31.0,4493,479.258064516129,460.7096774193548
nasa_image_6.png,2.0,266,639.5,457.0
nasa_image_6.png,1.0,129,1027.0,457.0
nasa_image_6.png,8.0,1076,105.5,460.25
nasa_image_6.png,1.0,131,245.0,458.0
nasa_image_6.png,1.0,131,417.0,458.0
nasa_image_6.png,4.0,555,616.5,459.0
nasa_image_6.png,4.0,539,708.5,458.0
nasa_image_6.png,10.0,1390,61.5,460.7
nasa_image_6.png,17.0,2482,82.52941176470588,461.94117647058823
nasa_image_6.png,36.0,5013,123.86111111111111,464.25
nasa_image_6.png,5.0,685,221.8,459.4
nasa_image_6.png,2.0,269,316.5,459.0
nasa_image_6.png,1.0,134,356.0,459.0
nasa_image_6.png,62.0,9336,493.2258064516129,465.1290322580645
nasa_image_6.png,26.0,3693,693.4230769230769,462.34615384615387
nasa_image_6.png,20.0,2897,737.25,461.1
nasa_image_6.png,7.0,955,868.2857142857143,460.85714285714283
nasa_image_6.png,56.0,7771,881.75,466.35714285714283
nasa_image_6.png,21.0,3047,907.952380952381,462.6190476190476
nasa_image_6.png,1.0,131,248.0,460.0
nasa_image_6.png,3.0,418,307.0,460.0
nasa_image_6.png,7.0,919,799.8571428571429,461.57142857142856
nasa_image_6.png,94.0,13705,850.7553191489362,470.8085106382979
nasa_image_6.png,11.0,1496,68.0909090909091,463.54545454545456
nasa_image_6.png,2.0,270,311.0,461.5
nasa_image_6.png,5.0,694,526.4,462.2
nasa_image_6.png,1.0,138,670.0,461.0
nasa_image_6.png,3.0,398,891.0,462.0
nasa_image_6.png,88.0,12514,929.7159090909091,475.17045454545456
nasa_image_6.png,1.0,131,74.0,462.0
nasa_image_6.png,16.0,2277,302.25,463.625
nasa_image_6.png,3.0,395,325.0,463.0
nasa_image_6.png,2.0,265,497.5,462.0
nasa_image_6.png,42.0,6230,713.0952380952381,465.57142857142856
nasa_image_6.png,2.0,269,721.5,462.0
nasa_image_6.png,1.0,131,847.0,462.0
nasa_image_6.png,1.0,131,215.0,463.0
nasa_image_6.png,1.0,135,270.0,463.0
nasa_image_6.png,1.0,139,523.0,463.0
nasa_image_6.png,4.0,527,610.0,463.5
nasa_image_6.png,1.0,143,629.0,463.0
nasa_image_6.png,1.0,129,650.0,463.0
nasa_image_6.png,1.0,133,864.0,463.0
nasa_image_6.png,4.0,559,884.0,463.25
nasa_image_6.png,1.0,129,114.0,464.0
nasa_image_6.png,2.0,260,117.0,464.5
nasa_image_6.png,162.0,22323,160.43827160493828,474.2901234567901
nasa_image_6.png,2.0,265,247.5,464.5
nasa_image_6.png,2.0,270,331.5,464.0
nasa_image_6.png,3.0,393,334.3333333333333,464.6666666666667
nasa_image_6.png,5.0,670,366.4,465.2
nasa_image_6.png,4.0,530,407.5,465.0
nasa_image_6.png,4.0,542,550.5,465.0
nasa_image_6.png,3.0,420,615.6666666666666,464.6666666666667
nasa_image_6.png,3.0,418,658.0,464.0
nasa_image_6.png,1.0,133,670.0,464.0
nasa_image_6.png,1.0,130,872.0,464.0
nasa_image_6.png,1.0,132,135.0,465.0
nasa_image_6.png,1.0,129,374.0,465.0
nasa_image_6.png,1.0,132,624.0,465.0
nasa_image_6.png,2.0,260,646.0,465.5
nasa_image_6.png,37.0,5362,739.7027027027027,469.3243243243243
nasa_image_6.png,62.0,8720,802.5645161290323,472.6290322580645
nasa_image_6.png,1.0,130,865.0,465.0
nasa_image_6.png,1.0,130,230.0,466.0
nasa_image_6.png,37.0,4931,264.97297297297297,469.81081081081084
nasa_image_6.png,2.0,271,526.0,466.5
nasa_image_6.png,1.0,132,635.0,466.0
nasa_image_6.png,12.0,1700,678.0833333333334,467.5833333333333
nasa_image_6.png,1.0,131,729.0,466.0
nasa_image_6.png,48.0,6762,753.7916666666666,471.6458333333333
nasa_image_6.png,1.0,130,800.0,466.0
nasa_image_6.png,4.0,534,922.75,467.25
nasa_image_6.png,1.0,129,77.0,467.0
nasa_image_6.png,2.0,269,329.5,467.0
nasa_image_6.png,1.0,131,618.0,467.0
nasa_image_6.png,2.0,265,659.0,467.5
nasa_image_6.png,5.0,683,914.6,469.0
nasa_image_6.png,2.0,273,80.0,468.5
nasa_image_6.png,4.0,539,118.5,469.0
nasa_image_6.png,12.0,1640,127.75,471.25
nasa_image_6.png,1.0,130,483.0,468.0
nasa_image_6.png,1.0,134,621.0,468.0
nasa_image_6.png,12.0,1809,628.6666666666666,469.0833333333333
nasa_image_6.png,2.0,260,648.0,468.5
nasa_image_6.png,6.0,785,668.5,469.5
nasa_image_6.png,1.0,130,728.0,468.0
nasa_image_6.png,2.0,269,828.5,468.0
nasa_image_6.png,3.0,420,868.0,469.0
nasa_image_6.png,2.0,261,68.5,469.0
nasa_image_6.png,6.0,847,75.16666666666667,470.0
nasa_image_6.png,1.0,139,322.0,469.0
nasa_image_6.png,21.0,2861,534.2380952380952,471.85714285714283
nasa_image_6.png,27.0,4181,722.3333333333334,473.037037037037
nasa_image_6.png,8.0,1097,842.375,470.125
nasa_image_6.png,1.0,130,896.0,469.0
nasa_image_6.png,1.0,129,165.0,470.0
nasa_image_6.png,1.0,133,485.0,470.0
nasa_image_6.png,6.0,835,491.1666666666667,471.3333333333333
nasa_image_6.png,5.0,669,636.4,471.2
nasa_image_6.png,2.0,277,659.0,470.5
nasa_image_6.png,3.0,398,671.6666666666666,470.3333333333333
nasa_image_6.png,20.0,2884,683.75,475.0
nasa_image_6.png,191.0,27566,905.0732984293194,482.9738219895288
nasa_image_6.png,1.0,131,61.0,471.0
nasa_image_6.png,291.0,41536,168.22680412371133,481.82474226804123
nasa_image_6.png,1.0,149,356.0,471.0
nasa_image_6.png,18.0,2609,691.5,472.8888888888889
nasa_image_6.png,3.0,396,123.66666666666667,472.6666666666667
nasa_image_6.png,2.0,259,220.5,472.5
nasa_image_6.png,1.0,134,318.0,472.0
nasa_image_6.png,6.0,876,329.1666666666667,473.1666666666667
nasa_image_6.png,4.0,591,512.5,472.5
nasa_image_6.png,1.0,130,679.0,472.0
nasa_image_6.png,1.0,131,760.0,472.0
nasa_image_6.png,74.0,10843,779.0,477.06756756756755
nasa_image_6.png,2.0,260,898.5,472.0
nasa_image_6.png,1.0,132,64.0,473.0
nasa_image_6.png,2.0,279,79.0,473.5
nasa_image_6.png,1.0,134,176.0,473.0
nasa_image_6.png,1.0,134,354.0,473.0
nasa_image_6.png,12.0,1646,425.0,474.25
nasa_image_6.png,6.0,819,911.6666666666666,473.6666666666667
nasa_image_6.png,17.0,2262,182.35294117647058,475.6470588235294
nasa_image_6.png,3.0,421,325.6666666666667,474.3333333333333
nasa_image_6.png,1.0,136,342.0,474.0
nasa_image_6.png,2.0,273,350.5,474.0
nasa_image_6.png,2.0,267,608.0,474.5
nasa_image_6.png,1.0,144,669.0,474.0
nasa_image_6.png,5.0,658,894.2,475.2
nasa_image_6.png,5.0,679,81.4,475.8
nasa_image_6.png,13.0,1883,339.46153846153845,477.3076923076923
nasa_image_6.png,2.0,261,362.0,475.5
nasa_image_6.png,5.0,687,370.4,477.0
nasa_image_6.png,1.0,134,491.0,475.0
nasa_image_6.png,3.0,403,652.3333333333334,476.0
nasa_image_6.png,7.0,980,671.1428571428571,476.14285714285717
nasa_image_6.png,6.0,822,676.3333333333334,476.8333333333333
nasa_image_6.png,1.0,143,817.0,475.0
nasa_image_6.png,5.0,670,77.0,477.4
nasa_image_6.png,1.0,130,224.0,476.0
nasa_image_6.png,2.0,274,235.5,476.0
nasa_image_6.png,1.0,134,264.0,476.0
nasa_image_6.png,3.0,414,641.6666666666666,476.3333333333333
nasa_image_6.png,3.0,416,741.3333333333334,476.6666666666667
nasa_image_6.png,3.0,403,914.6666666666666,476.3333333333333
nasa_image_6.png,1.0,131,314.0,477.0
nasa_image_6.png,2.0,269,326.5,477.5
nasa_image_6.png,1.0,135,728.0,477.0
nasa_image_6.png,1.0,130,820.0,477.0
nasa_image_6.png,1.0,131,840.0,477.0
nasa_image_6.png,23.0,3364,884.4347826086956,479.3478260869565
nasa_image_6.png,2.0,266,85.5,478.5
nasa_image_6.png,31.0,4395,211.5483870967742,481.64516129032256
nasa_image_6.png,1.0,134,238.0,478.0
nasa_image_6.png,2.0,284,330.0,478.5
nasa_image_6.png,1.0,130,491.0,478.0
nasa_image_6.png,1.0,132,845.0,478.0
nasa_image_6.png,1.0,131,80.0,479.0
nasa_image_6.png,8.0,1134,202.125,480.375
nasa_image_6.png,6.0,876,343.5,480.0
nasa_image_6.png,1.0,140,576.0,479.0
nasa_image_6.png,2.0,271,604.5,479.0
nasa_image_6.png,2.0,260,608.5,479.0
nasa_image_6.png,1.0,134,649.0,479.0
nasa_image_6.png,8.0,1053,658.75,481.0
nasa_image_6.png,4.0,530,841.0,479.75
nasa_image_6.png,28.0,3983,918.2857142857143,484.0
nasa_image_6.png,2.0,262,158.0,480.5
nasa_image_6.png,3.0,411,239.66666666666666,480.3333333333333
nasa_image_6.png,1.0,144,430.0,480.0
nasa_image_6.png,1.0,133,578.0,480.0
nasa_image_6.png,1.0,129,634.0,480.0
nasa_image_6.png,1.0,132,929.0,480.0
nasa_image_6.png,9.0,1241,115.0,482.0
nasa_image_6.png,75.0,10403,689.7866666666666,486.44
nasa_image_6.png,3.0,392,819.0,482.0
nasa_image_6.png,30.0,4138,58.43333333333333,486.3333333333333
nasa_image_6.png,2.0,259,92.5,482.0
nasa_image_6.png,13.0,1867,197.84615384615384,484.0769230769231
nasa_image_6.png,1.0,130,224.0,482.0
nasa_image_6.png,50.0,7497,510.68,488.34
nasa_image_6.png,1.0,131,724.0,482.0
nasa_image_6.png,5.0,679,829.6,483.2
nasa_image_6.png,7.0,940,849.7142857142857,483.42857142857144
nasa_image_6.png,1.0,138,881.0,482.0
nasa_image_6.png,1.0,133,71.0,483.0
nasa_image_6.png,4.0,534,75.25,484.0
nasa_image_6.png,28.0,3743,110.60714285714286,485.89285714285717
nasa_image_6.png,3.0,407,126.66666666666667,483.6666666666667
nasa_image_6.png,1.0,133,439.0,483.0
nasa_image_6.png,13.0,1891,522.1538461538462,485.0769230769231
nasa_image_6.png,5.0,685,726.2,483.6
nasa_image_6.png,2.0,278,885.5,483.0
nasa_image_6.png,1.0,133,888.0,483.0
nasa_image_6.png,28.0,3770,180.71428571428572,487.64285714285717
nasa_image_6.png,1.0,129,226.0,484.0
nasa_image_6.png,5.0,709,470.2,484.6
nasa_image_6.png,1.0,129,650.0,484.0
nasa_image_6.png,2.0,262,652.5,484.0
nasa_image_6.png,1.0,135,679.0,484.0
nasa_image_6.png,1.0,129,717.0,484.0
nasa_image_6.png,1.0,131,720.0,484.0
nasa_image_6.png,2.0,259,738.0,484.5
nasa_image_6.png,1.0,129,842.0,484.0
nasa_image_6.png,2.0,271,868.5,484.0
nasa_image_6.png,7.0,974,310.42857142857144,486.2857142857143
nasa_image_6.png,3.0,408,370.6666666666667,485.6666666666667
nasa_image_6.png,1.0,130,457.0,485.0
nasa_image_6.png,1.0,130,657.0,485.0
nasa_image_6.png,5.0,665,1030.2,485.6
nasa_image_6.png,15.0,2129,195.53333333333333,489.4
nasa_image_6.png,1.0,142,455.0,486.0
nasa_image_6.png,2.0,264,515.5,486.0
nasa_image_6.png,1.0,136,553.0,486.0
nasa_image_6.png,2.0,260,729.0,486.5
nasa_image_6.png,4.0,528,739.5,486.5
nasa_image_6.png,1.0,137,882.0,486.0
nasa_image_6.png,26.0,3639,888.0,489.9230769230769
nasa_image_6.png,7.0,987,928.8571428571429,486.42857142857144
nasa_image_6.png,1.0,132,102.0,487.0
nasa_image_6.png,1.0,136,326.0,487.0
nasa_image_6.png,3.0,410,330.3333333333333,487.6666666666667
nasa_image_6.png,2.0,274,335.5,487.0
nasa_image_6.png,3.0,401,543.0,487.0
nasa_image_6.png,1.0,129,558.0,487.0
nasa_image_6.png,16.0,2213,720.375,489.0
nasa_image_6.png,32.0,4507,777.03125,491.0625
nasa_image_6.png,59.0,8603,876.0,495.47457627118644
nasa_image_6.png,1.0,134,64.0,488.0
nasa_image_6.png,1.0,129,109.0,488.0
nasa_image_6.png,2.0,277,357.5,488.0
nasa_image_6.png,1.0,131,480.0,488.0
nasa_image_6.png,1.0,130,782.0,488.0
nasa_image_6.png,7.0,929,797.1428571428571,490.0
nasa_image_6.png,4.0,536,849.0,488.5
nasa_image_6.png,1.0,132,880.0,488.0
nasa_image_6.png,1.0,129,1031.0,488.0
nasa_image_6.png,4.0,543,156.75,489.75
nasa_image_6.png,1.0,142,379.0,489.0
nasa_image_6.png,5.0,688,750.0,489.6
nasa_image_6.png,1.0,141,805.0,489.0
nasa_image_6.png,1.0,130,914.0,489.0
nasa_image_6.png,2.0,278,933.0,489.5
nasa_image_6.png,2.0,260,118.0,490.5
nasa_image_6.png,10.0,1395,131.8,491.7
nasa_image_6.png,2.0,267,565.5,490.0
nasa_image_6.png,49.0,7340,731.8571428571429,494.6326530612245
nasa_image_6.png,1.0,130,732.0,490.0
nasa_image_6.png,68.0,9835,892.7941176470588,497.27941176470586
nasa_image_6.png,1.0,131,1032.0,490.0
nasa_image_6.png,1.0,133,112.0,491.0
nasa_image_6.png,1.0,129,120.0,491.0
nasa_image_6.png,2.0,261,191.5,491.5
nasa_image_6.png,2.0,273,331.0,491.5
nasa_image_6.png,1.0,135,476.0,491.0
nasa_image_6.png,7.0,1032,652.0,491.7142857142857
nasa_image_6.png,1.0,132,785.0,491.0
nasa_image_6.png,1.0,132,823.0,491.0
nasa_image_6.png,1.0,133,833.0,491.0
nasa_image_6.png,6.0,806,872.5,493.0
nasa_image_6.png,3.0,399,160.33333333333334,492.6666666666667
nasa_image_6.png,6.0,792,470.3333333333333,492.8333333333333
nasa_image_6.png,1.0,130,480.0,492.0
nasa_image_6.png,1.0,131,521.0,492.0
nasa_image_6.png,6.0,864,684.5,492.8333333333333
nasa_image_6.png,12.0,1623,700.9166666666666,496.75
nasa_image_6.png,2.0,268,757.5,492.0
nasa_image_6.png,3.0,390,791.0,492.0
nasa_image_6.png,1.0,134,807.0,492.0
nasa_image_6.png,7.0,969,845.7142857142857,492.42857142857144
nasa_image_6.png,2.0,258,924.0,492.5
nasa_image_6.png,1.0,138,138.0,493.0
nasa_image_6.png,5.0,670,257.8,493.6
nasa_image_6.png,2.0,283,342.0,493.5
nasa_image_6.png,1.0,129,611.0,493.0
nasa_image_6.png,5.0,664,831.2,494.0
nasa_image_6.png,2.0,266,933.0,493.5
nasa_image_6.png,2.0,267,660.0,494.5
nasa_image_6.png,1.0,130,721.0,494.0
nasa_image_6.png,2.0,262,747.5,494.0
nasa_image_6.png,1.0,132,808.0,494.0
nasa_image_6.png,1.0,132,50.0,495.0
nasa_image_6.png,1.0,131,60.0,495.0
nasa_image_6.png,13.0,1746,159.53846153846155,497.53846153846155
nasa_image_6.png,2.0,260,175.5,495.0
nasa_image_6.png,4.0,550,187.5,496.0
nasa_image_6.png,7.0,983,248.0,495.7142857142857
nasa_image_6.png,1.0,131,365.0,495.0
nasa_image_6.png,1.0,130,466.0,495.0
nasa_image_6.png,1.0,130,483.0,495.0
nasa_image_6.png,2.0,277,669.5,495.0
nasa_image_6.png,1.0,130,751.0,495.0
nasa_image_6.png,3.0,428,898.6666666666666,495.6666666666667
nasa_image_6.png,10.0,1336,108.2,497.8
nasa_image_6.png,5.0,727,347.8,497.6
nasa_image_6.png,1.0,137,464.0,496.0
nasa_image_6.png,3.0,421,495.6666666666667,496.6666666666667
nasa_image_6.png,3.0,401,724.3333333333334,497.0
nasa_image_6.png,2.0,259,945.5,496.0
nasa_image_6.png,4.0,532,58.75,498.25
nasa_image_6.png,9.0,1188,170.77777777777777,498.77777777777777
nasa_image_6.png,2.0,264,428.0,497.5
nasa_image_6.png,3.0,395,710.3333333333334,497.6666666666667
nasa_image_6.png,1.0,129,833.0,497.0
nasa_image_6.png,2.0,260,872.0,497.5
nasa_image_6.png,1.0,129,934.0,497.0
nasa_image_6.png,1.0,129,55.0,498.0
nasa_image_6.png,1.0,133,463.0,498.0
nasa_image_6.png,3.0,391,910.0,498.0
nasa_image_6.png,1.0,130,945.0,499.0
nasa_image_6.png,29.0,3971,92.10344827586206,505.48275862068965
nasa_image_6.png,1.0,129,102.0,500.0
nasa_image_6.png,2.0,265,461.0,500.5
nasa_image_6.png,6.0,845,761.3333333333334,500.6666666666667
nasa_image_6.png,2.0,259,885.0,500.5
nasa_image_6.png,151.0,23321,918.5430463576159,509.8476821192053
nasa_image_6.png,14.0,1943,53.5,504.64285714285717
nasa_image_6.png,1.0,131,714.0,501.0
nasa_image_6.png,2.0,264,833.0,501.5
nasa_image_6.png,2.0,271,858.0,501.5
nasa_image_6.png,1.0,131,162.0,502.0
nasa_image_6.png,1.0,133,383.0,502.0
nasa_image_6.png,6.0,845,736.5,502.5
nasa_image_6.png,5.0,681,783.4,503.6
nasa_image_6.png,1.0,134,47.0,503.0
nasa_image_6.png,1.0,130,51.0,503.0
nasa_image_6.png,1.0,135,459.0,503.0
nasa_image_6.png,2.0,265,899.5,503.0
nasa_image_6.png,9.0,1243,371.8888888888889,506.22222222222223
nasa_image_6.png,4.0,564,647.5,504.5
nasa_image_6.png,1.0,131,700.0,504.0
nasa_image_6.png,65.0,9173,753.3230769230769,509.5846153846154
nasa_image_6.png,26.0,3560,884.6538461538462,510.96153846153845
nasa_image_6.png,1.0,131,921.0,504.0
nasa_image_6.png,5.0,698,938.4,505.2
nasa_image_6.png,2.0,258,158.5,505.0
nasa_image_6.png,2.0,258,715.0,505.5
nasa_image_6.png,2.0,264,794.0,505.5
nasa_image_6.png,3.0,410,858.3333333333334,505.6666666666667
nasa_image_6.png,3.0,392,874.6666666666666,505.3333333333333
nasa_image_6.png,25.0,3500,904.28,509.96
nasa_image_6.png,4.0,561,48.5,506.5
nasa_image_6.png,1.0,138,379.0,506.0
nasa_image_6.png,17.0,2454,440.11764705882354,508.11764705882354
nasa_image_6.png,1.0,131,717.0,506.0
nasa_image_6.png,29.0,4211,746.3793103448276,514.0689655172414
nasa_image_6.png,11.0,1545,696.5454545454545,509.72727272727275
nasa_image_6.png,3.0,409,861.3333333333334,507.6666666666667
nasa_image_6.png,8.0,1085,909.375,509.75
nasa_image_6.png,2.0,268,960.5,507.0
nasa_image_6.png,2.0,260,1017.0,507.5
nasa_image_6.png,2.0,262,435.0,508.5
nasa_image_6.png,20.0,3029,762.5,511.5
nasa_image_6.png,21.0,3158,787.4761904761905,510.5238095238095
nasa_image_6.png,3.0,396,939.3333333333334,508.6666666666667
nasa_image_6.png,2.0,263,954.0,508.5
nasa_image_6.png,3.0,430,358.6666666666667,509.6666666666667
nasa_image_6.png,3.0,412,704.3333333333334,509.6666666666667
nasa_image_6.png,2.0,258,1032.5,509.0
nasa_image_6.png,1.0,130,355.0,510.0
nasa_image_6.png,23.0,3555,774.4782608695652,513.1304347826087
nasa_image_6.png,3.0,410,867.3333333333334,510.6666666666667
nasa_image_6.png,1.0,133,891.0,510.0
nasa_image_6.png,5.0,684,835.8,511.4
nasa_image_6.png,1.0,133,690.0,512.0
nasa_image_6.png,7.0,972,811.7142857142857,512.4285714285714
nasa_image_6.png,9.0,1227,892.3333333333334,514.5555555555555
nasa_image_6.png,1.0,135,958.0,512.0
nasa_image_6.png,2.0,259,1033.0,512.5
nasa_image_6.png,1.0,129,107.0,513.0
nasa_image_6.png,3.0,406,798.0,513.0
nasa_image_6.png,2.0,264,952.0,513.5
nasa_image_6.png,2.0,261,78.5,514.0
nasa_image_6.png,1.0,131,827.0,514.0
nasa_image_6.png,4.0,570,594.5,515.5
nasa_image_6.png,3.0,388,671.6666666666666,515.6666666666666
nasa_image_6.png,1.0,129,754.0,515.0
nasa_image_6.png,3.0,402,800.3333333333334,515.6666666666666
nasa_image_6.png,1.0,131,823.0,515.0
nasa_image_6.png,3.0,392,80.33333333333333,516.3333333333334
nasa_image_6.png,1.0,132,88.0,516.0
nasa_image_6.png,3.0,401,965.3333333333334,516.3333333333334
nasa_image_6.png,1.0,132,67.0,517.0
nasa_image_6.png,22.0,3155,766.9545454545455,518.4090909090909
nasa_image_6.png,2.0,265,883.0,517.5
nasa_image_6.png,4.0,520,191.5,519.5
nasa_image_6.png,2.0,260,864.5,518.5
nasa_image_6.png,3.0,407,886.0,519.0
nasa_image_6.png,5.0,652,1013.2,518.8
nasa_image_6.png,1.0,132,48.0,519.0
nasa_image_6.png,9.0,1273,96.66666666666667,521.2222222222222
nasa_image_6.png,1.0,131,672.0,519.0
nasa_image_6.png,213.0,32723,920.9107981220657,532.2206572769953
nasa_image_6.png,14.0,1883,932.0714285714286,520.0714285714286
nasa_image_6.png,1.0,131,948.0,519.0
nasa_image_6.png,7.0,949,675.7142857142857,522.1428571428571
nasa_image_6.png,1.0,131,755.0,520.0
nasa_image_6.png,1.0,129,912.0,520.0
nasa_image_6.png,2.0,262,609.5,521.0
nasa_image_6.png,1.0,132,799.0,521.0
nasa_image_6.png,2.0,266,926.5,521.0
nasa_image_6.png,6.0,790,947.1666666666666,521.8333333333334
nasa_image_6.png,1.0,129,1017.0,521.0
nasa_image_6.png,1.0,131,722.0,522.0
nasa_image_6.png,1.0,130,808.0,522.0
nasa_image_6.png,15.0,2028,811.0666666666667,524.8666666666667
nasa_image_6.png,57.0,8030,898.1929824561404,533.6666666666666
nasa_image_6.png,42.0,6457,799.547619047619,525.5714285714286
nasa_image_6.png,1.0,133,751.0,524.0
nasa_image_6.png,12.0,1574,1018.0833333333334,526.3333333333334
nasa_image_6.png,69.0,10228,768.5217391304348,531.536231884058
nasa_image_6.png,57.0,8000,882.4912280701755,539.9649122807018
nasa_image_6.png,2.0,263,1034.5,527.5
nasa_image_6.png,2.0,261,225.0,528.5
nasa_image_6.png,5.0,730,729.6,529.2
nasa_image_6.png,1.0,129,821.0,528.0
nasa_image_6.png,7.0,945,880.0,529.0
nasa_image_6.png,28.0,3863,946.0714285714286,537.6428571428571
nasa_image_6.png,1.0,130,679.0,530.0
nasa_image_6.png,2.0,260,1019.5,531.0
nasa_image_6.png,3.0,391,1035.6666666666667,531.6666666666666
nasa_image_6.png,3.0,405,211.33333333333334,532.3333333333334
nasa_image_6.png,2.0,265,940.0,532.5
nasa_image_6.png,1.0,131,96.0,533.0
nasa_image_6.png,1.0,130,691.0,533.0
nasa_image_6.png,1.0,133,963.0,533.0
nasa_image_6.png,20.0,2662,1029.0,535.7
nasa_image_6.png,1.0,131,779.0,534.0
nasa_image_6.png,1.0,131,969.0,534.0
nasa_image_6.png,1.0,132,84.0,535.0
nasa_image_6.png,1.0,132,757.0,535.0
nasa_image_6.png,2.0,276,796.5,535.0
nasa_image_6.png,2.0,282,866.5,535.5
nasa_image_6.png,1.0,131,966.0,535.0
nasa_image_6.png,5.0,668,1034.8,535.4
nasa_image_6.png,2.0,262,603.5,536.5
nasa_image_6.png,1.0,136,800.0,536.0
nasa_image_6.png,1.0,129,1038.0,536.0
nasa_image_6.png,2.0,265,768.0,537.5
nasa_image_6.png,5.0,655,1032.0,539.8
nasa_image_6.png,6.0,797,1036.1666666666667,539.6666666666666
nasa_image_6.png,10.0,1413,813.9,543.2
nasa_image_6.png,34.0,4553,1020.5294117647059,545.0
nasa_image_6.png,1.0,130,760.0,541.0
nasa_image_6.png,8.0,1053,1028.625,542.75
nasa_image_6.png,3.0,391,981.6666666666666,542.6666666666666
nasa_image_6.png,2.0,258,1032.5,543.0
nasa_image_6.png,3.0,395,1038.6666666666667,543.6666666666666
nasa_image_6.png,1.0,134,824.0,544.0
nasa_image_6.png,2.0,267,833.5,545.0
nasa_image_6.png,9.0,1256,984.0,546.6666666666666
nasa_image_6.png,18.0,2364,1032.7222222222222,547.8888888888889
nasa_image_6.png,2.0,270,829.5,546.0
nasa_image_6.png,4.0,555,970.5,547.0
nasa_image_6.png,197.0,26612,982.5025380710659,560.3147208121827
nasa_image_6.png,1.0,131,1023.0,546.0
nasa_image_6.png,26.0,3601,917.0,551.6538461538462
nasa_image_6.png,8.0,1079,939.5,548.0
nasa_image_6.png,4.0,552,997.5,547.5
nasa_image_6.png,1.0,131,1015.0,547.0
nasa_image_6.png,1.0,135,928.0,548.0
nasa_image_6.png,4.0,550,114.75,550.0
nasa_image_6.png,1.0,129,839.0,549.0
nasa_image_6.png,2.0,261,933.0,549.5
nasa_image_6.png,3.0,396,929.3333333333334,551.0
nasa_image_6.png,17.0,2361,944.7647058823529,553.8823529411765
nasa_image_6.png,23.0,3127,989.4782608695652,553.5652173913044
nasa_image_6.png,16.0,2190,1019.4375,552.75
nasa_image_6.png,1.0,130,993.0,551.0
nasa_image_6.png,150.0,20723,1012.96,562.4
nasa_image_6.png,2.0,272,1031.0,553.5
nasa_image_6.png,29.0,4104,903.5172413793103,557.6206896551724
nasa_image_6.png,5.0,677,881.6,556.2
nasa_image_6.png,2.0,267,925.0,555.5
nasa_image_6.png,2.0,264,621.5,556.0
nasa_image_6.png,20.0,2755,890.45,558.45
nasa_image_6.png,7.0,932,915.1428571428571,557.5714285714286
nasa_image_6.png,2.0,265,1031.0,557.5
nasa_image_6.png,3.0,402,1034.6666666666667,557.6666666666666
nasa_image_6.png,2.0,261,1039.0,557.5
nasa_image_6.png,1.0,129,943.0,558.0
nasa_image_6.png,1.0,130,882.0,559.0
nasa_image_6.png,1.0,129,993.0,559.0
nasa_image_6.png,1.0,133,821.0,560.0
nasa_image_6.png,1.0,130,995.0,560.0
nasa_image_6.png,1.0,133,804.0,561.0
nasa_image_6.png,3.0,391,825.6666666666666,561.6666666666666
nasa_image_6.png,1.0,135,975.0,561.0
nasa_image_6.png,1.0,129,1021.0,561.0
nasa_image_6.png,1.0,130,849.0,562.0
nasa_image_6.png,3.0,394,965.0,563.0
nasa_image_6.png,2.0,259,918.5,563.0
nasa_image_6.png,6.0,813,1002.8333333333334,565.0
nasa_image_6.png,38.0,5098,1023.3947368421053,568.2631578947369
nasa_image_6.png,1.0,131,186.0,565.0
nasa_image_6.png,21.0,2895,952.3809523809524,568.2857142857143
nasa_image_6.png,1.0,130,846.0,566.0
nasa_image_6.png,1.0,135,996.0,566.0
nasa_image_6.png,2.0,263,1000.0,566.5
nasa_image_6.png,4.0,533,907.5,567.5
nasa_image_6.png,2.0,261,1034.0,567.5
nasa_image_6.png,1.0,131,1007.0,568.0
nasa_image_6.png,4.0,543,891.5,569.5
nasa_image_6.png,3.0,394,1004.3333333333334,569.6666666666666
nasa_image_6.png,4.0,544,115.0,572.5
nasa_image_6.png,2.0,263,837.5,571.5
nasa_image_6.png,2.0,273,882.0,571.5
nasa_image_6.png,2.0,266,907.0,571.5
nasa_image_6.png,2.0,258,1009.0,571.5
nasa_image_6.png,1.0,133,1035.0,571.0
nasa_image_6.png,1.0,133,910.0,572.0
nasa_image_6.png,3.0,391,1004.0,572.0
nasa_image_6.png,1.0,134,1007.0,572.0
nasa_image_6.png,1.0,129,1018.0,572.0
nasa_image_6.png,5.0,673,948.6,573.8
nasa_image_6.png,1.0,131,927.0,574.0
nasa_image_6.png,1.0,130,1000.0,574.0
nasa_image_7.png,1.0,133,62.0,0.0
nasa_image_7.png,2.0,265,72.5,0.0
nasa_image_7.png,1.0,139,87.0,0.0
nasa_image_7.png,2.0,399,672.5,0.0
nasa_image_7.png,2.0,339,435.5,1.0
nasa_image_7.png,1.0,169,454.0,1.0
nasa_image_7.png,1.0,154,998.0,1.0
nasa_image_7.png,1.0,189,180.0,2.0
nasa_image_7.png,2.0,288,204.0,2.5
nasa_image_7.png,9.0,1655,563.0,3.0
nasa_image_7.png,1.0,145,1156.0,2.0
nasa_image_7.png,15.0,2664,244.6,5.133333333333334
nasa_image_7.png,4.0,747,274.5,3.5
nasa_image_7.png,2.0,317,340.0,3.5
nasa_image_7.png,2.0,299,573.5,3.0
nasa_image_7.png,1.0,131,635.0,3.0
nasa_image_7.png,1.0,171,974.0,3.0
nasa_image_7.png,1.0,168,315.0,4.0
nasa_image_7.png,3.0,517,1085.3333333333333,4.333333333333333
nasa_image_7.png,1.0,143,1148.0,4.0
nasa_image_7.png,1.0,158,317.0,5.0
nasa_image_7.png,1.0,186,370.0,5.0
nasa_image_7.png,1.0,164,489.0,5.0
nasa_image_7.png,2.0,379,614.0,5.5
nasa_image_7.png,2.0,357,346.0,6.5
nasa_image_7.png,1.0,139,398.0,6.0
nasa_image_7.png,2.0,315,353.5,7.0
nasa_image_7.png,1.0,142,509.0,7.0
nasa_image_7.png,1.0,156,517.0,7.0
nasa_image_7.png,1.0,149,866.0,7.0
nasa_image_7.png,1.0,193,17.0,8.0
nasa_image_7.png,2.0,329,393.5,8.0
nasa_image_7.png,1.0,133,950.0,8.0
nasa_image_7.png,3.0,497,974.3333333333334,8.666666666666666
nasa_image_7.png,1.0,129,295.0,9.0
nasa_image_7.png,1.0,155,366.0,9.0
nasa_image_7.png,4.0,777,1006.5,9.5
nasa_image_7.png,1.0,182,883.0,10.0
nasa_image_7.png,2.0,280,1124.5,10.0
nasa_image_7.png,4.0,696,448.5,11.5
nasa_image_7.png,2.0,273,801.5,11.0
nasa_image_7.png,1.0,135,812.0,11.0
nasa_image_7.png,1.0,151,117.0,12.0
nasa_image_7.png,7.0,1229,505.7142857142857,13.0
nasa_image_7.png,1.0,175,809.0,12.0
nasa_image_7.png,4.0,642,583.5,13.5
nasa_image_7.png,2.0,336,864.0,13.5
nasa_image_7.png,1.0,155,424.0,14.0
nasa_image_7.png,3.0,496,513.6666666666666,14.666666666666666
nasa_image_7.png,5.0,856,254.8,15.4
nasa_image_7.png,4.0,606,405.5,15.5
nasa_image_7.png,6.0,1091,623.5,16.0
nasa_image_7.png,1.0,147,51.0,16.0
nasa_image_7.png,1.0,136,395.0,16.0
nasa_image_7.png,1.0,147,290.0,17.0
nasa_image_7.png,2.0,355,1019.5,17.0
nasa_image_7.png,1.0,191,1071.0,17.0
nasa_image_7.png,2.0,288,331.5,18.0
nasa_image_7.png,1.0,159,391.0,18.0
nasa_image_7.png,2.0,262,414.0,18.5
nasa_image_7.png,1.0,143,502.0,18.0
nasa_image_7.png,1.0,199,611.0,18.0
nasa_image_7.png,1.0,152,782.0,18.0
nasa_image_7.png,2.0,293,1166.5,18.0
nasa_image_7.png,1.0,138,802.0,19.0
nasa_image_7.png,1.0,167,969.0,19.0
nasa_image_7.png,2.0,343,856.0,20.5
nasa_image_7.png,1.0,132,1152.0,20.0
nasa_image_7.png,1.0,147,6.0,21.0
nasa_image_7.png,1.0,148,147.0,21.0
nasa_image_7.png,4.0,719,611.5,21.5
nasa_image_7.png,1.0,171,990.0,21.0
nasa_image_7.png,1.0,154,1073.0,21.0
nasa_image_7.png,1.0,133,1168.0,21.0
nasa_image_7.png,1.0,137,0.0,22.0
nasa_image_7.png,1.0,157,524.0,22.0
nasa_image_7.png,1.0,181,723.0,22.0
nasa_image_7.png,3.0,470,177.66666666666666,23.333333333333332
nasa_image_7.png,1.0,222,364.0,23.0
nasa_image_7.png,2.0,309,669.0,23.5
nasa_image_7.png,1.0,177,709.0,23.0
nasa_image_7.png,4.0,740,1047.5,23.5
nasa_image_7.png,1.0,133,235.0,25.0
nasa_image_7.png,1.0,134,633.0,25.0
nasa_image_7.png,1.0,203,454.0,26.0
nasa_image_7.png,1.0,202,736.0,26.0
nasa_image_7.png,4.0,693,83.5,27.5
nasa_image_7.png,1.0,191,437.0,27.0
nasa_image_7.png,2.0,316,238.0,28.5
nasa_image_7.png,1.0,142,271.0,28.0
nasa_image_7.png,1.0,205,537.0,28.0
nasa_image_7.png,3.0,490,770.6666666666666,28.333333333333332
nasa_image_7.png,1.0,166,1108.0,28.0
nasa_image_7.png,1.0,167,192.0,29.0
nasa_image_7.png,1.0,149,784.0,29.0
nasa_image_7.png,2.0,265,230.0,30.5
nasa_image_7.png,2.0,301,504.5,30.0
nasa_image_7.png,3.0,422,496.3333333333333,31.333333333333332
nasa_image_7.png,1.0,204,661.0,31.0
nasa_image_7.png,1.0,170,474.0,32.0
nasa_image_7.png,1.0,141,604.0,32.0
nasa_image_7.png,2.0,313,872.0,32.5
nasa_image_7.png,1.0,164,971.0,32.0
nasa_image_7.png,1.0,142,25.0,33.0
nasa_image_7.png,2.0,330,385.0,33.5
nasa_image_7.png,3.0,478,760.6666666666666,33.333333333333336
nasa_image_7.png,1.0,145,813.0,33.0
nasa_image_7.png,1.0,161,936.0,34.0
nasa_image_7.png,1.0,134,824.0,35.0
nasa_image_7.png,2.0,371,1190.0,35.5
nasa_image_7.png,6.0,1075,0.5,37.0
nasa_image_7.png,1.0,186,273.0,36.0
nasa_image_7.png,2.0,354,1183.5,36.0
nasa_image_7.png,1.0,140,37.0,37.0
nasa_image_7.png,2.0,388,879.5,37.0
nasa_image_7.png,1.0,131,902.0,37.0
nasa_image_7.png,7.0,1173,396.7142857142857,39.0
nasa_image_7.png,2.0,380,645.5,38.0
nasa_image_7.png,2.0,361,835.0,38.5
nasa_image_7.png,2.0,264,933.5,38.0
nasa_image_7.png,1.0,144,36.0,39.0
nasa_image_7.png,1.0,158,859.0,39.0
nasa_image_7.png,7.0,1322,192.0,40.714285714285715
nasa_image_7.png,2.0,351,958.0,40.5
nasa_image_7.png,1.0,148,92.0,41.0
nasa_image_7.png,7.0,1197,102.85714285714286,41.714285714285715
nasa_image_7.png,1.0,132,490.0,42.0
nasa_image_7.png,3.0,464,123.33333333333333,43.666666666666664
nasa_image_7.png,3.0,533,446.6666666666667,43.333333333333336
nasa_image_7.png,2.0,341,916.5,43.0
nasa_image_7.png,1.0,168,953.0,43.0
nasa_image_7.png,2.0,366,185.5,44.0
nasa_image_7.png,5.0,853,306.8,44.8
nasa_image_7.png,1.0,150,469.0,45.0
nasa_image_7.png,1.0,169,479.0,45.0
nasa_image_7.png,4.0,707,608.5,45.5
nasa_image_7.png,2.0,376,1094.0,45.5
nasa_image_7.png,1.0,150,38.0,46.0
nasa_image_7.png,1.0,187,348.0,46.0
nasa_image_7.png,1.0,136,533.0,46.0
nasa_image_7.png,1.0,129,835.0,46.0
nasa_image_7.png,2.0,305,962.0,46.5
nasa_image_7.png,3.0,458,112.0,49.0
nasa_image_7.png,2.0,372,708.5,49.0
nasa_image_7.png,2.0,337,337.0,50.5
nasa_image_7.png,4.0,837,925.5,50.5
nasa_image_7.png,1.0,199,946.0,50.0
nasa_image_7.png,8.0,1502,105.5,52.0
nasa_image_7.png,4.0,616,121.5,51.5
nasa_image_7.png,1.0,140,249.0,51.0
nasa_image_7.png,1.0,130,280.0,51.0
nasa_image_7.png,6.0,996,997.0,51.5
nasa_image_7.png,1.0,141,192.0,52.0
nasa_image_7.png,1.0,140,429.0,52.0
nasa_image_7.png,4.0,703,683.5,52.5
nasa_image_7.png,1.0,175,719.0,52.0
nasa_image_7.png,38.0,6816,1128.7368421052631,54.94736842105263
nasa_image_7.png,2.0,271,117.0,54.5
nasa_image_7.png,1.0,136,283.0,54.0
nasa_image_7.png,1.0,137,667.0,54.0
nasa_image_7.png,2.0,359,681.0,54.5
nasa_image_7.png,41.0,7167,792.0,57.02439024390244
nasa_image_7.png,3.0,517,54.666666666666664,55.666666666666664
nasa_image_7.png,5.0,817,402.0,56.0
nasa_image_7.png,1.0,150,482.0,55.0
nasa_image_7.png,8.0,1409,533.25,56.875
nasa_image_7.png,1.0,156,1101.0,55.0
nasa_image_7.png,1.0,183,213.0,56.0
nasa_image_7.png,1.0,146,941.0,56.0
nasa_image_7.png,1.0,159,1072.0,56.0
nasa_image_7.png,3.0,535,538.3333333333334,57.666666666666664
nasa_image_7.png,1.0,158,1111.0,57.0
nasa_image_7.png,1.0,183,1140.0,57.0
nasa_image_7.png,4.0,703,116.5,58.5
nasa_image_7.png,1.0,135,418.0,59.0
nasa_image_7.png,2.0,360,545.0,59.5
nasa_image_7.png,4.0,633,567.5,59.5
nasa_image_7.png,4.0,594,948.5,59.5
nasa_image_7.png,4.0,798,1034.5,59.5
nasa_image_7.png,23.0,4089,1152.1739130434783,62.0
nasa_image_7.png,2.0,308,261.0,61.5
nasa_image_7.png,1.0,130,473.0,61.0
nasa_image_7.png,2.0,332,691.0,61.5
nasa_image_7.png,1.0,145,780.0,61.0
nasa_image_7.png,1.0,153,1013.0,61.0
nasa_image_7.png,1.0,157,611.0,63.0
nasa_image_7.png,7.0,1271,871.7142857142857,64.0
nasa_image_7.png,1.0,176,348.0,65.0
nasa_image_7.png,1.0,138,521.0,65.0
nasa_image_7.png,2.0,270,661.0,65.5
nasa_image_7.png,1.0,166,722.0,65.0
nasa_image_7.png,2.0,359,282.0,66.5
nasa_image_7.png,1.0,168,393.0,66.0
nasa_image_7.png,2.0,378,416.0,66.5
nasa_image_7.png,1.0,138,541.0,66.0
nasa_image_7.png,1.0,204,655.0,66.0
nasa_image_7.png,1.0,175,753.0,66.0
nasa_image_7.png,1.0,129,938.0,66.0
nasa_image_7.png,1.0,133,1153.0,66.0
nasa_image_7.png,1.0,138,148.0,67.0
nasa_image_7.png,1.0,133,520.0,67.0
nasa_image_7.png,11.0,1992,565.9090909090909,69.45454545454545
nasa_image_7.png,1.0,139,722.0,67.0
nasa_image_7.png,3.0,533,801.3333333333334,67.33333333333333
nasa_image_7.png,1.0,146,955.0,67.0
nasa_image_7.png,1.0,140,1175.0,67.0
nasa_image_7.png,2.0,350,485.5,68.0
nasa_image_7.png,3.0,458,671.6666666666666,68.33333333333333
nasa_image_7.png,2.0,311,839.0,68.5
nasa_image_7.png,2.0,358,1147.0,68.5
nasa_image_7.png,1.0,136,59.0,69.0
nasa_image_7.png,3.0,451,100.66666666666667,69.33333333333333
nasa_image_7.png,2.0,322,356.0,69.5
nasa_image_7.png,1.0,139,985.0,70.0
nasa_image_7.png,1.0,190,1195.0,70.0
nasa_image_7.png,7.0,1196,182.0,72.28571428571429
nasa_image_7.png,10.0,1827,338.2,72.5
nasa_image_7.png,2.0,298,126.5,73.0
nasa_image_7.png,1.0,135,130.0,73.0
nasa_image_7.png,15.0,2815,147.6,74.4
nasa_image_7.png,2.0,328,189.5,73.0
nasa_image_7.png,1.0,211,657.0,73.0
nasa_image_7.png,2.0,319,732.5,73.0
nasa_image_7.png,4.0,718,947.5,73.5
nasa_image_7.png,6.0,1155,175.0,74.5
nasa_image_7.png,4.0,697,786.5,74.5
nasa_image_7.png,1.0,157,1087.0,74.0
nasa_image_7.png,1.0,135,1132.0,75.0
nasa_image_7.png,3.0,543,651.3333333333334,76.66666666666667
nasa_image_7.png,4.0,605,967.5,76.5
nasa_image_7.png,6.0,1093,1083.6666666666667,76.66666666666667
nasa_image_7.png,1.0,164,101.0,78.0
nasa_image_7.png,1.0,134,118.0,78.0
nasa_image_7.png,1.0,132,509.0,78.0
nasa_image_7.png,2.0,282,452.0,79.5
nasa_image_7.png,2.0,296,514.5,79.0
nasa_image_7.png,1.0,129,990.0,79.0
nasa_image_7.png,4.0,696,535.5,80.5
nasa_image_7.png,2.0,308,802.0,80.5
nasa_image_7.png,2.0,297,217.0,81.5
nasa_image_7.png,3.0,489,263.3333333333333,81.66666666666667
nasa_image_7.png,1.0,159,499.0,81.0
nasa_image_7.png,6.0,1029,507.5,82.33333333333333
nasa_image_7.png,3.0,526,1077.6666666666667,81.66666666666667
nasa_image_7.png,2.0,264,119.5,82.0
nasa_image_7.png,1.0,149,164.0,82.0
nasa_image_7.png,1.0,169,241.0,82.0
nasa_image_7.png,1.0,190,359.0,82.0
nasa_image_7.png,1.0,172,565.0,82.0
nasa_image_7.png,2.0,385,1034.0,82.5
nasa_image_7.png,9.0,1646,64.66666666666667,84.88888888888889
nasa_image_7.png,2.0,400,101.0,84.5
nasa_image_7.png,1.0,151,239.0,84.0
nasa_image_7.png,1.0,150,292.0,84.0
nasa_image_7.png,1.0,182,296.0,84.0
nasa_image_7.png,4.0,765,360.5,84.5
nasa_image_7.png,1.0,141,371.0,84.0
nasa_image_7.png,2.0,328,894.5,84.0
nasa_image_7.png,2.0,290,941.5,84.0
nasa_image_7.png,2.0,286,451.5,85.0
nasa_image_7.png,4.0,621,809.5,85.5
nasa_image_7.png,1.0,134,975.0,85.0
nasa_image_7.png,4.0,635,1055.5,85.5
nasa_image_7.png,1.0,133,1105.0,86.0
nasa_image_7.png,2.0,302,74.0,87.5
nasa_image_7.png,1.0,193,137.0,87.0
nasa_image_7.png,1.0,158,229.0,87.0
nasa_image_7.png,17.0,3132,254.35294117647058,89.0
nasa_image_7.png,1.0,129,271.0,87.0
nasa_image_7.png,3.0,513,556.6666666666666,87.66666666666667
nasa_image_7.png,1.0,139,673.0,87.0
nasa_image_7.png,1.0,136,1058.0,87.0
nasa_image_7.png,1.0,157,9.0,88.0
nasa_image_7.png,1.0,129,58.0,88.0
nasa_image_7.png,1.0,150,142.0,89.0
nasa_image_7.png,4.0,818,412.5,89.5
nasa_image_7.png,1.0,189,586.0,89.0
nasa_image_7.png,1.0,163,721.0,89.0
nasa_image_7.png,2.0,267,295.5,90.0
nasa_image_7.png,1.0,143,511.0,90.0
nasa_image_7.png,2.0,316,61.5,92.0
nasa_image_7.png,2.0,298,213.5,92.0
nasa_image_7.png,1.0,134,340.0,92.0
nasa_image_7.png,1.0,147,595.0,92.0
nasa_image_7.png,1.0,140,614.0,92.0
nasa_image_7.png,9.0,1742,648.1111111111111,93.33333333333333
nasa_image_7.png,1.0,150,469.0,93.0
nasa_image_7.png,1.0,169,165.0,94.0
nasa_image_7.png,1.0,165,731.0,94.0
nasa_image_7.png,1.0,129,152.0,95.0
nasa_image_7.png,5.0,902,491.8,95.4
nasa_image_7.png,1.0,191,827.0,96.0
nasa_image_7.png,4.0,683,851.5,96.5
nasa_image_7.png,1.0,146,1134.0,96.0
nasa_image_7.png,1.0,168,229.0,97.0
nasa_image_7.png,1.0,159,1169.0,97.0
nasa_image_7.png,1.0,130,300.0,98.0
nasa_image_7.png,1.0,137,401.0,98.0
nasa_image_7.png,1.0,129,539.0,98.0
nasa_image_7.png,8.0,1572,1125.875,98.875
nasa_image_7.png,1.0,140,1165.0,98.0
nasa_image_7.png,4.0,576,185.0,100.5
nasa_image_7.png,2.0,367,416.0,100.5
nasa_image_7.png,1.0,130,32.0,101.0
nasa_image_7.png,2.0,332,193.0,101.5
nasa_image_7.png,1.0,133,214.0,101.0
nasa_image_7.png,1.0,190,337.0,101.0
nasa_image_7.png,1.0,140,557.0,101.0
nasa_image_7.png,2.0,319,575.0,101.5
nasa_image_7.png,4.0,647,817.5,101.5
nasa_image_7.png,2.0,267,487.0,102.5
nasa_image_7.png,3.0,533,795.3333333333334,102.66666666666667
nasa_image_7.png,1.0,159,280.0,103.0
nasa_image_7.png,4.0,748,647.5,103.5
nasa_image_7.png,1.0,174,125.0,105.0
nasa_image_7.png,7.0,1231,219.0,105.71428571428571
nasa_image_7.png,1.0,160,330.0,105.0
nasa_image_7.png,1.0,169,989.0,105.0
nasa_image_7.png,4.0,724,838.5,106.5
nasa_image_7.png,2.0,333,545.0,107.5
nasa_image_7.png,1.0,144,62.0,108.0
nasa_image_7.png,2.0,290,193.5,108.0
nasa_image_7.png,1.0,132,687.0,108.0
nasa_image_7.png,13.0,2501,914.6153846153846,109.38461538461539
nasa_image_7.png,1.0,163,67.0,109.0
nasa_image_7.png,1.0,130,323.0,109.0
nasa_image_7.png,1.0,136,462.0,109.0
nasa_image_7.png,2.0,357,630.5,109.0
nasa_image_7.png,2.0,310,796.5,109.0
nasa_image_7.png,1.0,165,2.0,110.0
nasa_image_7.png,1.0,135,53.0,110.0
nasa_image_7.png,9.0,1574,341.0,111.0
nasa_image_7.png,1.0,152,350.0,110.0
nasa_image_7.png,7.0,1216,434.0,111.28571428571429
nasa_image_7.png,7.0,1150,843.5714285714286,111.14285714285714
nasa_image_7.png,2.0,333,1138.5,110.0
nasa_image_7.png,2.0,266,299.0,111.5
nasa_image_7.png,2.0,349,803.5,111.0
nasa_image_7.png,1.0,137,983.0,111.0
nasa_image_7.png,45.0,7908,1051.8222222222223,115.13333333333334
nasa_image_7.png,2.0,294,603.0,112.5
nasa_image_7.png,2.0,312,645.5,112.0
nasa_image_7.png,12.0,2210,712.6666666666666,114.33333333333333
nasa_image_7.png,4.0,749,50.5,113.5
nasa_image_7.png,1.0,133,588.0,113.0
nasa_image_7.png,1.0,171,721.0,113.0
nasa_image_7.png,1.0,171,755.0,113.0
nasa_image_7.png,1.0,179,932.0,113.0
nasa_image_7.png,4.0,733,937.5,113.5
nasa_image_7.png,2.0,397,33.0,114.5
nasa_image_7.png,3.0,570,89.33333333333333,114.33333333333333
nasa_image_7.png,1.0,153,650.0,114.0
nasa_image_7.png,4.0,653,814.5,114.5
nasa_image_7.png,4.0,651,407.5,115.5
nasa_image_7.png,2.0,298,841.5,115.0
nasa_image_7.png,1.0,164,902.0,115.0
nasa_image_7.png,2.0,321,395.5,116.0
nasa_image_7.png,2.0,351,580.5,116.0
nasa_image_7.png,2.0,344,518.5,117.0
nasa_image_7.png,1.0,141,89.0,118.0
nasa_image_7.png,3.0,534,330.6666666666667,118.66666666666667
nasa_image_7.png,2.0,309,352.5,118.0
nasa_image_7.png,7.0,1196,859.2857142857143,119.0
nasa_image_7.png,1.0,131,1174.0,118.0
nasa_image_7.png,3.0,518,104.0,119.0
nasa_image_7.png,6.0,1025,5.0,120.5
nasa_image_7.png,1.0,166,335.0,120.0
nasa_image_7.png,1.0,154,478.0,120.0
nasa_image_7.png,4.0,583,520.5,121.5
nasa_image_7.png,7.0,1194,305.0,123.71428571428571
nasa_image_7.png,1.0,164,378.0,122.0
nasa_image_7.png,1.0,143,458.0,122.0
nasa_image_7.png,1.0,139,1187.0,122.0
nasa_image_7.png,1.0,136,355.0,123.0
nasa_image_7.png,7.0,1067,513.2857142857143,124.57142857142857
nasa_image_7.png,2.0,284,213.5,124.0
nasa_image_7.png,1.0,144,239.0,124.0
nasa_image_7.png,1.0,132,579.0,124.0
nasa_image_7.png,1.0,157,702.0,124.0
nasa_image_7.png,1.0,133,825.0,124.0
nasa_image_7.png,2.0,370,1126.5,124.0
nasa_image_7.png,1.0,152,1172.0,124.0
nasa_image_7.png,4.0,714,112.5,126.5
nasa_image_7.png,1.0,175,251.0,127.0
nasa_image_7.png,6.0,1081,279.8333333333333,128.16666666666666
nasa_image_7.png,1.0,133,824.0,127.0
nasa_image_7.png,2.0,306,1063.0,127.5
nasa_image_7.png,2.0,338,1148.0,127.5
nasa_image_7.png,4.0,647,275.75,129.25
nasa_image_7.png,4.0,658,635.5,128.5
nasa_image_7.png,32.0,5736,831.9375,130.875
nasa_image_7.png,1.0,135,991.0,128.0
nasa_image_7.png,2.0,311,727.0,130.5
nasa_image_7.png,2.0,329,1151.5,130.0
nasa_image_7.png,11.0,2011,1065.6363636363637,132.0909090909091
nasa_image_7.png,1.0,134,476.0,132.0
nasa_image_7.png,7.0,1235,721.0,134.28571428571428
nasa_image_7.png,2.0,373,399.0,134.5
nasa_image_7.png,1.0,162,660.0,135.0
nasa_image_7.png,4.0,696,971.5,135.5
nasa_image_7.png,1.0,148,1157.0,135.0
nasa_image_7.png,4.0,689,73.25,137.0
nasa_image_7.png,2.0,275,296.5,136.0
nasa_image_7.png,1.0,142,824.0,136.0
nasa_image_7.png,6.0,909,965.1666666666666,138.0
nasa_image_7.png,3.0,450,273.3333333333333,137.33333333333334
nasa_image_7.png,3.0,556,607.3333333333334,137.66666666666666
nasa_image_7.png,4.0,690,932.5,137.5
nasa_image_7.png,1.0,139,1094.0,137.0
nasa_image_7.png,25.0,4613,1102.4,138.96
nasa_image_7.png,1.0,153,81.0,138.0
nasa_image_7.png,13.0,2410,743.2307692307693,139.23076923076923
nasa_image_7.png,1.0,137,1148.0,138.0
nasa_image_7.png,3.0,494,143.66666666666666,139.66666666666666
nasa_image_7.png,1.0,135,216.0,139.0
nasa_image_7.png,1.0,134,447.0,140.0
nasa_image_7.png,1.0,132,961.0,140.0
nasa_image_7.png,1.0,134,991.0,140.0
nasa_image_7.png,1.0,190,1134.0,140.0
nasa_image_7.png,1.0,130,88.0,141.0
nasa_image_7.png,1.0,147,678.0,141.0
nasa_image_7.png,1.0,134,826.0,142.0
nasa_image_7.png,1.0,131,1193.0,142.0
nasa_image_7.png,2.0,343,67.0,143.5
nasa_image_7.png,1.0,136,611.0,143.0
nasa_image_7.png,4.0,694,700.5,143.5
nasa_image_7.png,4.0,700,961.5,143.5
nasa_image_7.png,1.0,131,644.0,144.0
nasa_image_7.png,2.0,289,238.5,145.0
nasa_image_7.png,1.0,205,121.0,146.0
nasa_image_7.png,2.0,351,987.0,147.5
nasa_image_7.png,1.0,149,292.0,149.0
nasa_image_7.png,1.0,209,91.0,150.0
nasa_image_7.png,1.0,229,273.0,150.0
nasa_image_7.png,3.0,541,331.6666666666667,150.66666666666666
nasa_image_7.png,1.0,141,434.0,150.0
nasa_image_7.png,1.0,171,771.0,150.0
nasa_image_7.png,2.0,367,1086.0,150.5
nasa_image_7.png,1.0,132,365.0,151.0
nasa_image_7.png,4.0,699,522.5,151.5
nasa_image_7.png,2.0,269,852.5,151.0
nasa_image_7.png,1.0,168,10.0,152.0
nasa_image_7.png,2.0,344,1095.0,152.5
nasa_image_7.png,16.0,3014,44.5,154.5
nasa_image_7.png,1.0,133,192.0,153.0
nasa_image_7.png,2.0,361,439.0,154.5
nasa_image_7.png,2.0,287,73.5,155.0
nasa_image_7.png,4.0,879,404.5,155.5
nasa_image_7.png,2.0,387,94.5,156.0
nasa_image_7.png,13.0,2348,123.61538461538461,157.3846153846154
nasa_image_7.png,2.0,320,901.5,156.0
nasa_image_7.png,1.0,142,40.0,157.0
nasa_image_7.png,1.0,165,81.0,157.0
nasa_image_7.png,1.0,132,385.0,157.0
nasa_image_7.png,3.0,508,568.3333333333334,157.33333333333334
nasa_image_7.png,1.0,143,306.0,158.0
nasa_image_7.png,4.0,706,340.5,158.5
nasa_image_7.png,4.0,720,577.25,159.0
nasa_image_7.png,4.0,564,843.5,159.5
nasa_image_7.png,1.0,137,999.0,158.0
nasa_image_7.png,3.0,481,53.666666666666664,159.33333333333334
nasa_image_7.png,1.0,200,236.0,159.0
nasa_image_7.png,1.0,185,358.0,159.0
nasa_image_7.png,2.0,275,528.5,159.0
nasa_image_7.png,1.0,133,701.0,159.0
nasa_image_7.png,1.0,138,303.0,160.0
nasa_image_7.png,1.0,149,804.0,160.0
nasa_image_7.png,1.0,164,932.0,160.0
nasa_image_7.png,4.0,567,542.5,161.5
nasa_image_7.png,1.0,141,1095.0,161.0
nasa_image_7.png,2.0,305,17.0,162.5
nasa_image_7.png,1.0,149,734.0,162.0
nasa_image_7.png,4.0,700,487.5,163.5
nasa_image_7.png,1.0,163,966.0,163.0
nasa_image_7.png,4.0,692,99.5,164.5
nasa_image_7.png,2.0,357,244.5,164.0
nasa_image_7.png,1.0,130,309.0,164.0
nasa_image_7.png,3.0,468,897.6666666666666,164.33333333333334
nasa_image_7.png,1.0,164,1040.0,164.0
nasa_image_7.png,1.0,129,342.0,165.0
nasa_image_7.png,1.0,133,792.0,165.0
nasa_image_7.png,1.0,131,968.0,165.0
nasa_image_7.png,1.0,159,298.0,166.0
nasa_image_7.png,1.0,211,882.0,166.0
nasa_image_7.png,2.0,278,1077.0,166.5
nasa_image_7.png,2.0,290,382.5,168.0
nasa_image_7.png,4.0,623,403.5,168.5
nasa_image_7.png,1.0,158,547.0,168.0
nasa_image_7.png,2.0,316,217.5,169.0
nasa_image_7.png,1.0,155,332.0,169.0
nasa_image_7.png,1.0,132,344.0,169.0
nasa_image_7.png,11.0,1963,376.54545454545456,170.36363636363637
nasa_image_7.png,2.0,259,621.0,169.5
nasa_image_7.png,8.0,1412,693.875,169.875
nasa_image_7.png,17.0,3129,769.5882352941177,172.11764705882354
nasa_image_7.png,1.0,162,995.0,170.0
nasa_image_7.png,1.0,136,396.0,171.0
nasa_image_7.png,2.0,337,1074.5,171.0
nasa_image_7.png,2.0,338,58.5,172.0
nasa_image_7.png,3.0,539,1014.3333333333334,172.33333333333334
nasa_image_7.png,1.0,129,179.0,173.0
nasa_image_7.png,1.0,187,270.0,173.0
nasa_image_7.png,1.0,191,310.0,173.0
nasa_image_7.png,4.0,788,434.5,173.5
nasa_image_7.png,5.0,828,449.8,173.4
nasa_image_7.png,2.0,286,760.5,173.0
nasa_image_7.png,3.0,495,7.333333333333333,174.66666666666666
nasa_image_7.png,12.0,2249,1070.6666666666667,175.25
nasa_image_7.png,16.0,2978,67.0,176.5
nasa_image_7.png,4.0,682,1140.25,176.0
nasa_image_7.png,1.0,152,164.0,176.0
nasa_image_7.png,2.0,362,550.5,176.0
nasa_image_7.png,2.0,267,624.5,176.0
nasa_image_7.png,2.0,386,642.0,176.5
nasa_image_7.png,1.0,155,881.0,176.0
nasa_image_7.png,1.0,140,177.0,177.0
nasa_image_7.png,6.0,1014,354.1666666666667,178.16666666666666
nasa_image_7.png,2.0,307,971.5,177.0
nasa_image_7.png,2.0,357,243.0,178.5
nasa_image_7.png,3.0,524,444.6666666666667,178.66666666666666
nasa_image_7.png,3.0,553,1041.3333333333333,178.33333333333334
nasa_image_7.png,2.0,282,209.5,179.0
nasa_image_7.png,2.0,314,275.0,179.5
nasa_image_7.png,2.0,332,307.5,179.0
nasa_image_7.png,1.0,135,382.0,179.0
nasa_image_7.png,1.0,132,438.0,179.0
nasa_image_7.png,2.0,336,102.0,180.5
nasa_image_7.png,1.0,147,357.0,180.0
nasa_image_7.png,1.0,129,740.0,180.0
nasa_image_7.png,1.0,135,7.0,181.0
nasa_image_7.png,1.0,135,283.0,181.0
nasa_image_7.png,1.0,138,999.0,181.0
nasa_image_7.png,1.0,142,1093.0,181.0
nasa_image_7.png,1.0,158,99.0,182.0
nasa_image_7.png,4.0,775,189.5,182.5
nasa_image_7.png,1.0,178,850.0,182.0
nasa_image_7.png,1.0,157,1029.0,183.0
nasa_image_7.png,3.0,499,1139.6666666666667,183.66666666666666
nasa_image_7.png,1.0,157,1168.0,183.0
nasa_image_7.png,4.0,617,686.5,184.5
nasa_image_7.png,12.0,2164,963.5,185.5
nasa_image_7.png,2.0,388,99.0,185.5
nasa_image_7.png,2.0,268,162.5,185.5
nasa_image_7.png,1.0,139,462.0,185.0
nasa_image_7.png,1.0,194,730.0,186.0
nasa_image_7.png,3.0,439,753.3333333333334,186.33333333333334
nasa_image_7.png,4.0,743,1145.5,186.5
nasa_image_7.png,1.0,146,91.0,187.0
nasa_image_7.png,1.0,156,503.0,187.0
nasa_image_7.png,4.0,635,863.5,187.5
nasa_image_7.png,1.0,156,1031.0,187.0
nasa_image_7.png,2.0,303,161.0,188.5
nasa_image_7.png,1.0,154,303.0,188.0
nasa_image_7.png,2.0,289,766.0,188.5
nasa_image_7.png,1.0,142,104.0,189.0
nasa_image_7.png,2.0,327,417.5,189.0
nasa_image_7.png,1.0,154,425.0,189.0
nasa_image_7.png,4.0,689,62.5,191.0
nasa_image_7.png,1.0,175,230.0,190.0
nasa_image_7.png,2.0,383,1120.5,190.0
nasa_image_7.png,2.0,342,139.0,191.5
nasa_image_7.png,1.0,136,938.0,192.0
nasa_image_7.png,6.0,1014,58.833333333333336,193.83333333333334
nasa_image_7.png,2.0,321,131.0,193.5
nasa_image_7.png,4.0,755,246.5,193.5
nasa_image_7.png,1.0,155,846.0,193.0
nasa_image_7.png,2.0,300,878.0,193.5
nasa_image_7.png,4.0,648,306.5,194.5
nasa_image_7.png,5.0,877,472.0,195.0
nasa_image_7.png,1.0,160,842.0,194.0
nasa_image_7.png,1.0,158,1092.0,194.0
nasa_image_7.png,1.0,171,1111.0,195.0
nasa_image_7.png,2.0,292,991.0,197.5
nasa_image_7.png,1.0,136,1100.0,197.0
nasa_image_7.png,3.0,497,1186.6666666666667,197.33333333333334
nasa_image_7.png,1.0,150,63.0,198.0
nasa_image_7.png,17.0,3199,202.35294117647058,199.52941176470588
nasa_image_7.png,1.0,135,589.0,198.0
nasa_image_7.png,1.0,157,688.0,199.0
nasa_image_7.png,1.0,158,188.0,200.0
nasa_image_7.png,1.0,180,876.0,200.0
nasa_image_7.png,2.0,339,540.5,201.0
nasa_image_7.png,2.0,293,592.5,201.0
nasa_image_7.png,1.0,153,748.0,201.0
nasa_image_7.png,2.0,283,866.5,201.0
nasa_image_7.png,1.0,183,16.0,202.0
nasa_image_7.png,1.0,186,98.0,203.0
nasa_image_7.png,2.0,269,196.5,203.0
nasa_image_7.png,1.0,129,848.0,203.0
nasa_image_7.png,2.0,402,63.5,204.0
nasa_image_7.png,2.0,280,759.5,204.0
nasa_image_7.png,1.0,176,798.0,204.0
nasa_image_7.png,1.0,147,66.0,205.0
nasa_image_7.png,2.0,334,124.0,205.5
nasa_image_7.png,1.0,155,1029.0,205.0
nasa_image_7.png,1.0,150,1111.0,205.0
nasa_image_7.png,1.0,134,1.0,206.0
nasa_image_7.png,4.0,717,208.5,206.5
nasa_image_7.png,4.0,609,293.75,206.25
nasa_image_7.png,4.0,689,332.5,206.5
nasa_image_7.png,4.0,723,379.5,206.5
nasa_image_7.png,1.0,212,397.0,206.0
nasa_image_7.png,2.0,317,583.0,206.5
nasa_image_7.png,1.0,207,677.0,206.0
nasa_image_7.png,4.0,670,739.5,206.5
nasa_image_7.png,2.0,374,24.5,207.0
nasa_image_7.png,2.0,287,98.0,207.5
nasa_image_7.png,2.0,330,957.0,207.5
nasa_image_7.png,1.0,163,80.0,208.0
nasa_image_7.png,1.0,156,300.0,208.0
nasa_image_7.png,1.0,133,1165.0,209.0
nasa_image_7.png,2.0,325,1147.0,210.5
nasa_image_7.png,1.0,146,971.0,211.0
nasa_image_7.png,2.0,315,98.5,212.0
nasa_image_7.png,20.0,3603,152.85,215.1
nasa_image_7.png,1.0,145,247.0,212.0
nasa_image_7.png,2.0,322,317.5,212.0
nasa_image_7.png,4.0,699,473.25,213.0
nasa_image_7.png,6.0,1052,1151.5,212.33333333333334
nasa_image_7.png,2.0,378,207.5,213.0
nasa_image_7.png,3.0,444,320.6666666666667,213.33333333333334
nasa_image_7.png,2.0,298,660.5,213.5
nasa_image_7.png,1.0,154,715.0,213.0
nasa_image_7.png,1.0,149,735.0,213.0
nasa_image_7.png,1.0,174,967.0,213.0
nasa_image_7.png,1.0,199,175.0,215.0
nasa_image_7.png,1.0,144,247.0,216.0
nasa_image_7.png,1.0,153,356.0,216.0
nasa_image_7.png,1.0,129,583.0,216.0
nasa_image_7.png,2.0,321,720.0,217.5
nasa_image_7.png,2.0,339,829.5,217.0
nasa_image_7.png,3.0,469,373.3333333333333,218.66666666666666
nasa_image_7.png,1.0,176,408.0,218.0
nasa_image_7.png,2.0,360,690.0,218.5
nasa_image_7.png,2.0,377,480.5,220.0
nasa_image_7.png,10.0,1727,672.3,221.3
nasa_image_7.png,3.0,509,994.3333333333334,220.33333333333334
nasa_image_7.png,3.0,459,1052.3333333333333,220.66666666666666
nasa_image_7.png,1.0,145,283.0,221.0
nasa_image_7.png,8.0,1499,545.125,222.125
nasa_image_7.png,1.0,140,552.0,221.0
nasa_image_7.png,3.0,466,1037.6666666666667,221.66666666666666
nasa_image_7.png,4.0,738,151.5,222.5
nasa_image_7.png,1.0,176,303.0,222.0
nasa_image_7.png,2.0,337,284.5,223.0
nasa_image_7.png,1.0,148,900.0,223.0
nasa_image_7.png,2.0,271,50.5,224.0
nasa_image_7.png,1.0,158,374.0,224.0
nasa_image_7.png,1.0,146,662.0,224.0
nasa_image_7.png,1.0,138,860.0,224.0
nasa_image_7.png,4.0,693,275.5,225.5
nasa_image_7.png,2.0,340,308.0,225.5
nasa_image_7.png,2.0,308,433.5,225.0
nasa_image_7.png,1.0,167,592.0,225.0
nasa_image_7.png,1.0,134,1058.0,225.0
nasa_image_7.png,1.0,134,168.0,226.0
nasa_image_7.png,1.0,149,354.0,226.0
nasa_image_7.png,7.0,1237,408.7142857142857,227.0
nasa_image_7.png,2.0,319,498.0,226.5
nasa_image_7.png,5.0,920,634.8,226.6
nasa_image_7.png,1.0,141,981.0,226.0
nasa_image_7.png,1.0,155,75.0,228.0
nasa_image_7.png,1.0,195,1156.0,228.0
nasa_image_7.png,1.0,135,138.0,229.0
nasa_image_7.png,1.0,143,748.0,229.0
nasa_image_7.png,3.0,503,244.33333333333334,230.33333333333334
nasa_image_7.png,6.0,1099,312.6666666666667,230.66666666666666
nasa_image_7.png,2.0,324,1005.0,230.5
nasa_image_7.png,1.0,131,99.0,231.0
nasa_image_7.png,1.0,131,1157.0,231.0
nasa_image_7.png,2.0,312,1173.5,231.0
nasa_image_7.png,4.0,699,323.5,233.5
nasa_image_7.png,17.0,2935,327.4117647058824,234.88235294117646
nasa_image_7.png,7.0,1287,348.0,234.28571428571428
nasa_image_7.png,1.0,135,337.0,234.0
nasa_image_7.png,3.0,532,519.6666666666666,234.33333333333334
nasa_image_7.png,2.0,336,544.0,234.5
nasa_image_7.png,5.0,787,431.2,235.6
nasa_image_7.png,1.0,163,548.0,235.0
nasa_image_7.png,1.0,132,693.0,235.0
nasa_image_7.png,1.0,181,1112.0,235.0
nasa_image_7.png,1.0,147,1120.0,235.0
nasa_image_7.png,8.0,1515,285.875,236.875
nasa_image_7.png,2.0,338,516.0,237.5
nasa_image_7.png,4.0,620,582.5,237.5
nasa_image_7.png,9.0,1715,599.0,238.0
nasa_image_7.png,1.0,131,982.0,237.0
nasa_image_7.png,24.0,4381,985.5,239.5
nasa_image_7.png,2.0,308,1028.0,237.5
nasa_image_7.png,2.0,310,169.0,238.5
nasa_image_7.png,2.0,346,56.5,239.0
nasa_image_7.png,1.0,137,194.0,239.0
nasa_image_7.png,1.0,135,562.0,239.0
nasa_image_7.png,1.0,139,851.0,239.0
nasa_image_7.png,1.0,151,124.0,240.0
nasa_image_7.png,4.0,664,585.5,240.5
nasa_image_7.png,1.0,145,847.0,240.0
nasa_image_7.png,1.0,149,1173.0,240.0
nasa_image_7.png,8.0,1406,9.125,242.125
nasa_image_7.png,2.0,340,36.0,241.5
nasa_image_7.png,2.0,289,529.5,241.0
nasa_image_7.png,2.0,305,1028.5,241.0
nasa_image_7.png,3.0,515,23.0,242.0
nasa_image_7.png,1.0,130,225.0,242.0
nasa_image_7.png,4.0,678,153.5,243.5
nasa_image_7.png,1.0,132,911.0,243.0
nasa_image_7.png,1.0,146,923.0,243.0
nasa_image_7.png,1.0,129,943.0,243.0
nasa_image_7.png,1.0,133,1059.0,243.0
nasa_image_7.png,2.0,363,12.5,244.0
nasa_image_7.png,1.0,152,307.0,244.0
nasa_image_7.png,5.0,794,332.0,245.0
nasa_image_7.png,1.0,154,823.0,245.0
nasa_image_7.png,2.0,350,986.0,246.5
nasa_image_7.png,3.0,528,575.3333333333334,247.66666666666666
nasa_image_7.png,1.0,136,835.0,247.0
nasa_image_7.png,1.0,167,321.0,248.0
nasa_image_7.png,4.0,822,511.5,248.5
nasa_image_7.png,1.0,149,652.0,248.0
nasa_image_7.png,5.0,807,329.4,249.8
nasa_image_7.png,3.0,437,518.3333333333334,249.66666666666666
nasa_image_7.png,9.0,1629,488.6666666666667,252.11111111111111
nasa_image_7.png,5.0,853,843.6,252.2
nasa_image_7.png,1.0,142,1107.0,251.0
nasa_image_7.png,2.0,337,359.0,252.5
nasa_image_7.png,5.0,901,657.6,253.2
nasa_image_7.png,1.0,213,676.0,252.0
nasa_image_7.png,2.0,270,853.0,252.5
nasa_image_7.png,3.0,475,924.6666666666666,252.66666666666666
nasa_image_7.png,1.0,141,997.0,252.0
nasa_image_7.png,1.0,203,928.0,253.0
nasa_image_7.png,2.0,305,1038.5,253.0
nasa_image_7.png,1.0,175,1167.0,253.0
nasa_image_7.png,1.0,151,5.0,254.0
nasa_image_7.png,3.0,514,551.6666666666666,254.33333333333334
nasa_image_7.png,1.0,140,574.0,254.0
nasa_image_7.png,1.0,142,1087.0,254.0
nasa_image_7.png,2.0,356,465.5,255.0
nasa_image_7.png,3.0,487,1152.0,255.0
nasa_image_7.png,2.0,299,194.0,256.5
nasa_image_7.png,1.0,152,48.0,257.0
nasa_image_7.png,1.0,199,137.0,257.0
nasa_image_7.png,4.0,648,228.5,257.5
nasa_image_7.png,1.0,159,333.0,257.0
nasa_image_7.png,6.0,1007,552.1666666666666,258.8333333333333
nasa_image_7.png,3.0,553,993.3333333333334,258.6666666666667
nasa_image_7.png,2.0,284,1174.5,258.0
nasa_image_7.png,1.0,149,295.0,259.0
nasa_image_7.png,2.0,290,627.0,259.5
nasa_image_7.png,8.0,1410,338.875,262.125
nasa_image_7.png,2.0,283,630.0,261.5
nasa_image_7.png,27.0,4877,468.6666666666667,264.0740740740741
nasa_image_7.png,1.0,145,851.0,262.0
nasa_image_7.png,1.0,131,460.0,263.0
nasa_image_7.png,1.0,169,56.0,264.0
nasa_image_7.png,3.0,506,270.6666666666667,264.6666666666667
nasa_image_7.png,1.0,136,696.0,264.0
nasa_image_7.png,1.0,130,1115.0,264.0
nasa_image_7.png,1.0,184,180.0,265.0
nasa_image_7.png,3.0,485,609.3333333333334,265.3333333333333
nasa_image_7.png,1.0,134,707.0,265.0
nasa_image_7.png,1.0,137,927.0,265.0
nasa_image_7.png,1.0,137,1025.0,265.0
nasa_image_7.png,15.0,2789,217.13333333333333,267.53333333333336
nasa_image_7.png,1.0,145,304.0,266.0
nasa_image_7.png,4.0,663,318.5,266.5
nasa_image_7.png,1.0,148,641.0,266.0
nasa_image_7.png,3.0,436,709.3333333333334,266.6666666666667
nasa_image_7.png,1.0,136,985.0,266.0
nasa_image_7.png,4.0,649,536.5,267.5
nasa_image_7.png,4.0,684,588.5,267.5
nasa_image_7.png,2.0,397,909.0,267.5
nasa_image_7.png,1.0,134,1080.0,267.0
nasa_image_7.png,1.0,141,1093.0,267.0
nasa_image_7.png,2.0,280,1098.0,267.5
nasa_image_7.png,2.0,278,95.5,268.0
nasa_image_7.png,1.0,141,135.0,268.0
nasa_image_7.png,2.0,280,624.5,268.0
nasa_image_7.png,2.0,324,721.0,268.5
nasa_image_7.png,4.0,624,1037.5,268.5
nasa_image_7.png,5.0,823,1132.6,269.2
nasa_image_7.png,1.0,140,85.0,269.0
nasa_image_7.png,4.0,603,189.5,269.5
nasa_image_7.png,4.0,621,895.5,269.5
nasa_image_7.png,1.0,195,130.0,270.0
nasa_image_7.png,1.0,150,160.0,270.0
nasa_image_7.png,5.0,832,1129.0,271.6
nasa_image_7.png,1.0,149,318.0,271.0
nasa_image_7.png,1.0,155,329.0,271.0
nasa_image_7.png,4.0,745,931.5,271.5
nasa_image_7.png,6.0,927,1081.0,273.8333333333333
nasa_image_7.png,2.0,289,1174.5,273.0
nasa_image_7.png,1.0,185,299.0,274.0
nasa_image_7.png,2.0,339,446.0,274.5
nasa_image_7.png,1.0,142,689.0,274.0
nasa_image_7.png,2.0,279,892.5,274.0
nasa_image_7.png,1.0,143,926.0,274.0
nasa_image_7.png,3.0,430,1044.3333333333333,274.6666666666667
nasa_image_7.png,2.0,333,1049.5,274.0
nasa_image_7.png,2.0,305,634.5,275.0
nasa_image_7.png,1.0,136,1130.0,275.0
nasa_image_7.png,2.0,316,89.0,276.5
nasa_image_7.png,6.0,994,159.0,276.5
nasa_image_7.png,4.0,667,954.5,276.5
nasa_image_7.png,2.0,316,972.0,276.5
nasa_image_7.png,7.0,1317,977.1428571428571,277.2857142857143
nasa_image_7.png,2.0,317,419.5,277.0
nasa_image_7.png,1.0,150,670.0,277.0
nasa_image_7.png,2.0,312,733.5,278.0
nasa_image_7.png,1.0,180,923.0,278.0
nasa_image_7.png,1.0,192,566.0,279.0
nasa_image_7.png,2.0,381,990.5,279.0
nasa_image_7.png,1.0,133,315.0,280.0
nasa_image_7.png,1.0,154,361.0,280.0
nasa_image_7.png,2.0,376,45.0,281.5
nasa_image_7.png,2.0,384,245.0,281.5
nasa_image_7.png,2.0,295,568.5,281.0
nasa_image_7.png,1.0,159,96.0,282.0
nasa_image_7.png,6.0,998,129.16666666666666,283.1666666666667
nasa_image_7.png,3.0,488,740.6666666666666,282.6666666666667
nasa_image_7.png,1.0,173,555.0,283.0
nasa_image_7.png,2.0,298,933.5,283.0
nasa_image_7.png,1.0,133,387.0,284.0
nasa_image_7.png,1.0,164,813.0,284.0
nasa_image_7.png,3.0,512,922.6666666666666,284.3333333333333
nasa_image_7.png,1.0,129,1106.0,284.0
nasa_image_7.png,3.0,510,303.3333333333333,286.6666666666667
nasa_image_7.png,3.0,507,486.3333333333333,286.6666666666667
nasa_image_7.png,1.0,151,794.0,286.0
nasa_image_7.png,12.0,2162,875.0,287.5
nasa_image_7.png,1.0,146,71.0,287.0
nasa_image_7.png,4.0,604,492.5,287.5
nasa_image_7.png,6.0,1106,755.8333333333334,287.8333333333333
nasa_image_7.png,1.0,158,805.0,287.0
nasa_image_7.png,5.0,979,824.2,288.2
nasa_image_7.png,1.0,157,1108.0,287.0
nasa_image_7.png,1.0,169,131.0,288.0
nasa_image_7.png,1.0,162,352.0,288.0
nasa_image_7.png,1.0,133,447.0,288.0
nasa_image_7.png,2.0,304,849.5,288.0
nasa_image_7.png,3.0,487,1083.6666666666667,288.6666666666667
nasa_image_7.png,2.0,287,144.5,289.0
nasa_image_7.png,1.0,173,167.0,289.0
nasa_image_7.png,1.0,154,917.0,289.0
nasa_image_7.png,1.0,168,443.0,290.0
nasa_image_7.png,2.0,342,525.0,290.5
nasa_image_7.png,1.0,173,1138.0,290.0
nasa_image_7.png,1.0,185,71.0,291.0
nasa_image_7.png,5.0,729,364.2,292.2
nasa_image_7.png,1.0,196,705.0,291.0
nasa_image_7.png,2.0,297,802.0,291.5
nasa_image_7.png,1.0,179,43.0,292.0
nasa_image_7.png,1.0,131,175.0,292.0
nasa_image_7.png,1.0,156,290.0,292.0
nasa_image_7.png,1.0,165,457.0,292.0
nasa_image_7.png,10.0,1820,537.8,293.5
nasa_image_7.png,9.0,1733,724.0,293.0
nasa_image_7.png,1.0,185,977.0,292.0
nasa_image_7.png,2.0,328,1128.5,292.0
nasa_image_7.png,2.0,324,398.5,293.0
nasa_image_7.png,1.0,133,429.0,293.0
nasa_image_7.png,1.0,145,473.0,293.0
nasa_image_7.png,4.0,646,875.5,293.5
nasa_image_7.png,1.0,132,973.0,293.0
nasa_image_7.png,1.0,144,614.0,294.0
nasa_image_7.png,1.0,160,393.0,295.0
nasa_image_7.png,2.0,346,1037.0,295.5
nasa_image_7.png,6.0,1057,323.5,297.0
nasa_image_7.png,1.0,167,554.0,296.0
nasa_image_7.png,2.0,285,934.0,296.5
nasa_image_7.png,2.0,399,1013.0,296.5
nasa_image_7.png,1.0,175,173.0,297.0
nasa_image_7.png,1.0,137,234.0,297.0
nasa_image_7.png,1.0,151,647.0,297.0
nasa_image_7.png,2.0,363,698.0,297.5
nasa_image_7.png,12.0,2070,734.5,298.5
nasa_image_7.png,1.0,152,155.0,298.0
nasa_image_7.png,1.0,144,500.0,298.0
nasa_image_7.png,1.0,130,544.0,299.0
nasa_image_7.png,1.0,143,880.0,299.0
nasa_image_7.png,8.0,1414,939.5,300.0
nasa_image_7.png,12.0,2234,1006.5833333333334,301.25
nasa_image_7.png,12.0,2136,8.5,302.5
nasa_image_7.png,2.0,357,189.5,301.0
nasa_image_7.png,5.0,743,364.4,302.2
nasa_image_7.png,1.0,147,549.0,301.0
nasa_image_7.png,1.0,149,238.0,302.0
nasa_image_7.png,4.0,656,337.5,302.5
nasa_image_7.png,6.0,1093,580.1666666666666,302.8333333333333
nasa_image_7.png,1.0,153,804.0,302.0
nasa_image_7.png,4.0,712,263.5,303.5
nasa_image_7.png,2.0,317,333.5,303.0
nasa_image_7.png,3.0,533,717.6666666666666,303.6666666666667
nasa_image_7.png,1.0,133,919.0,303.0
nasa_image_7.png,1.0,186,1160.0,303.0
nasa_image_7.png,1.0,139,567.0,304.0
nasa_image_7.png,1.0,190,671.0,304.0
nasa_image_7.png,1.0,193,1117.0,304.0
nasa_image_7.png,7.0,1133,338.0,306.2857142857143
nasa_image_7.png,2.0,322,363.5,305.0
nasa_image_7.png,1.0,148,572.0,305.0
nasa_image_7.png,1.0,132,366.0,306.0
nasa_image_7.png,2.0,364,78.0,307.5
nasa_image_7.png,8.0,1251,370.125,307.875
nasa_image_7.png,1.0,135,842.0,307.0
nasa_image_7.png,2.0,319,1173.0,307.5
nasa_image_7.png,6.0,1063,312.0,308.5
nasa_image_7.png,3.0,490,402.6666666666667,308.6666666666667
nasa_image_7.png,1.0,149,575.0,308.0
nasa_image_7.png,1.0,207,645.0,308.0
nasa_image_7.png,1.0,143,851.0,308.0
nasa_image_7.png,1.0,162,260.0,309.0
nasa_image_7.png,1.0,135,363.0,309.0
nasa_image_7.png,2.0,281,463.5,309.0
nasa_image_7.png,13.0,2308,614.3846153846154,310.61538461538464
nasa_image_7.png,1.0,155,214.0,310.0
nasa_image_7.png,6.0,1073,244.0,310.5
nasa_image_7.png,7.0,1222,251.0,310.7142857142857
nasa_image_7.png,1.0,129,867.0,310.0
nasa_image_7.png,1.0,129,995.0,310.0
nasa_image_7.png,4.0,571,365.5,311.5
nasa_image_7.png,2.0,284,375.5,311.0
nasa_image_7.png,2.0,331,959.5,311.0
nasa_image_7.png,2.0,379,96.0,312.5
nasa_image_7.png,4.0,695,21.5,313.5
nasa_image_7.png,2.0,345,41.0,313.5
nasa_image_7.png,988.0,158230,381.2257085020243,335.14473684210526
nasa_image_7.png,1.0,136,887.0,313.0
nasa_image_7.png,1.0,160,119.0,314.0
nasa_image_7.png,1.0,129,150.0,314.0
nasa_image_7.png,2.0,290,175.0,314.5
nasa_image_7.png,2.0,263,378.5,314.0
nasa_image_7.png,1.0,151,632.0,314.0
nasa_image_7.png,4.0,727,96.0,315.75
nasa_image_7.png,1.0,181,159.0,315.0
nasa_image_7.png,2.0,305,357.5,315.0
nasa_image_7.png,1.0,156,762.0,315.0
nasa_image_7.png,4.0,675,1018.5,316.5
nasa_image_7.png,1.0,129,699.0,317.0
nasa_image_7.png,2.0,311,731.5,317.0
nasa_image_7.png,1.0,147,756.0,317.0
nasa_image_7.png,1.0,139,920.0,318.0
nasa_image_7.png,1.0,158,958.0,318.0
nasa_image_7.png,1.0,201,273.0,319.0
nasa_image_7.png,3.0,441,694.6666666666666,319.6666666666667
nasa_image_7.png,2.0,293,996.0,319.5
nasa_image_7.png,1.0,166,1110.0,319.0
nasa_image_7.png,2.0,301,1179.0,319.5
nasa_image_7.png,2.0,270,415.5,320.0
nasa_image_7.png,6.0,1024,726.8333333333334,320.8333333333333
nasa_image_7.png,1.0,175,239.0,322.0
nasa_image_7.png,1.0,137,1175.0,322.0
nasa_image_7.png,1.0,209,792.0,323.0
nasa_image_7.png,1.0,136,194.0,325.0
nasa_image_7.png,4.0,756,270.5,326.5
nasa_image_7.png,1.0,130,282.0,326.0
nasa_image_7.png,1.0,136,602.0,326.0
nasa_image_7.png,1.0,150,989.0,326.0
nasa_image_7.png,1.0,137,1092.0,326.0
nasa_image_7.png,1.0,164,1179.0,326.0
nasa_image_7.png,4.0,700,867.5,327.5
nasa_image_7.png,1.0,178,878.0,328.0
nasa_image_7.png,2.0,283,1011.0,328.5
nasa_image_7.png,1.0,167,1135.0,328.0
nasa_image_7.png,1.0,191,500.0,329.0
nasa_image_7.png,1.0,156,972.0,329.0
nasa_image_7.png,1.0,136,992.0,329.0
nasa_image_7.png,1.0,153,93.0,330.0
nasa_image_7.png,1.0,191,59.0,331.0
nasa_image_7.png,1.0,139,141.0,331.0
nasa_image_7.png,7.0,1249,639.2857142857143,333.14285714285717
nasa_image_7.png,4.0,800,916.5,333.5
nasa_image_7.png,1.0,147,540.0,334.0
nasa_image_7.png,4.0,663,749.5,334.5
nasa_image_7.png,2.0,328,905.0,335.5
nasa_image_7.png,1.0,132,88.0,336.0
nasa_image_7.png,1.0,167,587.0,336.0
nasa_image_7.png,2.0,282,1125.0,336.5
nasa_image_7.png,1.0,147,6.0,337.0
nasa_image_7.png,1.0,139,870.0,337.0
nasa_image_7.png,1.0,142,1030.0,337.0
nasa_image_7.png,2.0,345,1052.0,337.5
nasa_image_7.png,2.0,284,154.0,338.5
nasa_image_7.png,2.0,299,439.5,338.0
nasa_image_7.png,3.0,513,590.6666666666666,338.6666666666667
nasa_image_7.png,57.0,9675,741.3333333333334,342.63157894736844
nasa_image_7.png,1.0,133,977.0,338.0
nasa_image_7.png,1.0,129,865.0,339.0
nasa_image_7.png,1.0,160,345.0,340.0
nasa_image_7.png,1.0,167,849.0,340.0
nasa_image_7.png,1.0,149,997.0,341.0
nasa_image_7.png,3.0,421,356.6666666666667,342.6666666666667
nasa_image_7.png,6.0,1125,595.5,343.0
nasa_image_7.png,1.0,140,686.0,342.0
nasa_image_7.png,1.0,139,798.0,343.0
nasa_image_7.png,1.0,154,870.0,343.0
nasa_image_7.png,1.0,153,1139.0,343.0
nasa_image_7.png,2.0,328,306.5,345.0
nasa_image_7.png,1.0,132,363.0,345.0
nasa_image_7.png,1.0,136,100.0,346.0
nasa_image_7.png,7.0,1255,197.0,347.2857142857143
nasa_image_7.png,1.0,145,627.0,346.0
nasa_image_7.png,1.0,137,640.0,347.0
nasa_image_7.png,1.0,134,133.0,348.0
nasa_image_7.png,1.0,195,944.0,349.0
nasa_image_7.png,1.0,162,1150.0,349.0
nasa_image_7.png,3.0,567,88.66666666666667,351.6666666666667
nasa_image_7.png,4.0,766,158.5,351.5
nasa_image_7.png,3.0,453,604.6666666666666,352.3333333333333
nasa_image_7.png,3.0,500,849.6666666666666,352.6666666666667
nasa_image_7.png,2.0,341,299.5,353.0
nasa_image_7.png,4.0,606,687.5,353.5
nasa_image_7.png,1.0,136,278.0,354.0
nasa_image_7.png,43.0,7427,751.5348837209302,356.93023255813955
nasa_image_7.png,3.0,546,1044.3333333333333,354.3333333333333
nasa_image_7.png,2.0,299,1173.0,354.5
nasa_image_7.png,1.0,210,962.0,355.0
nasa_image_7.png,1.0,133,1013.0,355.0
nasa_image_7.png,2.0,330,66.5,357.0
nasa_image_7.png,4.0,676,221.5,357.5
nasa_image_7.png,1.0,132,240.0,357.0
nasa_image_7.png,1.0,224,535.0,357.0
nasa_image_7.png,4.0,701,315.5,359.5
nasa_image_7.png,1.0,140,841.0,359.0
nasa_image_7.png,2.0,289,1022.5,359.5
nasa_image_7.png,1.0,138,405.0,360.0
nasa_image_7.png,2.0,318,635.5,360.0
nasa_image_7.png,2.0,273,953.0,360.5
nasa_image_7.png,4.0,726,492.75,362.0
nasa_image_7.png,1.0,135,559.0,362.0
nasa_image_7.png,304.0,52822,849.358552631579,374.9769736842105
nasa_image_7.png,1.0,136,376.0,363.0
nasa_image_7.png,1.0,143,473.0,363.0
nasa_image_7.png,2.0,262,799.5,363.0
nasa_image_7.png,1.0,132,38.0,364.0
nasa_image_7.png,5.0,951,40.8,364.6
nasa_image_7.png,1.0,144,819.0,364.0
nasa_image_7.png,2.0,308,898.0,364.5
nasa_image_7.png,1.0,136,958.0,364.0
nasa_image_7.png,1.0,166,154.0,365.0
nasa_image_7.png,1.0,148,564.0,365.0
nasa_image_7.png,5.0,836,116.2,366.6
nasa_image_7.png,1.0,136,181.0,366.0
nasa_image_7.png,1.0,139,332.0,366.0
nasa_image_7.png,1.0,143,982.0,366.0
nasa_image_7.png,2.0,328,1144.5,366.0
nasa_image_7.png,1.0,216,217.0,367.0
nasa_image_7.png,1.0,137,22.0,368.0
nasa_image_7.png,3.0,514,27.333333333333332,368.6666666666667
nasa_image_7.png,4.0,606,568.5,369.5
nasa_image_7.png,2.0,308,19.5,370.0
nasa_image_7.png,1.0,170,245.0,370.0
nasa_image_7.png,4.0,695,325.5,372.5
nasa_image_7.png,1.0,172,690.0,372.0
nasa_image_7.png,1.0,156,1041.0,372.0
nasa_image_7.png,1.0,172,557.0,373.0
nasa_image_7.png,1.0,129,1090.0,373.0
nasa_image_7.png,5.0,878,61.4,375.2
nasa_image_7.png,1.0,173,552.0,374.0
nasa_image_7.png,1.0,170,1007.0,374.0
nasa_image_7.png,1.0,149,1051.0,374.0
nasa_image_7.png,3.0,459,281.6666666666667,375.6666666666667
nasa_image_7.png,2.0,347,578.5,376.0
nasa_image_7.png,1.0,129,780.0,376.0
nasa_image_7.png,1.0,160,958.0,376.0
nasa_image_7.png,6.0,1112,971.5,377.0
nasa_image_7.png,1.0,136,258.0,377.0
nasa_image_7.png,6.0,1052,304.5,378.0
nasa_image_7.png,2.0,348,336.0,377.5
nasa_image_7.png,1.0,136,74.0,379.0
nasa_image_7.png,1.0,146,212.0,379.0
nasa_image_7.png,1.0,158,221.0,379.0
nasa_image_7.png,5.0,820,645.4,380.8
nasa_image_7.png,2.0,367,59.5,381.0
nasa_image_7.png,1.0,174,238.0,381.0
nasa_image_7.png,1.0,139,343.0,381.0
nasa_image_7.png,2.0,363,556.0,381.5
nasa_image_7.png,1.0,137,743.0,381.0
nasa_image_7.png,9.0,1709,760.0,382.0
nasa_image_7.png,1.0,159,317.0,382.0
nasa_image_7.png,3.0,526,903.6666666666666,383.6666666666667
nasa_image_7.png,4.0,663,1015.5,383.5
nasa_image_7.png,1.0,154,1020.0,383.0
nasa_image_7.png,1.0,146,13.0,384.0
nasa_image_7.png,1.0,151,142.0,384.0
nasa_image_7.png,1.0,138,153.0,384.0
nasa_image_7.png,1.0,136,572.0,384.0
nasa_image_7.png,2.0,271,826.0,384.5
nasa_image_7.png,1.0,134,1169.0,384.0
nasa_image_7.png,1.0,131,338.0,385.0
nasa_image_7.png,1.0,138,472.0,385.0
nasa_image_7.png,4.0,683,546.5,385.5
nasa_image_7.png,1.0,192,83.0,386.0
nasa_image_7.png,3.0,503,145.66666666666666,386.6666666666667
nasa_image_7.png,1.0,132,271.0,386.0
nasa_image_7.png,1.0,146,351.0,386.0
nasa_image_7.png,1.0,143,374.0,386.0
nasa_image_7.png,1.0,145,381.0,386.0
nasa_image_7.png,2.0,319,1171.0,386.5
nasa_image_7.png,2.0,321,438.0,389.5
nasa_image_7.png,1.0,151,501.0,389.0
nasa_image_7.png,3.0,518,140.33333333333334,390.6666666666667
nasa_image_7.png,2.0,342,618.0,390.5
nasa_image_7.png,1.0,131,830.0,390.0
nasa_image_7.png,4.0,650,357.5,391.5
nasa_image_7.png,2.0,311,488.0,391.5
nasa_image_7.png,2.0,295,497.5,391.0
nasa_image_7.png,2.0,338,428.0,392.5
nasa_image_7.png,3.0,512,73.33333333333333,393.6666666666667
nasa_image_7.png,1.0,142,226.0,393.0
nasa_image_7.png,1.0,145,747.0,395.0
nasa_image_7.png,2.0,379,837.0,395.5
nasa_image_7.png,1.0,139,921.0,395.0
nasa_image_7.png,8.0,1358,952.875,395.875
nasa_image_7.png,1.0,151,329.0,396.0
nasa_image_7.png,1.0,156,659.0,396.0
nasa_image_7.png,1.0,132,709.0,396.0
nasa_image_7.png,1.0,186,775.0,396.0
nasa_image_7.png,2.0,271,1039.5,396.0
nasa_image_7.png,1.0,140,1196.0,396.0
nasa_image_7.png,2.0,286,741.5,397.0
nasa_image_7.png,3.0,504,987.6666666666666,397.6666666666667
nasa_image_7.png,4.0,662,1096.75,398.0
nasa_image_7.png,3.0,508,417.3333333333333,398.6666666666667
nasa_image_7.png,1.0,129,133.0,399.0
nasa_image_7.png,1.0,154,435.0,399.0
nasa_image_7.png,1.0,136,789.0,399.0
nasa_image_7.png,1.0,133,1000.0,399.0
nasa_image_7.png,2.0,282,420.5,400.0
nasa_image_7.png,1.0,132,693.0,400.0
nasa_image_7.png,13.0,2454,863.3846153846154,401.38461538461536
nasa_image_7.png,1.0,135,337.0,402.0
nasa_image_7.png,1.0,217,452.0,403.0
nasa_image_7.png,2.0,261,1083.5,403.0
nasa_image_7.png,2.0,344,535.0,404.5
nasa_image_7.png,1.0,185,135.0,405.0
nasa_image_7.png,1.0,161,608.0,405.0
nasa_image_7.png,1.0,146,850.0,405.0
nasa_image_7.png,2.0,318,212.5,406.0
nasa_image_7.png,2.0,302,299.0,406.5
nasa_image_7.png,1.0,153,914.0,406.0
nasa_image_7.png,2.0,395,431.0,407.5
nasa_image_7.png,2.0,306,746.0,407.5
nasa_image_7.png,3.0,541,1115.6666666666667,407.6666666666667
nasa_image_7.png,1.0,132,1032.0,408.0
nasa_image_7.png,8.0,1429,627.875,409.875
nasa_image_7.png,7.0,1230,227.0,410.7142857142857
nasa_image_7.png,2.0,383,236.5,410.0
nasa_image_7.png,1.0,145,584.0,410.0
nasa_image_7.png,8.0,1441,797.125,410.875
nasa_image_7.png,3.0,534,999.6666666666666,410.3333333333333
nasa_image_7.png,1.0,133,1015.0,410.0
nasa_image_7.png,1.0,158,317.0,411.0
nasa_image_7.png,2.0,349,804.5,411.0
nasa_image_7.png,3.0,528,828.6666666666666,411.3333333333333
nasa_image_7.png,1.0,178,6.0,412.0
nasa_image_7.png,2.0,346,651.0,412.5
nasa_image_7.png,9.0,1678,365.0,414.0
nasa_image_7.png,2.0,339,781.0,413.5
nasa_image_7.png,2.0,334,1040.5,413.0
nasa_image_7.png,4.0,721,572.5,414.5
nasa_image_7.png,4.0,687,517.5,415.5
nasa_image_7.png,1.0,192,590.0,415.0
nasa_image_7.png,1.0,143,714.0,415.0
nasa_image_7.png,1.0,129,1150.0,415.0
nasa_image_7.png,4.0,716,32.5,416.5
nasa_image_7.png,2.0,343,710.5,416.0
nasa_image_7.png,3.0,487,451.0,417.3333333333333
nasa_image_7.png,1.0,163,504.0,417.0
nasa_image_7.png,7.0,1274,235.0,418.7142857142857
nasa_image_7.png,1.0,136,245.0,418.0
nasa_image_7.png,1.0,168,510.0,418.0
nasa_image_7.png,1.0,144,831.0,418.0
nasa_image_7.png,2.0,334,1195.5,418.0
nasa_image_7.png,2.0,347,807.0,419.5
nasa_image_7.png,8.0,1488,836.125,420.125
nasa_image_7.png,6.0,951,332.8333333333333,420.6666666666667
nasa_image_7.png,1.0,150,618.0,420.0
nasa_image_7.png,1.0,161,971.0,421.0
nasa_image_7.png,3.0,509,81.66666666666667,422.3333333333333
nasa_image_7.png,4.0,673,721.0,422.75
nasa_image_7.png,1.0,131,930.0,423.0
nasa_image_7.png,2.0,316,413.5,424.5
nasa_image_7.png,3.0,509,416.6666666666667,424.6666666666667
nasa_image_7.png,1.0,139,680.0,426.0
nasa_image_7.png,7.0,1240,424.7142857142857,428.0
nasa_image_7.png,8.0,1366,652.875,427.875
nasa_image_7.png,2.0,320,745.5,427.0
nasa_image_7.png,1.0,142,185.0,428.0
nasa_image_7.png,5.0,966,358.6,428.8
nasa_image_7.png,2.0,288,667.0,428.5
nasa_image_7.png,1.0,151,892.0,428.0
nasa_image_7.png,2.0,332,1144.5,428.0
nasa_image_7.png,1.0,147,738.0,429.0
nasa_image_7.png,3.0,512,856.6666666666666,429.3333333333333
nasa_image_7.png,4.0,751,1198.5,429.5
nasa_image_7.png,2.0,315,20.0,430.5
nasa_image_7.png,2.0,310,422.0,430.5
nasa_image_7.png,3.0,516,490.3333333333333,430.3333333333333
nasa_image_7.png,1.0,146,245.0,431.0
nasa_image_7.png,5.0,938,485.4,432.2
nasa_image_7.png,3.0,503,936.6666666666666,431.3333333333333
nasa_image_7.png,1.0,143,1103.0,431.0
nasa_image_7.png,1.0,151,1113.0,431.0
nasa_image_7.png,1.0,133,141.0,432.0
nasa_image_7.png,1.0,173,211.0,432.0
nasa_image_7.png,1.0,139,925.0,432.0
nasa_image_7.png,1.0,140,1089.0,432.0
nasa_image_7.png,85.0,14482,93.01176470588236,438.08235294117645
nasa_image_7.png,4.0,713,216.5,433.5
nasa_image_7.png,4.0,659,221.5,433.5
nasa_image_7.png,2.0,287,278.5,433.0
nasa_image_7.png,3.0,504,1060.3333333333333,433.6666666666667
nasa_image_7.png,2.0,364,331.0,434.5
nasa_image_7.png,3.0,557,716.6666666666666,434.3333333333333
nasa_image_7.png,1.0,161,1081.0,434.0
nasa_image_7.png,6.0,1145,1150.6666666666667,434.6666666666667
nasa_image_7.png,4.0,666,499.0,435.75
nasa_image_7.png,3.0,531,105.66666666666667,436.3333333333333
nasa_image_7.png,1.0,157,535.0,436.0
nasa_image_7.png,1.0,141,620.0,436.0
nasa_image_7.png,1.0,154,731.0,436.0
nasa_image_7.png,1.0,149,749.0,437.0
nasa_image_7.png,3.0,515,283.3333333333333,438.6666666666667
nasa_image_7.png,2.0,348,895.5,438.0
nasa_image_7.png,1.0,173,77.0,439.0
nasa_image_7.png,2.0,330,335.0,439.5
nasa_image_7.png,7.0,1264,681.0,441.2857142857143
nasa_image_7.png,2.0,325,1.5,441.0
nasa_image_7.png,1.0,133,793.0,441.0
nasa_image_7.png,2.0,274,993.5,441.0
nasa_image_7.png,4.0,682,601.5,442.5
nasa_image_7.png,3.0,463,1048.3333333333333,442.6666666666667
nasa_image_7.png,2.0,319,597.5,443.0
nasa_image_7.png,2.0,290,1079.5,443.0
nasa_image_7.png,1.0,143,102.0,445.0
nasa_image_7.png,2.0,299,1075.5,445.0
nasa_image_7.png,1.0,139,86.0,446.0
nasa_image_7.png,1.0,137,169.0,447.0
nasa_image_7.png,4.0,606,246.5,447.5
nasa_image_7.png,2.0,281,336.5,447.0
nasa_image_7.png,2.0,358,884.5,447.0
nasa_image_7.png,6.0,1076,39.166666666666664,449.0
nasa_image_7.png,1.0,164,99.0,448.0
nasa_image_7.png,1.0,162,701.0,448.0
nasa_image_7.png,1.0,138,835.0,448.0
nasa_image_7.png,9.0,1654,209.33333333333334,451.1111111111111
nasa_image_7.png,1.0,159,401.0,450.0
nasa_image_7.png,12.0,2209,12.333333333333334,452.75
nasa_image_7.png,2.0,278,242.0,451.5
nasa_image_7.png,1.0,144,518.0,451.0
nasa_image_7.png,4.0,793,704.5,451.5
nasa_image_7.png,1.0,135,979.0,451.0
nasa_image_7.png,2.0,356,1104.0,451.5
nasa_image_7.png,2.0,331,296.5,452.0
nasa_image_7.png,4.0,658,356.5,452.5
nasa_image_7.png,2.0,355,369.5,452.0
nasa_image_7.png,2.0,338,1040.0,452.5
nasa_image_7.png,1.0,147,691.0,453.0
nasa_image_7.png,1.0,138,763.0,454.0
nasa_image_7.png,1.0,146,1093.0,454.0
nasa_image_7.png,1.0,160,1168.0,454.0
nasa_image_7.png,1.0,131,423.0,455.0
nasa_image_7.png,1.0,174,846.0,456.0
nasa_image_7.png,1.0,172,306.0,457.0
nasa_image_7.png,1.0,174,871.0,457.0
nasa_image_7.png,9.0,1678,779.1111111111111,460.1111111111111
nasa_image_7.png,2.0,312,862.0,459.5
nasa_image_7.png,1.0,144,176.0,460.0
nasa_image_7.png,1.0,141,252.0,460.0
nasa_image_7.png,3.0,526,277.3333333333333,460.3333333333333
nasa_image_7.png,4.0,692,650.25,461.0
nasa_image_7.png,2.0,351,143.5,461.0
nasa_image_7.png,1.0,196,576.0,461.0
nasa_image_7.png,1.0,130,1048.0,461.0
nasa_image_7.png,1.0,154,556.0,462.0
nasa_image_7.png,1.0,160,951.0,462.0
nasa_image_7.png,2.0,297,862.5,463.0
nasa_image_7.png,2.0,292,904.0,463.5
nasa_image_7.png,1.0,132,186.0,464.0
nasa_image_7.png,4.0,669,396.5,464.5
nasa_image_7.png,2.0,279,564.0,464.5
nasa_image_7.png,2.0,300,989.5,464.0
nasa_image_7.png,1.0,146,78.0,465.0
nasa_image_7.png,1.0,162,621.0,465.0
nasa_image_7.png,2.0,308,950.0,466.5
nasa_image_7.png,1.0,138,1072.0,466.0
nasa_image_7.png,2.0,312,277.0,467.5
nasa_image_7.png,1.0,133,483.0,467.0
nasa_image_7.png,2.0,297,737.5,467.0
nasa_image_7.png,1.0,156,61.0,468.0
nasa_image_7.png,10.0,1933,176.0,469.2
nasa_image_7.png,1.0,185,689.0,468.0
nasa_image_7.png,6.0,1120,454.8333333333333,469.8333333333333
nasa_image_7.png,1.0,133,776.0,470.0
nasa_image_7.png,2.0,359,902.0,470.5
nasa_image_7.png,1.0,129,199.0,471.0
nasa_image_7.png,5.0,894,241.4,472.2
nasa_image_7.png,2.0,335,276.5,471.0
nasa_image_7.png,4.0,675,164.5,472.5
nasa_image_7.png,11.0,1996,379.0,474.45454545454544
nasa_image_7.png,1.0,166,658.0,473.0
nasa_image_7.png,2.0,342,691.5,473.0
nasa_image_7.png,8.0,1415,754.125,474.125
nasa_image_7.png,1.0,132,899.0,473.0
nasa_image_7.png,1.0,129,1006.0,473.0
nasa_image_7.png,1.0,159,8.0,474.0
nasa_image_7.png,1.0,153,92.0,474.0
nasa_image_7.png,1.0,181,311.0,474.0
nasa_image_7.png,1.0,133,408.0,474.0
nasa_image_7.png,1.0,147,740.0,474.0
nasa_image_7.png,3.0,477,977.6666666666666,474.6666666666667
nasa_image_7.png,1.0,169,131.0,476.0
nasa_image_7.png,1.0,140,974.0,476.0
nasa_image_7.png,1.0,142,1080.0,476.0
nasa_image_7.png,4.0,656,67.5,478.5
nasa_image_7.png,1.0,141,534.0,478.0
nasa_image_7.png,1.0,131,536.0,478.0
nasa_image_7.png,2.0,264,930.5,478.0
nasa_image_7.png,1.0,166,46.0,479.0
nasa_image_7.png,1.0,146,180.0,479.0
nasa_image_7.png,1.0,166,406.0,479.0
nasa_image_7.png,14.0,2536,456.5,480.2857142857143
nasa_image_7.png,2.0,271,1072.5,479.0
nasa_image_7.png,4.0,676,82.5,480.5
nasa_image_7.png,1.0,178,327.0,480.0
nasa_image_7.png,2.0,358,724.5,480.0
nasa_image_7.png,1.0,148,1103.0,480.0
nasa_image_7.png,2.0,318,31.5,481.0
nasa_image_7.png,1.0,129,577.0,481.0
nasa_image_7.png,1.0,142,779.0,481.0
nasa_image_7.png,1.0,159,812.0,481.0
nasa_image_7.png,1.0,131,108.0,482.0
nasa_image_7.png,1.0,156,446.0,482.0
nasa_image_7.png,3.0,467,931.3333333333334,482.6666666666667
nasa_image_7.png,4.0,742,116.5,483.5
nasa_image_7.png,1.0,169,208.0,483.0
nasa_image_7.png,5.0,831,392.4,484.2
nasa_image_7.png,4.0,751,440.5,483.5
nasa_image_7.png,1.0,129,57.0,484.0
nasa_image_7.png,1.0,193,345.0,484.0
nasa_image_7.png,1.0,132,369.0,484.0
nasa_image_7.png,1.0,138,31.0,485.0
nasa_image_7.png,1.0,137,1183.0,485.0
nasa_image_7.png,4.0,639,25.5,486.5
nasa_image_7.png,3.0,498,72.33333333333333,486.3333333333333
nasa_image_7.png,1.0,135,399.0,486.0
nasa_image_7.png,1.0,147,620.0,486.0
nasa_image_7.png,2.0,281,283.5,488.0
nasa_image_7.png,1.0,132,367.0,488.0
nasa_image_7.png,4.0,809,850.5,488.5
nasa_image_7.png,2.0,285,911.5,488.0
nasa_image_7.png,1.0,133,1074.0,488.0
nasa_image_7.png,1.0,153,189.0,490.0
nasa_image_7.png,2.0,319,974.0,490.5
nasa_image_7.png,1.0,131,949.0,491.0
nasa_image_7.png,1.0,187,270.0,492.0
nasa_image_7.png,1.0,144,272.0,493.0
nasa_image_7.png,2.0,339,380.0,493.5
nasa_image_7.png,1.0,153,429.0,493.0
nasa_image_7.png,3.0,540,460.6666666666667,493.6666666666667
nasa_image_7.png,1.0,148,505.0,493.0
nasa_image_7.png,1.0,141,667.0,493.0
nasa_image_7.png,1.0,159,1158.0,494.0
nasa_image_7.png,5.0,897,729.2,495.6
nasa_image_7.png,1.0,131,885.0,496.0
nasa_image_7.png,1.0,175,186.0,497.0
nasa_image_7.png,4.0,682,1129.5,497.5
nasa_image_7.png,6.0,1040,218.0,498.5
nasa_image_7.png,1.0,149,531.0,498.0
nasa_image_7.png,2.0,352,934.5,498.0
nasa_image_7.png,1.0,153,1089.0,498.0
nasa_image_7.png,2.0,275,866.0,499.5
nasa_image_7.png,1.0,202,73.0,500.0
nasa_image_7.png,3.0,553,590.6666666666666,501.6666666666667
nasa_image_7.png,1.0,132,236.0,502.0
nasa_image_7.png,1.0,138,982.0,502.0
nasa_image_7.png,2.0,307,500.0,503.5
nasa_image_7.png,2.0,301,542.5,503.0
nasa_image_7.png,2.0,386,622.0,503.5
nasa_image_7.png,1.0,161,132.0,504.0
nasa_image_7.png,1.0,180,142.0,504.0
nasa_image_7.png,4.0,664,795.75,505.0
nasa_image_7.png,2.0,329,718.0,505.5
nasa_image_7.png,2.0,279,745.5,505.0
nasa_image_7.png,1.0,136,777.0,505.0
nasa_image_7.png,1.0,152,515.0,507.0
nasa_image_7.png,2.0,307,265.5,508.0
nasa_image_7.png,2.0,285,292.0,508.5
nasa_image_7.png,2.0,369,312.5,508.0
nasa_image_7.png,1.0,144,353.0,508.0
nasa_image_7.png,3.0,480,414.6666666666667,508.6666666666667
nasa_image_7.png,1.0,131,488.0,509.0
nasa_image_7.png,5.0,742,797.8,510.2
nasa_image_7.png,1.0,148,362.0,510.0
nasa_image_7.png,1.0,150,614.0,510.0
nasa_image_7.png,1.0,184,462.0,511.0
nasa_image_7.png,1.0,129,914.0,511.0
nasa_image_7.png,2.0,302,1077.0,511.5
nasa_image_7.png,3.0,417,1119.3333333333333,511.6666666666667
nasa_image_7.png,3.0,412,372.3333333333333,512.6666666666666
nasa_image_7.png,3.0,502,834.6666666666666,512.6666666666666
nasa_image_7.png,67.0,11473,1013.3283582089553,515.8805970149253
nasa_image_7.png,1.0,135,528.0,513.0
nasa_image_7.png,4.0,656,548.5,513.5
nasa_image_7.png,2.0,309,1053.0,513.5
nasa_image_7.png,1.0,154,331.0,514.0
nasa_image_7.png,1.0,185,647.0,514.0
nasa_image_7.png,3.0,497,1173.6666666666667,514.6666666666666
nasa_image_7.png,1.0,150,103.0,515.0
nasa_image_7.png,1.0,172,334.0,515.0
nasa_image_7.png,10.0,1792,1168.0,516.2
nasa_image_7.png,4.0,718,702.5,516.5
nasa_image_7.png,2.0,307,817.5,516.0
nasa_image_7.png,1.0,130,27.0,517.0
nasa_image_7.png,1.0,166,61.0,517.0
nasa_image_7.png,2.0,301,127.0,517.5
nasa_image_7.png,1.0,136,167.0,517.0
nasa_image_7.png,1.0,168,400.0,517.0
nasa_image_7.png,2.0,317,298.5,518.0
nasa_image_7.png,3.0,488,911.3333333333334,518.3333333333334
nasa_image_7.png,3.0,492,1069.3333333333333,518.3333333333334
nasa_image_7.png,2.0,353,598.5,519.0
nasa_image_7.png,2.0,305,495.0,520.5
nasa_image_7.png,1.0,149,820.0,520.0
nasa_image_7.png,1.0,163,895.0,520.0
nasa_image_7.png,1.0,132,514.0,521.0
nasa_image_7.png,1.0,151,688.0,521.0
nasa_image_7.png,1.0,133,711.0,521.0
nasa_image_7.png,2.0,354,155.5,522.0
nasa_image_7.png,1.0,190,159.0,522.0
nasa_image_7.png,1.0,158,757.0,522.0
nasa_image_7.png,2.0,381,167.5,523.0
nasa_image_7.png,1.0,131,656.0,523.0
nasa_image_7.png,1.0,165,688.0,523.0
nasa_image_7.png,2.0,358,228.0,524.5
nasa_image_7.png,1.0,160,703.0,524.0
nasa_image_7.png,3.0,536,936.6666666666666,524.6666666666666
nasa_image_7.png,1.0,139,1191.0,524.0
nasa_image_7.png,4.0,534,327.75,525.5
nasa_image_7.png,1.0,185,623.0,525.0
nasa_image_7.png,1.0,207,957.0,525.0
nasa_image_7.png,1.0,147,582.0,526.0
nasa_image_7.png,1.0,154,794.0,526.0
nasa_image_7.png,5.0,838,210.2,527.6
nasa_image_7.png,4.0,705,725.5,527.5
nasa_image_7.png,1.0,134,444.0,528.0
nasa_image_7.png,1.0,131,674.0,528.0
nasa_image_7.png,2.0,321,772.0,528.5
nasa_image_7.png,1.0,139,791.0,528.0
nasa_image_7.png,1.0,171,442.0,529.0
nasa_image_7.png,2.0,287,261.5,530.0
nasa_image_7.png,4.0,664,669.5,530.5
nasa_image_7.png,1.0,191,375.0,531.0
nasa_image_7.png,6.0,1074,1113.0,531.5
nasa_image_7.png,1.0,129,1199.0,531.0
nasa_image_7.png,11.0,2056,20.90909090909091,534.6363636363636
nasa_image_7.png,1.0,158,145.0,533.0
nasa_image_7.png,1.0,131,533.0,533.0
nasa_image_7.png,5.0,897,538.2,534.4
nasa_image_7.png,1.0,170,939.0,534.0
nasa_image_7.png,1.0,144,395.0,535.0
nasa_image_7.png,3.0,517,437.3333333333333,535.3333333333334
nasa_image_7.png,2.0,325,745.5,535.0
nasa_image_7.png,1.0,137,816.0,535.0
nasa_image_7.png,1.0,176,957.0,535.0
nasa_image_7.png,1.0,140,500.0,536.0
nasa_image_7.png,1.0,143,560.0,536.0
nasa_image_7.png,1.0,159,631.0,536.0
nasa_image_7.png,1.0,152,1168.0,536.0
nasa_image_7.png,2.0,393,51.5,537.0
nasa_image_7.png,1.0,132,269.0,537.0
nasa_image_7.png,1.0,139,381.0,537.0
nasa_image_7.png,2.0,262,595.0,537.5
nasa_image_7.png,1.0,129,119.0,538.0
nasa_image_7.png,1.0,213,428.0,538.0
nasa_image_7.png,3.0,424,143.66666666666666,539.3333333333334
nasa_image_7.png,1.0,147,1119.0,539.0
nasa_image_7.png,2.0,341,807.5,540.0
nasa_image_7.png,1.0,134,926.0,540.0
nasa_image_7.png,8.0,1480,1068.875,540.875
nasa_image_7.png,1.0,211,813.0,541.0
nasa_image_7.png,7.0,1190,80.0,543.2857142857143
nasa_image_7.png,2.0,280,167.5,542.0
nasa_image_7.png,6.0,1108,582.8333333333334,543.1666666666666
nasa_image_7.png,1.0,159,636.0,542.0
nasa_image_7.png,2.0,383,884.0,542.5
nasa_image_7.png,1.0,130,986.0,542.0
nasa_image_7.png,1.0,153,1041.0,542.0
nasa_image_7.png,3.0,522,957.3333333333334,543.6666666666666
nasa_image_7.png,2.0,332,12.5,544.0
nasa_image_7.png,4.0,624,89.5,545.5
nasa_image_7.png,2.0,269,815.5,545.0
nasa_image_7.png,1.0,170,914.0,545.0
nasa_image_7.png,7.0,1269,519.7142857142857,547.0
nasa_image_7.png,1.0,173,866.0,546.0
nasa_image_7.png,1.0,153,59.0,547.0
nasa_image_7.png,1.0,170,82.0,547.0
nasa_image_7.png,2.0,263,53.0,548.5
nasa_image_7.png,2.0,338,679.5,550.0
nasa_image_7.png,1.0,190,857.0,550.0
nasa_image_7.png,4.0,649,938.5,550.5
nasa_image_7.png,2.0,324,1181.5,550.0
nasa_image_7.png,1.0,129,200.0,551.0
nasa_image_7.png,1.0,160,896.0,551.0
nasa_image_7.png,1.0,157,1006.0,551.0
nasa_image_7.png,2.0,300,1087.0,551.5
nasa_image_7.png,1.0,138,123.0,552.0
nasa_image_7.png,5.0,806,372.0,553.0
nasa_image_7.png,1.0,151,716.0,552.0
nasa_image_7.png,1.0,138,929.0,552.0
nasa_image_7.png,2.0,330,1191.0,552.5
nasa_image_7.png,1.0,152,91.0,553.0
nasa_image_7.png,1.0,136,277.0,553.0
nasa_image_7.png,4.0,846,316.5,553.5
nasa_image_7.png,2.0,299,353.5,553.0
nasa_image_7.png,2.0,331,1133.0,553.5
nasa_image_7.png,4.0,798,783.5,554.5
nasa_image_7.png,1.0,184,922.0,554.0
nasa_image_7.png,2.0,302,687.5,555.0
nasa_image_7.png,1.0,143,1162.0,555.0
nasa_image_7.png,1.0,135,342.0,556.0
nasa_image_7.png,1.0,155,448.0,556.0
nasa_image_7.png,3.0,487,608.3333333333334,556.3333333333334
nasa_image_7.png,2.0,311,681.0,556.5
nasa_image_7.png,4.0,680,698.5,556.5
nasa_image_7.png,1.0,129,975.0,556.0
nasa_image_7.png,1.0,159,1067.0,556.0
nasa_image_7.png,1.0,140,1088.0,556.0
nasa_image_7.png,1.0,138,186.0,557.0
nasa_image_7.png,2.0,343,586.5,557.0
nasa_image_7.png,1.0,148,717.0,557.0
nasa_image_7.png,1.0,159,281.0,558.0
nasa_image_7.png,1.0,146,446.0,558.0
nasa_image_7.png,1.0,162,533.0,558.0
nasa_image_7.png,4.0,853,308.5,559.5
nasa_image_7.png,9.0,1619,665.6666666666666,560.1111111111111
nasa_image_7.png,3.0,515,1108.6666666666667,559.3333333333334
nasa_image_7.png,1.0,149,132.0,560.0
nasa_image_7.png,16.0,2934,858.25,561.375
nasa_image_7.png,4.0,677,1138.25,561.0
nasa_image_7.png,1.0,141,464.0,562.0
nasa_image_7.png,1.0,142,214.0,563.0
nasa_image_7.png,1.0,140,395.0,563.0
nasa_image_7.png,6.0,1125,591.5,564.0
nasa_image_7.png,1.0,176,599.0,563.0
nasa_image_7.png,8.0,1405,1069.125,564.125
nasa_image_7.png,3.0,540,516.6666666666666,564.6666666666666
nasa_image_7.png,3.0,475,49.333333333333336,565.6666666666666
nasa_image_7.png,1.0,149,176.0,565.0
nasa_image_7.png,4.0,659,392.5,565.5
nasa_image_7.png,2.0,279,662.5,566.0
nasa_image_7.png,1.0,149,671.0,566.0
nasa_image_7.png,2.0,309,675.5,566.0
nasa_image_7.png,1.0,139,777.0,567.0
nasa_image_7.png,5.0,856,126.0,569.0
nasa_image_7.png,4.0,826,335.5,568.5
nasa_image_7.png,2.0,313,348.0,568.5
nasa_image_7.png,1.0,132,1113.0,568.0
nasa_image_7.png,1.0,179,310.0,570.0
nasa_image_7.png,1.0,132,1085.0,570.0
nasa_image_7.png,1.0,159,219.0,571.0
nasa_image_7.png,12.0,2156,835.5,572.5
nasa_image_7.png,5.0,849,910.6,572.2
nasa_image_7.png,1.0,177,931.0,571.0
nasa_image_7.png,1.0,141,18.0,572.0
nasa_image_7.png,2.0,264,496.0,572.5
nasa_image_7.png,2.0,301,1076.0,572.5
nasa_image_7.png,3.0,544,1160.6666666666667,572.6666666666666
nasa_image_7.png,1.0,135,76.0,573.0
nasa_image_7.png,2.0,317,189.5,573.5
nasa_image_7.png,3.0,519,314.3333333333333,573.3333333333334
nasa_image_7.png,13.0,2334,704.8461538461538,574.5384615384615
nasa_image_7.png,4.0,694,779.5,574.5
nasa_image_7.png,2.0,334,1117.0,574.5
nasa_image_7.png,2.0,315,33.5,575.0
nasa_image_7.png,10.0,1787,997.1,576.4
nasa_image_7.png,2.0,369,413.0,576.5
nasa_image_7.png,4.0,644,1170.5,576.5
nasa_image_7.png,2.0,293,234.5,578.0
nasa_image_7.png,1.0,184,639.0,578.0
nasa_image_7.png,5.0,911,245.0,580.0
nasa_image_7.png,2.0,306,502.5,580.0
nasa_image_7.png,1.0,142,639.0,581.0
nasa_image_7.png,1.0,149,978.0,581.0
nasa_image_7.png,1.0,166,412.0,583.0
nasa_image_7.png,2.0,314,711.0,583.5
nasa_image_7.png,1.0,133,941.0,583.0
nasa_image_7.png,5.0,931,955.2,584.6
nasa_image_7.png,2.0,322,985.5,584.0
nasa_image_7.png,2.0,319,165.5,585.0
nasa_image_7.png,1.0,132,897.0,585.0
nasa_image_7.png,1.0,143,188.0,586.0
nasa_image_7.png,2.0,300,237.5,586.0
nasa_image_7.png,1.0,194,13.0,587.0
nasa_image_7.png,1.0,134,88.0,587.0
nasa_image_7.png,3.0,504,806.6666666666666,587.3333333333334
nasa_image_7.png,17.0,2898,887.5882352941177,589.1176470588235
nasa_image_7.png,1.0,131,951.0,587.0
nasa_image_7.png,4.0,687,352.5,588.5
nasa_image_7.png,1.0,175,683.0,588.0
nasa_image_7.png,1.0,160,786.0,588.0
nasa_image_7.png,1.0,140,948.0,588.0
nasa_image_7.png,2.0,322,1082.0,588.5
nasa_image_7.png,1.0,133,1137.0,588.0
nasa_image_7.png,1.0,143,412.0,589.0
nasa_image_7.png,2.0,274,871.5,589.0
nasa_image_7.png,1.0,166,882.0,589.0
nasa_image_7.png,4.0,582,850.5,590.5
nasa_image_7.png,1.0,159,516.0,591.0
nasa_image_7.png,1.0,150,288.0,592.0
nasa_image_7.png,1.0,201,823.0,593.0
nasa_image_7.png,1.0,159,1112.0,593.0
nasa_image_7.png,5.0,827,788.6,595.2
nasa_image_7.png,1.0,131,110.0,595.0
nasa_image_7.png,1.0,136,73.0,596.0
nasa_image_7.png,1.0,139,492.0,596.0
nasa_image_7.png,2.0,342,994.5,596.0
nasa_image_7.png,1.0,183,235.0,597.0
nasa_image_7.png,1.0,137,616.0,597.0
nasa_image_7.png,2.0,291,891.0,597.5
nasa_image_7.png,7.0,1241,420.0,598.7142857142857
nasa_image_7.png,2.0,340,725.5,598.0
nasa_image_7.png,1.0,129,327.0,599.0
nasa_image_7.png,20.0,3219,898.75,600.4
nasa_image_7.png,1.0,198,47.0,600.0
nasa_image_7.png,1.0,139,817.0,601.0
nasa_image_7.png,2.0,316,1012.5,601.0
nasa_image_7.png,4.0,679,176.0,602.75
nasa_image_7.png,2.0,382,468.5,602.0
nasa_image_7.png,4.0,714,933.5,602.5
nasa_image_7.png,1.0,161,1060.0,602.0
nasa_image_7.png,3.0,463,711.6666666666666,603.6666666666666
nasa_image_7.png,1.0,167,715.0,603.0
nasa_image_7.png,6.0,1042,248.5,605.0
nasa_image_7.png,1.0,149,511.0,604.0
nasa_image_7.png,1.0,130,528.0,604.0
nasa_image_7.png,2.0,273,765.5,604.0
nasa_image_7.png,6.0,998,987.8333333333334,605.1666666666666
nasa_image_7.png,1.0,152,639.0,605.0
nasa_image_7.png,1.0,130,1063.0,606.0
nasa_image_7.png,2.0,353,1141.0,606.5
nasa_image_7.png,1.0,136,50.0,608.0
nasa_image_7.png,1.0,174,128.0,608.0
nasa_image_7.png,1.0,138,584.0,608.0
nasa_image_7.png,2.0,362,1162.0,608.5
nasa_image_7.png,1.0,136,481.0,609.0
nasa_image_7.png,1.0,145,494.0,609.0
nasa_image_7.png,1.0,154,608.0,609.0
nasa_image_7.png,1.0,144,740.0,609.0
nasa_image_7.png,2.0,286,755.0,609.5
nasa_image_7.png,2.0,317,892.0,610.5
nasa_image_7.png,1.0,177,926.0,610.0
nasa_image_7.png,1.0,159,251.0,611.0
nasa_image_7.png,1.0,141,581.0,611.0
nasa_image_7.png,1.0,203,1102.0,611.0
nasa_image_7.png,1.0,149,945.0,612.0
nasa_image_7.png,3.0,531,968.6666666666666,612.3333333333334
nasa_image_7.png,1.0,176,2.0,613.0
nasa_image_7.png,5.0,896,255.2,613.6
nasa_image_7.png,1.0,143,417.0,613.0
nasa_image_7.png,4.0,594,735.5,613.5
nasa_image_7.png,1.0,155,855.0,613.0
nasa_image_7.png,4.0,684,899.5,613.5
nasa_image_7.png,4.0,632,133.0,614.75
nasa_image_7.png,1.0,133,743.0,614.0
nasa_image_7.png,2.0,317,1182.0,614.5
nasa_image_7.png,1.0,150,28.0,615.0
nasa_image_7.png,1.0,202,431.0,615.0
nasa_image_7.png,33.0,5804,1031.3939393939395,617.1818181818181
nasa_image_7.png,1.0,191,201.0,616.0
nasa_image_7.png,4.0,663,449.5,616.5
nasa_image_7.png,4.0,657,1094.0,616.25
nasa_image_7.png,1.0,137,1157.0,616.0
nasa_image_7.png,2.0,344,424.5,617.0
nasa_image_7.png,1.0,130,783.0,617.0
nasa_image_7.png,1.0,141,29.0,618.0
nasa_image_7.png,1.0,136,539.0,619.0
nasa_image_7.png,1.0,160,861.0,619.0
nasa_image_7.png,23.0,4141,723.0869565217391,622.3478260869565
nasa_image_7.png,2.0,311,830.5,620.0
nasa_image_7.png,1.0,146,390.0,621.0
nasa_image_7.png,14.0,2633,518.2142857142857,623.0714285714286
nasa_image_7.png,1.0,137,78.0,623.0
nasa_image_7.png,1.0,135,782.0,623.0
nasa_image_7.png,2.0,302,340.0,625.5
nasa_image_7.png,1.0,168,368.0,625.0
nasa_image_7.png,3.0,546,541.3333333333334,625.3333333333334
nasa_image_7.png,2.0,297,509.5,626.0
nasa_image_7.png,1.0,188,985.0,626.0
nasa_image_7.png,7.0,1304,100.28571428571429,628.0
nasa_image_7.png,1.0,130,209.0,627.0
nasa_image_7.png,2.0,350,758.5,627.0
nasa_image_7.png,1.0,133,687.0,628.0
nasa_image_7.png,1.0,133,698.0,628.0
nasa_image_7.png,3.0,546,901.3333333333334,628.3333333333334
nasa_image_7.png,3.0,491,134.66666666666666,629.6666666666666
nasa_image_7.png,1.0,147,982.0,629.0
nasa_image_7.png,1.0,189,12.0,630.0
nasa_image_7.png,6.0,1069,604.8333333333334,630.8333333333334
nasa_image_7.png,2.0,323,723.5,630.0
nasa_image_7.png,1.0,135,784.0,630.0
nasa_image_7.png,1.0,150,682.0,631.0
nasa_image_7.png,1.0,132,1046.0,631.0
nasa_image_7.png,8.0,1407,236.125,632.875
nasa_image_7.png,4.0,659,362.75,633.0
nasa_image_7.png,1.0,149,466.0,632.0
nasa_image_7.png,2.0,309,109.0,633.5
nasa_image_7.png,4.0,729,454.0,633.75
nasa_image_7.png,1.0,132,460.0,633.0
nasa_image_7.png,1.0,141,998.0,633.0
nasa_image_7.png,1.0,130,59.0,634.0
nasa_image_7.png,14.0,2636,351.2857142857143,635.5
nasa_image_7.png,1.0,161,64.0,635.0
nasa_image_7.png,1.0,172,155.0,635.0
nasa_image_7.png,3.0,522,336.3333333333333,635.6666666666666
nasa_image_7.png,1.0,147,642.0,635.0
nasa_image_7.png,5.0,852,1106.0,636.0
nasa_image_7.png,1.0,146,265.0,636.0
nasa_image_7.png,2.0,383,485.5,636.0
nasa_image_7.png,2.0,300,85.0,638.5
nasa_image_7.png,1.0,163,477.0,639.0
nasa_image_7.png,1.0,205,1070.0,639.0
nasa_image_7.png,1.0,132,1044.0,640.0
nasa_image_7.png,2.0,366,1189.5,640.0
nasa_image_7.png,4.0,690,13.5,641.5
nasa_image_7.png,1.0,156,812.0,641.0
nasa_image_7.png,2.0,345,23.5,642.0
nasa_image_7.png,1.0,139,838.0,642.0
nasa_image_7.png,1.0,152,843.0,642.0
nasa_image_7.png,1.0,129,1044.0,642.0
nasa_image_7.png,2.0,327,858.0,643.5
nasa_image_7.png,1.0,168,596.0,644.0
nasa_image_7.png,4.0,708,797.5,644.5
nasa_image_7.png,2.0,365,881.5,644.0
nasa_image_7.png,2.0,364,1149.0,645.5
nasa_image_7.png,1.0,169,794.0,646.0
nasa_image_7.png,4.0,758,854.5,646.5
nasa_image_7.png,1.0,154,1121.0,646.0
nasa_image_7.png,1.0,146,1190.0,646.0
nasa_image_7.png,1.0,173,149.0,647.0
nasa_image_7.png,1.0,181,447.0,647.0
nasa_image_7.png,3.0,505,634.3333333333334,647.6666666666666
nasa_image_7.png,1.0,168,875.0,647.0
nasa_image_7.png,14.0,2527,25.5,649.5
nasa_image_7.png,1.0,129,438.0,648.0
nasa_image_7.png,2.0,310,603.5,648.0
nasa_image_7.png,2.0,348,303.0,649.5
nasa_image_7.png,2.0,288,834.0,649.5
nasa_image_7.png,2.0,343,0.0,650.5
nasa_image_7.png,4.0,777,253.5,650.5
nasa_image_7.png,4.0,763,363.5,650.5
nasa_image_7.png,10.0,1828,534.0,652.6
nasa_image_7.png,1.0,145,752.0,650.0
nasa_image_7.png,2.0,319,806.5,650.0
nasa_image_7.png,1.0,153,1103.0,650.0
nasa_image_7.png,1.0,152,221.0,651.0
nasa_image_7.png,1.0,177,886.0,652.0
nasa_image_7.png,1.0,170,453.0,653.0
nasa_image_7.png,2.0,339,725.0,653.5
nasa_image_7.png,2.0,327,1067.5,654.0
nasa_image_7.png,1.0,133,254.0,655.0
nasa_image_7.png,1.0,150,297.0,655.0
nasa_image_7.png,1.0,181,706.0,656.0
nasa_image_7.png,1.0,152,148.0,657.0
nasa_image_7.png,1.0,210,637.0,657.0
nasa_image_7.png,2.0,368,796.0,657.5
nasa_image_7.png,1.0,136,324.0,658.0
nasa_image_7.png,2.0,329,601.0,658.5
nasa_image_7.png,2.0,314,1095.5,658.0
nasa_image_7.png,3.0,513,383.3333333333333,659.6666666666666
nasa_image_7.png,1.0,130,211.0,660.0
nasa_image_7.png,2.0,320,264.0,660.5
nasa_image_7.png,4.0,738,709.5,660.5
nasa_image_7.png,4.0,732,1003.5,661.5
nasa_image_7.png,1.0,141,1109.0,661.0
nasa_image_7.png,1.0,145,558.0,662.0
nasa_image_7.png,1.0,134,832.0,662.0
nasa_image_7.png,2.0,339,1189.0,662.5
nasa_image_7.png,2.0,304,404.5,663.0
nasa_image_7.png,1.0,143,964.0,663.0
nasa_image_7.png,3.0,509,1072.3333333333333,663.3333333333334
nasa_image_7.png,1.0,167,16.0,665.0
nasa_image_7.png,1.0,166,323.0,665.0
nasa_image_7.png,1.0,161,688.0,666.0
nasa_image_7.png,1.0,171,1163.0,666.0
nasa_image_7.png,4.0,654,1031.25,668.0
nasa_image_7.png,1.0,143,4.0,668.0
nasa_image_7.png,1.0,156,100.0,668.0
nasa_image_7.png,2.0,350,1064.5,668.0
nasa_image_7.png,8.0,1376,132.625,669.375
nasa_image_7.png,1.0,140,770.0,669.0
nasa_image_7.png,1.0,129,201.0,671.0
nasa_image_7.png,1.0,132,594.0,671.0
nasa_image_7.png,14.0,2484,988.3571428571429,673.2142857142857
nasa_image_7.png,2.0,351,1118.5,672.0
nasa_image_7.png,4.0,701,261.5,673.5
nasa_image_7.png,1.0,136,457.0,673.0
nasa_image_7.png,29.0,5073,318.3103448275862,676.1724137931035
nasa_image_7.png,2.0,329,616.5,674.0
nasa_image_7.png,2.0,281,755.0,674.5
nasa_image_7.png,1.0,150,968.0,674.0
nasa_image_7.png,2.0,280,83.5,675.0
nasa_image_7.png,10.0,1756,325.2,676.0
nasa_image_7.png,1.0,175,887.0,675.0
nasa_image_7.png,3.0,519,1139.3333333333333,675.3333333333334
nasa_image_7.png,1.0,152,547.0,676.0
nasa_image_7.png,1.0,129,620.0,676.0
nasa_image_7.png,1.0,129,27.0,677.0
nasa_image_7.png,1.0,154,1177.0,677.0
nasa_image_7.png,2.0,293,413.5,678.0
nasa_image_7.png,4.0,587,899.5,679.5
nasa_image_7.png,1.0,189,1067.0,679.0
nasa_image_7.png,1.0,142,314.0,680.0
nasa_image_7.png,2.0,287,942.0,680.5
nasa_image_7.png,4.0,728,179.5,681.5
nasa_image_7.png,1.0,138,308.0,681.0
nasa_image_7.png,1.0,192,825.0,681.0
nasa_image_7.png,1.0,129,280.0,682.0
nasa_image_7.png,4.0,684,438.5,682.5
nasa_image_7.png,1.0,168,726.0,682.0
nasa_image_7.png,6.0,1121,261.0,683.5
nasa_image_7.png,1.0,130,521.0,683.0
nasa_image_7.png,1.0,166,586.0,683.0
nasa_image_7.png,2.0,296,1145.0,683.5
nasa_image_7.png,4.0,772,130.5,684.5
nasa_image_7.png,4.0,673,187.5,684.5
nasa_image_7.png,1.0,175,276.0,684.0
nasa_image_7.png,1.0,135,490.0,684.0
nasa_image_7.png,1.0,136,553.0,685.0
nasa_image_7.png,2.0,337,884.5,685.0
nasa_image_7.png,2.0,279,1184.0,685.5
nasa_image_7.png,2.0,323,202.0,687.5
nasa_image_7.png,1.0,156,403.0,687.0
nasa_image_7.png,2.0,314,486.0,687.5
nasa_image_7.png,1.0,205,599.0,687.0
nasa_image_7.png,1.0,159,702.0,687.0
nasa_image_7.png,1.0,189,606.0,689.0
nasa_image_7.png,1.0,201,628.0,689.0
nasa_image_7.png,1.0,149,165.0,690.0
nasa_image_7.png,1.0,141,478.0,690.0
nasa_image_7.png,2.0,370,862.5,691.0
nasa_image_7.png,1.0,192,11.0,692.0
nasa_image_7.png,2.0,274,91.5,693.0
nasa_image_7.png,2.0,361,448.0,693.5
nasa_image_7.png,1.0,140,458.0,693.0
nasa_image_7.png,7.0,1296,612.2857142857143,694.0
nasa_image_7.png,3.0,551,949.3333333333334,693.6666666666666
nasa_image_7.png,1.0,154,938.0,694.0
nasa_image_7.png,1.0,132,758.0,695.0
nasa_image_7.png,1.0,160,110.0,696.0
nasa_image_7.png,2.0,277,131.0,696.5
nasa_image_7.png,5.0,885,597.8,696.4
nasa_image_7.png,4.0,571,1077.5,696.5
nasa_image_7.png,1.0,186,1197.0,696.0
nasa_image_7.png,1.0,173,213.0,697.0
nasa_image_7.png,1.0,141,675.0,697.0
nasa_image_7.png,2.0,341,860.5,697.0
nasa_image_7.png,1.0,135,385.0,698.0
nasa_image_7.png,2.0,323,672.0,698.5
nasa_image_7.png,5.0,856,755.6,698.8
nasa_image_7.png,3.0,476,840.3333333333334,698.6666666666666
nasa_image_7.png,1.0,172,517.0,699.0
nasa_image_7.png,1.0,204,809.0,699.0
nasa_image_7.png,1.0,184,287.0,700.0
nasa_image_7.png,1.0,209,338.0,700.0
nasa_image_7.png,1.0,138,614.0,700.0
nasa_image_7.png,1.0,195,1108.0,700.0
nasa_image_7.png,1.0,148,1043.0,701.0
nasa_image_7.png,12.0,2169,1071.25,702.5833333333334
nasa_image_7.png,2.0,363,846.5,702.0
nasa_image_7.png,3.0,503,63.666666666666664,703.6666666666666
nasa_image_7.png,1.0,168,508.0,703.0
nasa_image_7.png,1.0,136,777.0,703.0
nasa_image_7.png,1.0,131,1022.0,703.0
nasa_image_7.png,4.0,688,1040.5,703.5
nasa_image_7.png,2.0,273,300.0,704.5
nasa_image_7.png,1.0,137,880.0,704.0
nasa_image_7.png,1.0,143,986.0,705.0
nasa_image_7.png,4.0,786,81.5,706.5
nasa_image_7.png,1.0,139,355.0,706.0
nasa_image_7.png,1.0,141,481.0,706.0
nasa_image_7.png,1.0,144,1076.0,706.0
nasa_image_7.png,3.0,543,90.33333333333333,707.6666666666666
nasa_image_7.png,1.0,137,576.0,707.0
nasa_image_7.png,1.0,153,989.0,707.0
nasa_image_7.png,1.0,137,427.0,708.0
nasa_image_7.png,1.0,157,476.0,709.0
nasa_image_7.png,2.0,353,68.5,712.0
nasa_image_7.png,2.0,362,1048.5,712.0
nasa_image_7.png,3.0,526,1081.3333333333333,712.6666666666666
nasa_image_7.png,1.0,175,19.0,713.0
nasa_image_7.png,1.0,131,38.0,713.0
nasa_image_7.png,1.0,163,280.0,713.0
nasa_image_7.png,5.0,994,476.8,713.4
nasa_image_7.png,1.0,168,1101.0,714.0
nasa_image_7.png,1.0,136,91.0,715.0
nasa_image_7.png,2.0,298,917.0,715.5
nasa_image_7.png,1.0,149,943.0,715.0
nasa_image_7.png,1.0,144,296.0,716.0
nasa_image_7.png,1.0,138,820.0,716.0
nasa_image_7.png,3.0,448,1070.3333333333333,716.6666666666666
nasa_image_7.png,2.0,319,579.0,717.5
nasa_image_7.png,2.0,290,1018.5,717.0
nasa_image_7.png,1.0,158,1165.0,717.0
nasa_image_7.png,8.0,1432,210.125,719.125
nasa_image_7.png,2.0,281,271.0,718.5
nasa_image_7.png,2.0,363,358.0,718.5
nasa_image_7.png,2.0,292,1164.0,719.5
nasa_image_7.png,1.0,136,759.0,720.0
nasa_image_7.png,1.0,133,881.0,720.0
nasa_image_7.png,1.0,174,714.0,721.0
nasa_image_7.png,9.0,1564,992.0,722.0
nasa_image_7.png,2.0,306,672.0,722.5
nasa_image_7.png,1.0,184,578.0,723.0
nasa_image_7.png,1.0,173,765.0,723.0
nasa_image_7.png,1.0,164,194.0,724.0
nasa_image_7.png,1.0,147,915.0,724.0
nasa_image_7.png,1.0,142,277.0,725.0
nasa_image_7.png,1.0,135,579.0,725.0
nasa_image_7.png,25.0,4562,81.0,728.0
nasa_image_7.png,1.0,161,620.0,727.0
nasa_image_7.png,6.0,954,517.1666666666666,729.1666666666666
nasa_image_7.png,2.0,281,759.5,728.0
nasa_image_7.png,1.0,183,1173.0,728.0
nasa_image_7.png,1.0,140,188.0,729.0
nasa_image_7.png,1.0,144,194.0,729.0
nasa_image_7.png,3.0,515,201.66666666666666,729.3333333333334
nasa_image_7.png,2.0,279,220.0,730.5
nasa_image_7.png,1.0,199,837.0,730.0
nasa_image_7.png,1.0,132,1156.0,730.0
nasa_image_7.png,1.0,134,408.0,731.0
nasa_image_7.png,1.0,139,509.0,731.0
nasa_image_7.png,4.0,833,325.5,733.5
nasa_image_7.png,1.0,182,367.0,733.0
nasa_image_7.png,1.0,139,988.0,733.0
nasa_image_7.png,2.0,344,208.5,734.0
nasa_image_7.png,2.0,362,414.5,734.0
nasa_image_7.png,73.0,12443,510.5753424657534,738.5753424657535
nasa_image_7.png,6.0,1031,501.0,735.5
nasa_image_7.png,2.0,383,1082.5,735.0
nasa_image_7.png,1.0,137,0.0,736.0
nasa_image_7.png,1.0,131,257.0,736.0
nasa_image_7.png,1.0,151,996.0,736.0
nasa_image_7.png,1.0,135,1038.0,736.0
nasa_image_7.png,2.0,335,412.5,737.0
nasa_image_7.png,1.0,136,814.0,737.0
nasa_image_7.png,4.0,672,451.5,739.5
nasa_image_7.png,1.0,156,228.0,740.0
nasa_image_7.png,1.0,132,1063.0,740.0
nasa_image_7.png,1.0,148,427.0,742.0
nasa_image_7.png,4.0,739,570.5,742.5
nasa_image_7.png,5.0,938,775.8,742.4
nasa_image_7.png,3.0,539,862.6666666666666,742.6666666666666
nasa_image_7.png,2.0,317,1102.0,742.5
nasa_image_7.png,6.0,1084,458.8333333333333,744.1666666666666
nasa_image_7.png,2.0,271,871.0,743.5
nasa_image_7.png,1.0,176,4.0,744.0
nasa_image_7.png,9.0,1640,51.0,746.0
nasa_image_7.png,2.0,361,170.5,745.0
nasa_image_7.png,2.0,356,641.0,746.5
nasa_image_7.png,11.0,2112,135.36363636363637,747.9090909090909
nasa_image_7.png,1.0,159,542.0,747.0
nasa_image_7.png,1.0,130,112.0,748.0
nasa_image_7.png,6.0,985,617.5,749.0
nasa_image_7.png,1.0,133,216.0,749.0
nasa_image_7.png,10.0,1709,221.1,750.3
nasa_image_7.png,1.0,154,738.0,749.0
nasa_image_7.png,1.0,157,868.0,749.0
nasa_image_7.png,1.0,130,1035.0,750.0
nasa_image_7.png,1.0,170,612.0,751.0
nasa_image_7.png,3.0,532,777.6666666666666,751.6666666666666
nasa_image_7.png,3.0,512,989.0,751.3333333333334
nasa_image_7.png,1.0,132,99.0,752.0
nasa_image_7.png,1.0,141,377.0,752.0
nasa_image_7.png,1.0,129,421.0,754.0
nasa_image_7.png,4.0,676,1161.5,754.5
nasa_image_7.png,2.0,318,612.5,755.0
nasa_image_7.png,7.0,1193,963.0,756.2857142857143
nasa_image_7.png,1.0,148,1133.0,755.0
nasa_image_7.png,3.0,414,20.333333333333332,757.6666666666666
nasa_image_7.png,52.0,9779,99.5576923076923,764.4038461538462
nasa_image_7.png,60.0,10930,132.9,764.8833333333333
nasa_image_7.png,6.0,1073,143.5,758.0
nasa_image_7.png,1.0,133,652.0,757.0
nasa_image_7.png,53.0,10012,45.867924528301884,762.6603773584906
nasa_image_7.png,52.0,9507,89.48076923076923,764.0769230769231
nasa_image_7.png,1.0,129,529.0,758.0
nasa_image_7.png,10.0,1844,1028.8,759.0
nasa_image_7.png,5.0,997,1164.8,759.4
nasa_image_7.png,1.0,133,707.0,761.0
nasa_image_7.png,44.0,7967,56.5,765.7727272727273
nasa_image_7.png,58.0,10587,65.98275862068965,766.948275862069
nasa_image_7.png,44.0,7955,75.5,765.7727272727273
nasa_image_7.png,42.0,7676,109.45238095238095,766.3571428571429
nasa_image_7.png,72.0,12937,121.59722222222223,765.8888888888889
nasa_image_7.png,46.0,8254,142.6086956521739,766.0
nasa_image_7.png,2.0,376,1088.5,763.0
nasa_image_7.png,2.0,326,13.0,764.5
nasa_image_7.png,1.0,132,1153.0,764.0
nasa_image_7.png,1.0,162,379.0,766.0
nasa_image_7.png,2.0,339,516.5,766.0
nasa_image_7.png,6.0,1053,553.1666666666666,766.8333333333334
nasa_image_7.png,1.0,131,1061.0,766.0
nasa_image_7.png,1.0,147,1113.0,766.0
nasa_image_7.png,4.0,665,922.5,767.5
nasa_image_7.png,173.0,32338,25.473988439306357,775.6589595375723
nasa_image_7.png,1.0,196,463.0,770.0
nasa_image_7.png,4.0,729,932.5,770.5
nasa_image_7.png,1.0,138,478.0,771.0
nasa_image_7.png,1.0,169,577.0,772.0
nasa_image_7.png,4.0,622,91.5,773.5
nasa_image_7.png,1.0,160,157.0,773.0
nasa_image_7.png,1.0,171,213.0,773.0
nasa_image_7.png,3.0,484,259.3333333333333,773.6666666666666
nasa_image_7.png,1.0,136,495.0,773.0
nasa_image_7.png,2.0,322,792.0,773.5
nasa_image_7.png,2.0,329,888.0,773.5
nasa_image_7.png,2.0,309,915.5,773.0
nasa_image_7.png,1.0,133,924.0,773.0
nasa_image_7.png,1.0,152,1023.0,773.0
nasa_image_7.png,2.0,294,994.0,774.5
nasa_image_7.png,1.0,171,271.0,775.0
nasa_image_7.png,3.0,495,413.6666666666667,775.6666666666666
nasa_image_7.png,1.0,148,96.0,776.0
nasa_image_7.png,1.0,148,189.0,776.0
nasa_image_7.png,2.0,294,509.5,776.0
nasa_image_7.png,1.0,144,1093.0,776.0
nasa_image_7.png,1.0,179,182.0,777.0
nasa_image_7.png,1.0,151,657.0,777.0
nasa_image_7.png,1.0,139,1178.0,777.0
nasa_image_7.png,1.0,162,457.0,779.0
nasa_image_7.png,1.0,142,639.0,779.0
nasa_image_7.png,1.0,132,1170.0,779.0
nasa_image_7.png,2.0,302,37.0,781.5
nasa_image_7.png,1.0,175,156.0,781.0
nasa_image_7.png,1.0,164,1011.0,783.0
nasa_image_7.png,1.0,156,31.0,784.0
nasa_image_7.png,2.0,259,37.0,784.5
nasa_image_7.png,2.0,365,242.0,784.5
nasa_image_7.png,1.0,131,545.0,784.0
nasa_image_7.png,1.0,137,641.0,784.0
nasa_image_7.png,1.0,157,934.0,784.0
nasa_image_7.png,2.0,301,1143.5,784.0
nasa_image_7.png,1.0,145,157.0,785.0
nasa_image_7.png,1.0,157,883.0,785.0
nasa_image_7.png,1.0,139,6.0,786.0
nasa_image_7.png,1.0,142,407.0,786.0
nasa_image_7.png,1.0,172,581.0,786.0
nasa_image_7.png,1.0,150,1168.0,786.0
nasa_image_7.png,2.0,323,45.5,787.0
nasa_image_7.png,1.0,144,261.0,787.0
nasa_image_7.png,2.0,301,612.0,787.5
nasa_image_7.png,3.0,560,851.6666666666666,788.6666666666666
nasa_image_7.png,1.0,212,917.0,788.0
nasa_image_7.png,7.0,1224,3.4285714285714284,790.1428571428571
nasa_image_7.png,2.0,375,25.5,790.0
nasa_image_7.png,3.0,492,566.6666666666666,790.3333333333334
nasa_image_7.png,2.0,328,628.0,790.5
nasa_image_7.png,1.0,145,847.0,790.0
nasa_image_7.png,19.0,3444,1173.1052631578948,791.421052631579
nasa_image_7.png,4.0,673,735.75,792.0
nasa_image_7.png,2.0,319,477.0,792.5
nasa_image_7.png,1.0,161,770.0,792.0
nasa_image_7.png,1.0,144,991.0,792.0
nasa_image_7.png,1.0,178,1023.0,792.0
nasa_image_7.png,4.0,617,1124.5,792.5
nasa_image_7.png,5.0,821,408.6,794.2
nasa_image_7.png,4.0,675,513.75,793.75
nasa_image_7.png,1.0,164,978.0,794.0
nasa_image_7.png,1.0,129,1061.0,795.0
nasa_image_7.png,1.0,140,1171.0,796.0
nasa_image_7.png,1.0,129,300.0,797.0
nasa_image_7.png,1.0,146,874.0,797.0
nasa_image_7.png,2.0,330,1068.5,797.0
nasa_image_7.png,3.0,531,715.6666666666666,798.3333333333334
nasa_image_7.png,1.0,150,997.0,799.0
nasa_image_7.png,2.0,392,1043.5,799.0
nasa_image_8.png,66145.0,11549193,232.8937334643586,174.20935822813516
nasa_image_8.png,4.0,532,350.5,3.5
nasa_image_8.png,1.0,129,158.0,24.0
nasa_image_8.png,2.0,259,189.5,34.0
nasa_image_8.png,10.0,1341,202.3,40.2
nasa_image_8.png,1.0,129,212.0,45.0
nasa_image_8.png,6.0,794,228.66666666666666,53.5
nasa_image_8.png,42.0,5505,146.11904761904762,60.023809523809526
nasa_image_8.png,3.0,390,186.33333333333334,60.666666666666664
nasa_image_8.png,4.0,517,162.75,67.75
nasa_image_8.png,7.0,913,167.42857142857142,71.0
nasa_image_8.png,1.0,129,303.0,70.0
nasa_image_8.png,4.0,531,336.5,74.5
nasa_image_8.png,8.0,1039,131.5,77.5
nasa_image_8.png,1.0,129,138.0,79.0
nasa_image_8.png,2.0,259,132.5,82.0
nasa_image_8.png,5.0,654,142.4,83.8
nasa_image_8.png,1.0,129,116.0,103.0
nasa_image_8.png,2.0,258,121.5,104.0
nasa_image_8.png,6.0,785,120.5,108.0
nasa_image_8.png,3.0,387,125.66666666666667,107.33333333333333
nasa_image_8.png,3.0,390,379.0,126.0
nasa_image_8.png,5.0,679,342.2,135.4
nasa_image_8.png,313.0,47793,327.1757188498403,147.8849840255591
nasa_image_8.png,2.0,260,111.0,142.5
nasa_image_8.png,2.0,260,312.0,142.5
nasa_image_8.png,6.0,787,310.5,151.5
nasa_image_8.png,13.0,1725,110.38461538461539,154.53846153846155
nasa_image_8.png,3.0,391,104.0,159.0
nasa_image_8.png,41.0,5428,110.90243902439025,167.2439024390244
nasa_image_8.png,30.0,4068,327.4,168.16666666666666
nasa_image_8.png,12.0,1628,324.4166666666667,179.25
nasa_image_8.png,1.0,131,329.0,178.0
nasa_image_8.png,2.0,261,324.5,186.0
nasa_image_8.png,1.0,130,362.0,191.0
nasa_image_8.png,2.0,265,320.0,194.5
nasa_image_8.png,3.0,387,101.0,201.0
nasa_image_8.png,2.0,263,317.0,202.5
nasa_image_8.png,1.0,129,321.0,203.0
nasa_image_8.png,5.0,650,104.4,208.8
nasa_image_8.png,3.0,407,313.6666666666667,220.66666666666666
nasa_image_8.png,25.0,3658,354.44,223.44
nasa_image_8.png,1.0,129,339.0,242.0
nasa_image_8.png,1.0,129,359.0,244.0
nasa_image_8.png,8.0,1110,222.625,254.625
nasa_image_8.png,27.0,3683,236.55555555555554,263.962962962963
nasa_image_8.png,35.0,5087,219.28571428571428,266.0
nasa_image_8.png,3.0,425,219.0,272.0
nasa_image_8.png,1.0,130,332.0,274.0
nasa_image_8.png,1.0,129,316.0,282.0
nasa_image_8.png,1.0,130,205.0,283.0
nasa_image_8.png,8.0,1061,315.25,288.625
nasa_image_8.png,12.0,1593,250.5,367.9166666666667
nasa_image_8.png,8.0,1074,228.75,377.625
nasa_image_8.png,3.0,389,220.33333333333334,381.3333333333333
nasa_image_8.png,3.0,394,215.66666666666666,384.0
nasa_image_8.png,7.0,936,209.28571428571428,386.42857142857144
nasa_image_8.png,4.0,516,130.0,387.5
nasa_image_8.png,1.0,129,188.0,387.0
nasa_image_8.png,24.0,3171,138.16666666666666,390.3333333333333
nasa_image_8.png,48.0,6392,156.97916666666666,395.0833333333333
nasa_image_8.png,9.0,1187,189.66666666666666,399.77777777777777
nasa_image_8.png,51.0,6834,164.23529411764707,403.6862745098039
nasa_image_8.png,11.0,1461,183.72727272727272,402.3636363636364
nasa_image_8.png,47.0,6196,151.14893617021278,406.70212765957444
nasa_image_8.png,1.0,129,178.0,405.0
nasa_image_8.png,1.0,129,171.0,406.0
nasa_image_8.png,2.0,259,175.0,406.5
nasa_image_9.png,394.0,63266,1045.1243654822335,348.7284263959391
nasa_image_9.png,22891.0,4740292,251.48027609104014,440.6126425232624
nasa_image_9.png,51.0,7612,774.7843137254902,345.6862745098039
nasa_image_9.png,43.0,6858,790.6976744186046,345.74418604651163
nasa_image_9.png,19.0,2841,808.2631578947369,345.2631578947368
nasa_image_9.png,7.0,1065,822.7142857142857,345.0
nasa_image_9.png,19.0,2685,832.8421052631579,345.7368421052632
nasa_image_9.png,3.0,429,817.0,345.0
nasa_image_9.png,1.0,148,840.0,345.0
nasa_image_9.png,16.0,2417,848.9375,345.3125
nasa_image_9.png,4.0,558,856.5,345.5
nasa_image_9.png,7.0,1015,865.8571428571429,346.2857142857143
nasa_image_9.png,2.0,271,765.5,347.0
nasa_image_9.png,7.0,1069,820.7142857142857,348.85714285714283
nasa_image_9.png,1.0,135,827.0,348.0
nasa_image_9.png,5.0,687,869.2,348.8
nasa_image_9.png,1.0,129,916.0,348.0
nasa_image_9.png,1.0,130,925.0,349.0
nasa_image_9.png,1.0,131,715.0,352.0
nasa_image_9.png,7.0,997,989.7142857142857,352.42857142857144
nasa_image_9.png,1.0,137,734.0,354.0
nasa_image_9.png,3.0,417,753.6666666666666,354.3333333333333
nasa_image_9.png,5.0,699,1018.8,355.4
nasa_image_9.png,2.0,263,1031.5,357.0
nasa_image_9.png,5.0,712,672.6,358.6
nasa_image_9.png,1.0,133,648.0,361.0
nasa_image_9.png,1.0,130,648.0,364.0
nasa_image_9.png,8.0,1197,618.375,369.125
nasa_image_9.png,4.0,604,651.5,369.5
nasa_image_9.png,3.0,424,548.0,372.0
nasa_image_9.png,2.0,264,603.5,372.0
nasa_image_9.png,1.0,130,551.0,374.0
nasa_image_9.png,4.0,556,557.0,379.5
nasa_image_9.png,3.0,410,530.6666666666666,381.6666666666667
nasa_image_9.png,11.0,1600,487.09090909090907,386.90909090909093
nasa_image_9.png,3.0,416,486.0,391.6666666666667
nasa_image_9.png,9.0,1673,428.44444444444446,393.8888888888889
nasa_image_9.png,4.0,517,496.5,393.5
nasa_image_9.png,22.0,3822,436.6363636363636,396.1363636363636
nasa_image_9.png,1.0,130,497.0,396.0
nasa_image_9.png,2.0,280,408.5,397.0
nasa_image_9.png,4.0,557,468.5,397.5
nasa_image_9.png,11.0,1654,401.0,399.3636363636364
nasa_image_9.png,1.0,136,423.0,398.0
nasa_image_9.png,6.0,908,441.5,399.5
nasa_image_9.png,2.0,273,456.5,399.0
nasa_image_9.png,24.0,4094,404.4583333333333,402.2083333333333
nasa_image_9.png,5.0,690,456.0,402.4
nasa_image_9.png,21.0,3135,389.1904761904762,405.76190476190476
nasa_image_9.png,19.0,3028,377.36842105263156,408.57894736842104
nasa_image_9.png,3.0,468,423.6666666666667,406.6666666666667
nasa_image_9.png,2.0,272,362.5,410.0
nasa_image_9.png,6.0,905,406.5,410.5
nasa_image_9.png,20.0,2960,362.05,413.9
nasa_image_9.png,7.0,1055,400.7142857142857,412.57142857142856
nasa_image_9.png,3.0,409,381.0,413.0
nasa_image_9.png,1.0,133,405.0,415.0
nasa_image_9.png,18.0,2991,358.3888888888889,418.55555555555554
nasa_image_9.png,15.0,2424,391.0,418.6
nasa_image_9.png,4.0,533,315.5,419.5
nasa_image_9.png,1.0,138,398.0,420.0
nasa_image_9.png,7.0,1107,323.2857142857143,421.57142857142856
nasa_image_9.png,1.0,134,399.0,422.0
nasa_image_9.png,1.0,136,370.0,423.0
nasa_image_9.png,14.0,1955,351.35714285714283,425.14285714285717
nasa_image_9.png,5.0,833,402.8,426.4
nasa_image_9.png,77.0,11808,329.87012987012986,431.987012987013
nasa_image_9.png,16.0,2701,353.3125,429.8125
nasa_image_9.png,1.0,130,340.0,432.0
nasa_image_9.png,1.0,134,315.0,433.0
nasa_image_9.png,3.0,421,354.3333333333333,434.6666666666667
nasa_image_9.png,3.0,409,332.6666666666667,435.3333333333333
nasa_image_9.png,3.0,438,342.0,435.0
nasa_image_9.png,1.0,130,335.0,438.0
nasa_image_9.png,4.0,540,317.0,446.5
nasa_image_9.png,16.0,2454,282.0625,449.0625
nasa_image_9.png,8.0,1174,264.125,451.25
nasa_image_9.png,188.0,30004,242.81914893617022,463.2340425531915
nasa_image_9.png,106.0,18005,291.311320754717,458.7169811320755
nasa_image_9.png,27.0,4592,275.8888888888889,456.55555555555554
nasa_image_9.png,1.0,131,279.0,461.0
nasa_image_9.png,4.0,590,274.0,463.5
nasa_image_9.png,278.0,46821,178.6294964028777,479.1294964028777
nasa_image_9.png,26.0,4116,286.2692307692308,468.0769230769231
nasa_image_9.png,26.0,3633,221.65384615384616,471.84615384615387
nasa_image_9.png,10.0,1516,289.8,472.0
nasa_image_9.png,41.0,6144,224.4878048780488,478.7317073170732
nasa_image_9.png,2.0,267,203.5,473.0
nasa_image_9.png,5.0,709,198.6,480.2
nasa_image_9.png,2.0,275,214.5,479.0
nasa_image_9.png,3.0,412,216.0,481.3333333333333
nasa_image_9.png,6.0,823,169.0,482.5
nasa_image_9.png,1.0,129,204.0,482.0
nasa_image_9.png,4.0,539,224.5,485.5
nasa_image_9.png,4.0,701,199.5,488.5
nasa_image_9.png,5.0,704,236.2,488.6
nasa_image_9.png,56.0,9780,195.98214285714286,495.07142857142856
nasa_image_9.png,4.0,597,216.5,491.5
nasa_image_9.png,5.0,724,169.8,497.4
nasa_image_9.png,2.0,267,228.5,497.0
nasa_image_9.png,3.0,409,176.0,498.3333333333333
nasa_image_9.png,32.0,5228,128.03125,509.28125
nasa_image_9.png,14.0,2073,136.64285714285714,511.57142857142856
nasa_image_9.png,4.0,564,167.5,512.5
nasa_image_9.png,15.0,2091,142.86666666666667,515.2666666666667
nasa_image_9.png,5.0,766,124.8,516.6
nasa_image_9.png,39.0,6737,109.35897435897436,520.1538461538462
nasa_image_9.png,5.0,736,128.2,518.6
nasa_image_9.png,7.0,1047,138.71428571428572,519.5714285714286
nasa_image_9.png,7.0,1038,120.57142857142857,524.1428571428571
nasa_image_9.png,2.0,294,125.5,526.0
nasa_image_9.png,4.0,593,131.0,526.5
nasa_image_9.png,50.0,9393,97.94,531.24
nasa_image_9.png,2.0,284,133.5,528.0
nasa_image_9.png,23.0,3591,49.30434782608695,536.695652173913
nasa_image_9.png,44.0,7023,56.31818181818182,539.3409090909091
nasa_image_9.png,1.0,129,122.0,536.0
nasa_image_9.png,13.0,2061,101.0,539.2307692307693
nasa_image_9.png,11.0,1751,34.72727272727273,539.9090909090909
nasa_image_9.png,4.0,604,64.0,539.5
nasa_image_9.png,13.0,1893,71.3076923076923,540.4615384615385
nasa_image_9.png,83.0,14836,85.3132530120482,546.2409638554217
nasa_image_9.png,85.0,14304,44.8235294117647,547.3058823529411
nasa_image_9.png,9.0,1277,61.0,547.6666666666666
nasa_image_9.png,2.0,262,66.5,547.0
nasa_image_9.png,3.0,409,31.333333333333332,550.3333333333334
nasa_image_9.png,1.0,132,66.0,550.0
nasa_image_9.png,3.0,470,100.33333333333333,550.3333333333334
nasa_image_9.png,1.0,136,29.0,557.0
nasa_image_9.png,8.0,1290,60.25,557.875
nasa_image_9.png,2.0,287,35.5,558.0
nasa_image_9.png,41.0,6097,35.02439024390244,565.829268292683
nasa_image_9.png,64.0,11851,5.203125,566.6875
nasa_image_9.png,5.0,702,40.8,573.6
nasa_image_9.png,4.0,577,16.0,574.5
nasa_image_9.png,2.0,266,37.0,576.5
nasa_image_9.png,5.0,760,47.2,578.2
nasa_image_9.png,52.0,10047,4.4423076923076925,583.5576923076923
